-- MySQL Script generated by MySQL Workbench
-- Tue Oct 23 18:10:16 2018
-- Model: New Model    Version: 1.0
-- MySQL Workbench Forward Engineering

SET @OLD_UNIQUE_CHECKS=@@UNIQUE_CHECKS, UNIQUE_CHECKS=0;
SET @OLD_FOREIGN_KEY_CHECKS=@@FOREIGN_KEY_CHECKS, FOREIGN_KEY_CHECKS=0;
SET @OLD_SQL_MODE=@@SQL_MODE, SQL_MODE='ONLY_FULL_GROUP_BY,STRICT_TRANS_TABLES,NO_ZERO_IN_DATE,NO_ZERO_DATE,ERROR_FOR_DIVISION_BY_ZERO,NO_ENGINE_SUBSTITUTION';

-- -----------------------------------------------------
-- Schema AbpBase
-- -----------------------------------------------------
DROP SCHEMA IF EXISTS `AbpBase` ;

-- -----------------------------------------------------
-- Schema AbpBase
-- -----------------------------------------------------
CREATE SCHEMA IF NOT EXISTS `AbpBase` DEFAULT CHARACTER SET utf8 ;
USE `AbpBase` ;

GRANT USAGE ON * . * TO `user`@`localhost`;
	DROP USER `user`@`localhost`;


CREATE USER IF NOT EXISTS `user`@`localhost` IDENTIFIED BY 'pass';
GRANT USAGE ON *.* TO `user`@`localhost` REQUIRE NONE WITH MAX_QUERIES_PER_HOUR 0 MAX_CONNECTIONS_PER_HOUR 0 MAX_UPDATES_PER_HOUR 0 MAX_USER_CONNECTIONS 0;
GRANT ALL PRIVILEGES ON `abpbase`.* TO `user`@`localhost` WITH GRANT OPTION;

-- -----------------------------------------------------
-- Table `AbpBase`.`Pista`
-- -----------------------------------------------------
DROP TABLE IF EXISTS `AbpBase`.`Pista` ;

CREATE TABLE IF NOT EXISTS `AbpBase`.`Pista` (
  `idPista` INT NOT NULL,
  `Fecha` DATE NOT NULL,
  `Hora` TIME NOT NULL,
  `Disponibilidad` TINYINT NOT NULL,
  PRIMARY KEY (`idPista`, `Fecha`, `Hora`))
ENGINE = InnoDB;


-- -----------------------------------------------------
-- Table `AbpBase`.`Usuario`
-- -----------------------------------------------------
DROP TABLE IF EXISTS `AbpBase`.`Usuario` ;

CREATE TABLE IF NOT EXISTS `AbpBase`.`Usuario` (
  `Dni` VARCHAR(12) NOT NULL,
  `Login` VARCHAR(25) NOT NULL,
  `Password` VARCHAR(128) NOT NULL,
  `Nombre` VARCHAR(30) NOT NULL,
  `Apellidos` VARCHAR(45) NOT NULL,
  `Sexo` VARCHAR(6) CHARACTER SET 'armscii8' NOT NULL,
  `Tipo` VARCHAR(12) NOT NULL,
  `Telefono` VARCHAR(14) NOT NULL,
  PRIMARY KEY (`Dni`),
  UNIQUE INDEX `Login_UNIQUE` (`Login` ASC) )
ENGINE = InnoDB;



-- -----------------------------------------------------
-- Table `AbpBase`.`Campeonato`
-- -----------------------------------------------------
DROP TABLE IF EXISTS `AbpBase`.`Campeonato` ;

CREATE TABLE IF NOT EXISTS `AbpBase`.`Campeonato` (
  `IdCampeonato` INT NOT NULL,
  `FechaIni` DATE NOT NULL,
  `HoraIni` TIME NOT NULL,
  `FechaFin` DATE NOT NULL,
  `HoraFin` TIME NOT NULL,
  PRIMARY KEY (`IdCampeonato`))
ENGINE = InnoDB;


-- -----------------------------------------------------
-- Table `AbpBase`.`Categoría`
-- -----------------------------------------------------
DROP TABLE IF EXISTS `AbpBase`.`Categoria` ;

CREATE TABLE IF NOT EXISTS `AbpBase`.`Categoria` (
  `IdCampeonato` INT NOT NULL,
  `Tipo` VARCHAR(10) NOT NULL,
  `Nivel` INT NOT NULL,
  PRIMARY KEY (`IdCampeonato`, `Tipo`, `Nivel`),
  CONSTRAINT `fk_cat_campeonato`
    FOREIGN KEY (`IdCampeonato`)
    REFERENCES `AbpBase`.`Campeonato` (`IdCampeonato`)
    ON DELETE NO ACTION
    ON UPDATE NO ACTION)
ENGINE = InnoDB;


-- -----------------------------------------------------
-- Table `AbpBase`.`Pareja`
-- -----------------------------------------------------
DROP TABLE IF EXISTS `AbpBase`.`Pareja` ;

CREATE TABLE IF NOT EXISTS `AbpBase`.`Pareja` (
  `idCampeonato` INT NOT NULL,
  `Tipo` VARCHAR(10) NOT NULL,
  `Nivel` INT NOT NULL,
  `NumPareja` INT NOT NULL,
  `Capitan` VARCHAR(12) NOT NULL,
  PRIMARY KEY (`idCampeonato`, `Tipo`, `Nivel`, `NumPareja`),
  CONSTRAINT `fk_par_cat`
    FOREIGN KEY (`idCampeonato` , `Tipo` , `Nivel`)
    REFERENCES `AbpBase`.`Categoria` (`IdCampeonato` , `Tipo` , `Nivel`)
    ON DELETE NO ACTION
    ON UPDATE NO ACTION)
ENGINE = InnoDB;


-- -----------------------------------------------------
-- Table `AbpBase`.`Grupo`
-- -----------------------------------------------------
DROP TABLE IF EXISTS `AbpBase`.`Grupo` ;

CREATE TABLE IF NOT EXISTS `AbpBase`.`Grupo` (
  `IdCampeonato` INT NOT NULL,
  `Tipo` VARCHAR(10) NOT NULL,
  `Nivel` INT NOT NULL,
  `Letra` CHAR NOT NULL,
  PRIMARY KEY (`IdCampeonato`, `Tipo`, `Nivel`, `Letra`),
  CONSTRAINT `fk_cat_grupo`
    FOREIGN KEY (`IdCampeonato` , `Tipo` , `Nivel`)
    REFERENCES `AbpBase`.`Categoria` (`IdCampeonato` , `Tipo` , `Nivel`)
    ON DELETE NO ACTION
    ON UPDATE NO ACTION)
ENGINE = InnoDB;


-- -----------------------------------------------------
-- Table `AbpBase`.`Partido`
-- -----------------------------------------------------
DROP TABLE IF EXISTS `AbpBase`.`Partido` ;

CREATE TABLE IF NOT EXISTS `AbpBase`.`Partido` (
  `IdCampeonato` INT NOT NULL,
  `Tipo` VARCHAR(10) NOT NULL,
  `Nivel` INT NOT NULL,
  `Grupo_Letra` CHAR NOT NULL,
  `NumEnfrentamiento` INT NOT NULL,
  `Fecha` DATE NULL,
  `Hora` TIME NULL,
  PRIMARY KEY (`IdCampeonato`, `Tipo`, `Nivel`, `Grupo_Letra`, `NumEnfrentamiento`),
  CONSTRAINT `fk_partido_grupo`
    FOREIGN KEY (`IdCampeonato` , `Tipo` , `Nivel` , `Grupo_Letra`)
    REFERENCES `AbpBase`.`Grupo` (`IdCampeonato` , `Tipo` , `Nivel` , `Letra`)
    ON DELETE NO ACTION
    ON UPDATE NO ACTION)
ENGINE = InnoDB;


-- -----------------------------------------------------
-- Table `AbpBase`.`Promociones`
-- -----------------------------------------------------
DROP TABLE IF EXISTS `AbpBase`.`Promociones` ;

CREATE TABLE IF NOT EXISTS `AbpBase`.`Promociones` (
  `Fecha` DATE NOT NULL,
  `Hora` TIME NOT NULL,
  PRIMARY KEY (`Fecha`, `Hora`))
ENGINE = InnoDB;


-- -----------------------------------------------------
-- Table `AbpBase`.`InscripcionPromociones`
-- -----------------------------------------------------
DROP TABLE IF EXISTS `AbpBase`.`InscripcionPromociones` ;

CREATE TABLE IF NOT EXISTS `AbpBase`.`InscripcionPromociones` (
  `Usuario_Dni` VARCHAR(12) NOT NULL,
  `Promociones_Fecha` DATE NOT NULL,
  `Promociones_Hora` TIME NOT NULL,
  PRIMARY KEY (`Usuario_Dni`, `Promociones_Fecha`, `Promociones_Hora`),
  INDEX `fk_Usuario_has_Promociones_Promociones1_idx` (`Promociones_Fecha` ASC, `Promociones_Hora` ASC) ,
  INDEX `fk_Usuario_has_Promociones_Usuario1_idx` (`Usuario_Dni` ASC) ,
  CONSTRAINT `fk_Usuario_has_Promociones_Usuario1`
    FOREIGN KEY (`Usuario_Dni`)
    REFERENCES `AbpBase`.`Usuario` (`Dni`)
    ON DELETE NO ACTION
    ON UPDATE NO ACTION,
  CONSTRAINT `fk_Usuario_has_Promociones_Promociones1`
    FOREIGN KEY (`Promociones_Fecha` , `Promociones_Hora`)
    REFERENCES `AbpBase`.`Promociones` (`Fecha` , `Hora`)
    ON DELETE NO ACTION
    ON UPDATE NO ACTION)
ENGINE = InnoDB;


-- -----------------------------------------------------
-- Table `AbpBase`.`UsuarioParejas`
-- -----------------------------------------------------
DROP TABLE IF EXISTS `AbpBase`.`UsuarioParejas` ;

CREATE TABLE IF NOT EXISTS `AbpBase`.`UsuarioParejas` (
  `Usuario_Dni` VARCHAR(12) NOT NULL,
  `Pareja_idCampeonato` INT NOT NULL,
  `Pareja_Tipo` VARCHAR(10) NOT NULL,
  `Pareja_Nivel` INT NOT NULL,
  `Pareja_NumPareja` INT NOT NULL,
  PRIMARY KEY (`Usuario_Dni`, `Pareja_idCampeonato`, `Pareja_Tipo`, `Pareja_Nivel`, `Pareja_NumPareja`),
  INDEX `fk_Usuario_has_Pareja_Pareja1_idx` (`Pareja_idCampeonato` ASC, `Pareja_Tipo` ASC, `Pareja_Nivel` ASC, `Pareja_NumPareja` ASC) ,
  INDEX `fk_Usuario_has_Pareja_Usuario1_idx` (`Usuario_Dni` ASC) ,
  CONSTRAINT `fk_Usuario_has_Pareja_Usuario1`
    FOREIGN KEY (`Usuario_Dni`)
    REFERENCES `AbpBase`.`Usuario` (`Dni`)
    ON DELETE NO ACTION
    ON UPDATE NO ACTION,
  CONSTRAINT `fk_Usuario_has_Pareja_Pareja1`
    FOREIGN KEY (`Pareja_idCampeonato` , `Pareja_Tipo` , `Pareja_Nivel` , `Pareja_NumPareja`)
    REFERENCES `AbpBase`.`Pareja` (`idCampeonato` , `Tipo` , `Nivel` , `NumPareja`)
    ON DELETE NO ACTION
    ON UPDATE NO ACTION)
ENGINE = InnoDB;


-- -----------------------------------------------------
-- Table `AbpBase`.`Enfrentamiento`
-- -----------------------------------------------------
DROP TABLE IF EXISTS `AbpBase`.`Enfrentamiento` ;

CREATE TABLE IF NOT EXISTS `AbpBase`.`Enfrentamiento` (
  `IdCampeonato` INT NOT NULL,
  `Tipo` VARCHAR(10) NOT NULL,
  `Nivel` INT NOT NULL,
  `Letra` CHAR NOT NULL,
  `NumEnfrentamiento` INT NOT NULL,
  `NumPareja` INT NOT NULL,
  `Resultado` VARCHAR(25) NULL,
  `EstadoPropuesta` INT NOT NULL,
  PRIMARY KEY (`IdCampeonato`, `Tipo`, `Nivel`, `Letra`, `NumEnfrentamiento`, `NumPareja`),
  INDEX `fk_Pareja_has_Partido_Pareja1_idx` (`IdCampeonato` ASC, `Tipo` ASC, `Nivel` ASC, `NumPareja` ASC) ,
  CONSTRAINT `fk_Pareja_has_Partido_Pareja1`
    FOREIGN KEY (`IdCampeonato` , `Tipo` , `Nivel` , `NumPareja`)
    REFERENCES `AbpBase`.`Pareja` (`idCampeonato` , `Tipo` , `Nivel` , `NumPareja`)
    ON DELETE NO ACTION
    ON UPDATE NO ACTION,
  CONSTRAINT `fk_Pareja_has_Partido_Partido1`
    FOREIGN KEY (`IdCampeonato` , `Tipo` , `Nivel` , `Letra` , `NumEnfrentamiento`)
    REFERENCES `AbpBase`.`Partido` (`IdCampeonato` , `Tipo` , `Nivel` , `Grupo_Letra` , `NumEnfrentamiento`)
    ON DELETE NO ACTION
    ON UPDATE NO ACTION)
ENGINE = InnoDB;


-- -----------------------------------------------------
-- Table `AbpBase`.`Reserva`
-- -----------------------------------------------------
DROP TABLE IF EXISTS `AbpBase`.`Reserva` ;

CREATE TABLE IF NOT EXISTS `AbpBase`.`Reserva` (
  `Usuario_Dni` VARCHAR(12) NOT NULL,
  `Pista_idPista` INT NOT NULL,
  `Pista_Fecha` DATE NOT NULL,
  `Pista_Hora` TIME NOT NULL,
  PRIMARY KEY (`Usuario_Dni`, `Pista_idPista`, `Pista_Fecha`, `Pista_Hora`),
  INDEX `fk_Usuario_has_Pista_Pista1_idx` (`Pista_idPista` ASC, `Pista_Fecha` ASC, `Pista_Hora` ASC) ,
  INDEX `fk_Usuario_has_Pista_Usuario1_idx` (`Usuario_Dni` ASC) ,
  CONSTRAINT `fk_Usuario_has_Pista_Usuario1`
    FOREIGN KEY (`Usuario_Dni`)
    REFERENCES `AbpBase`.`Usuario` (`Dni`)
    ON DELETE NO ACTION
    ON UPDATE NO ACTION,
  CONSTRAINT `fk_Usuario_has_Pista_Pista1`
    FOREIGN KEY (`Pista_idPista` , `Pista_Fecha` , `Pista_Hora`)
    REFERENCES `AbpBase`.`Pista` (`idPista` , `Fecha` , `Hora`)
    ON DELETE NO ACTION
    ON UPDATE NO ACTION)
ENGINE = InnoDB;

USE `AbpBase` ;

-- -----------------------------------------------------
-- Placeholder table for view `AbpBase`.`Clasificacion`
-- -----------------------------------------------------
CREATE TABLE IF NOT EXISTS `AbpBase`.`Clasificacion` (`IdCampeonato` INT, `Tipo` INT, `Nivel` INT, `Letra` INT, `Login` INT);

-- -----------------------------------------------------
-- View `AbpBase`.`Clasificacion`
-- -----------------------------------------------------
DROP TABLE IF EXISTS `AbpBase`.`Clasificacion`;
DROP VIEW IF EXISTS `AbpBase`.`Clasificacion` ;
USE `AbpBase`;
CREATE OR REPLACE VIEW `Clasificacion` AS select E.IdCampeonato,E.Tipo,E.Nivel,E.Letra,E.NumEnfrentamiento,E.NumPareja,U.Login 
from Enfrentamiento E, UsuarioParejas UP, Usuario U 
where UP.Pareja_idCampeonato = E.IdCampeonato AND UP.Pareja_Tipo=E.Tipo AND UP.Pareja_Nivel=E.Nivel AND UP.Pareja_NumPareja=E.NumPareja AND U.Dni=UP.Usuario_Dni;



--
-- Volcado de datos para la tabla `categoria`
--
INSERT INTO `categoria` (`IdCampeonato`, `Tipo`, `Nivel`) VALUES
(1, 'Femenino', 1),
(2, 'Femenino', 1),
(3, 'Masculino', 1);


--
-- Volcado de datos para la tabla `grupo`
--
/*
INSERT INTO `grupo` (`IdCampeonato`, `Tipo`, `Nivel`, `Letra`) VALUES
(3, 'Masculino', 1, 'A');
*/
--
-- Volcado de datos para la tabla `pareja`
--

INSERT INTO `pareja` (`idCampeonato`, `Tipo`, `Nivel`, `NumPareja`, `Capitan`) VALUES
(3, 'Masculino', 1, 1, 'a'),
(3, 'Masculino', 1, 2, 'c'),
(3, 'Masculino', 1, 3, 'e'),
(3, 'Masculino', 1, 4, 'avcid0'),
(3, 'Masculino', 1, 5, 'avcid2'),
(3, 'Masculino', 1, 6, 'avcid5'),
(3, 'Masculino', 1, 7, 'avcid7'),
(3, 'Masculino', 1, 8, 'avcid9'),
(3, 'Masculino', 1, 9, 'usuario1'),
(3, 'Masculino', 1, 10, 'usuario3'),
(3, 'Masculino', 1, 11, 'usuario5'),
(3, 'Masculino', 1, 12, 'usuario7'),
(3, 'Masculino', 1, 13, 'usuario9'),
(3, 'Masculino', 1, 14, 'usuario11'),
(3, 'Masculino', 1, 15, 'usuario13'),
(3, 'Masculino', 1, 16, 'usuario16'),
(3, 'Masculino', 1, 17, 'usuario18'),
(3, 'Masculino', 1, 18, 'usuario20'),
(3, 'Masculino', 1, 19, 'usuario22'),
(3, 'Masculino', 1, 20, 'usuario24'),
(3, 'Masculino', 1, 21, 'usuario26'),
(3, 'Masculino', 1, 22, 'usuario28'),
(3, 'Masculino', 1, 23, 'usuario30'),
(3, 'Masculino', 1, 24, 'usuario32'),
(3, 'Masculino', 1, 25, 'usuario34'),
(3, 'Masculino', 1, 26, 'usuario36'),
(3, 'Masculino', 1, 27, 'usuario38'),
(3, 'Masculino', 1, 28, 'usuario40'),
(3, 'Masculino', 1, 29, 'usuario43'),
(3, 'Masculino', 1, 30, 'usuario45'),
(3, 'Masculino', 1, 31, 'usuario47'),
(3, 'Masculino', 1, 32, 'usuario49'),
(3, 'Masculino', 1, 33, 'usuario51'),
(3, 'Masculino', 1, 34, 'usuario53'),
(3, 'Masculino', 1, 35, 'usuario55'),
(3, 'Masculino', 1, 36, 'usuario57'),
(3, 'Masculino', 1, 37, 'usuario59'),
(3, 'Masculino', 1, 38, 'usuario61'),
(3, 'Masculino', 1, 39, 'usuario63'),
(3, 'Masculino', 1, 40, 'usuario65'),
(3, 'Masculino', 1, 41, 'usuario67'),
(3, 'Masculino', 1, 42, 'usuario70'),
(3, 'Masculino', 1, 43, 'usuario72'),
(3, 'Masculino', 1, 44, 'usuario74'),
(3, 'Masculino', 1, 45, 'usuario76'),
(3, 'Masculino', 1, 46, 'usuario78'),
(3, 'Masculino', 1, 47, 'usuario80'),
(3, 'Masculino', 1, 48, 'usuario82'),
(3, 'Masculino', 1, 49, 'usuario84'),
(3, 'Masculino', 1, 50, 'usuario86'),
(3, 'Masculino', 1, 51, 'usuario88'),
(3, 'Masculino', 1, 52, 'usuario90'),
(3, 'Masculino', 1, 53, 'usuario92'),
(3, 'Masculino', 1, 54, 'usuario94'),
(3, 'Masculino', 1, 55, 'usuario97'),
(3, 'Masculino', 1, 56, 'usuario99'),
(3, 'Masculino', 1, 57, 'usuario101'),
(3, 'Masculino', 1, 58, 'usuario103'),
(3, 'Masculino', 1, 59, 'usuario105'),
(3, 'Masculino', 1, 60, 'usuario107'),
(3, 'Masculino', 1, 61, 'usuario109'),
(3, 'Masculino', 1, 62, 'usuario111'),
(3, 'Masculino', 1, 63, 'usuario113'),
(3, 'Masculino', 1, 64, 'usuario115'),
(3, 'Masculino', 1, 65, 'usuario117'),
(3, 'Masculino', 1, 66, 'usuario119'),
(3, 'Masculino', 1, 67, 'usuario121'),
(3, 'Masculino', 1, 68, 'usuario123'),
(3, 'Masculino', 1, 69, 'usuario125'),
(3, 'Masculino', 1, 70, 'usuario127'),
(3, 'Masculino', 1, 71, 'usuario129'),
(3, 'Masculino', 1, 72, 'usuario131'),
(3, 'Masculino', 1, 73, 'usuario133'),
(3, 'Masculino', 1, 74, 'usuario135'),
(3, 'Masculino', 1, 75, 'usuario137'),
(3, 'Masculino', 1, 76, 'usuario139'),
(3, 'Masculino', 1, 77, 'usuario141'),
(3, 'Masculino', 1, 78, 'usuario143'),
(3, 'Masculino', 1, 79, 'usuario145'),
(3, 'Masculino', 1, 80, 'usuario147'),
(3, 'Masculino', 1, 81, 'usuario149'),
(3, 'Masculino', 1, 82, 'usuario151'),
(3, 'Masculino', 1, 83, 'usuario153'),
(3, 'Masculino', 1, 84, 'usuario155'),
(3, 'Masculino', 1, 85, 'usuario157'),
(3, 'Masculino', 1, 86, 'usuario159'),
(3, 'Masculino', 1, 87, 'usuario161'),
(3, 'Masculino', 1, 88, 'usuario163'),
(3, 'Masculino', 1, 89, 'usuario165'),
(3, 'Masculino', 1, 90, 'usuario167'),
(3, 'Masculino', 1, 91, 'usuario169'),
(3, 'Masculino', 1, 92, 'usuario171'),
(3, 'Masculino', 1, 93, 'usuario173'),
(3, 'Masculino', 1, 94, 'usuario175'),
(3, 'Masculino', 1, 95, 'usuario177'),
(3, 'Masculino', 1, 96, 'usuario179');
/*,
(3, 'Masculino', 1, 97, 'usuario181'),
(3, 'Masculino', 1, 98, 'usuario183'),
(3, 'Masculino', 1, 99, 'usuario185'),
(3, 'Masculino', 1, 100, 'usuario187'),
(3, 'Masculino', 1, 101, 'usuario189'),
(3, 'Masculino', 1, 102, 'usuario191'),
(3, 'Masculino', 1, 103, 'usuario193'),
(3, 'Masculino', 1, 104, 'usuario195'),
(3, 'Masculino', 1, 105, 'usuario197'),
(3, 'Masculino', 1, 106, 'usuario199'),
(3, 'Masculino', 1, 107, 'usuario201'),
(3, 'Masculino', 1, 108, 'usuario203'),
(3, 'Masculino', 1, 109, 'usuario205'),
(3, 'Masculino', 1, 110, 'usuario207'),
(3, 'Masculino', 1, 111, 'usuario209'),
(3, 'Masculino', 1, 112, 'usuario211');
*/


--
-- Volcado de datos para la tabla `partido`
--
/*
INSERT INTO `partido` (`IdCampeonato`, `Tipo`, `Nivel`, `Grupo_Letra`, `NumEnfrentamiento`, `Fecha`, `Hora`) VALUES
;*/
--
-- Volcado de datos para la tabla `usuario`
--

INSERT INTO `usuario` (`Dni`, `Login`, `Password`, `Nombre`, `Apellidos`, `Sexo`, `Tipo`, `Telefono`) VALUES
('09291497A', 'davurin', '9de928ec1ef8601960385d3ef0e99940', 'David', 'Prieto Lopez', 'Hombre', 'Deportista', '443534545'),
('52349897X', 'avcid7', '0b036829dd268bbbc8d8de5687d8542d', 'Alejan', 'Vila Cid', 'Hombre', 'Deportista', '647864188'),
('52349898X', 'avcid8', '7fea9d45ba983d6ee1da12b16a8a5518', 'Alejand', 'Vila Cid', 'Hombre', 'Deportista', '647864189'),
('52349899X', 'avcid9', 'b0a8da92935e2618d7d2d1ba11b37379', 'Alejandr', 'Vila Cid', 'Hombre', 'Deportista', '647864187'),
('07971578P', 'c', '4a8a08f09d37b73795649038408b5f33', 'c', 'c', 'Hombre', 'Deportista', '999999999'),
('10880946Z', 'leile', '06d1641fd3eb1d0589a6e6c83d4992e6', 'leile', 'le lei', 'Mujer', 'Deportista', '114658797'),
('11970561G', 'f', '8fa14cdd754f91cc6554c9e71929cce7', 'f', 'f', 'Hombre', 'Deportista', '666666666'),
('23293294K', 'luilu', 'cccfea6bb17ed97626af780bd3ffa3cf', 'luilu', 'lu lui', 'Mujer', 'Deportista', '452168792'),
('44656257D', 'a', '0cc175b9c0f1b6a831c399e269772661', 'a', 'a', 'Hombre', 'Deportista', '999999999'),
('47048522K', 'e', 'e1671797c52e15f763380b45e841ec32', 'e', 'e', 'Hombre', 'Deportista', '999999999'),
('50890587M', 'mfdiaz', '54cd358904ef041d1e89b6c73cc264a2', 'Miguel', 'Ferreiro Diaz', 'Hombre', 'Deportista', '123456789'),
('52349890X', 'avcid0', '21422e4b4af71034c9231c1f92ec1cb1', 'Alejandroo', 'Vila Cid', 'Hombre', 'Deportista', '647864180'),
('52349891X', 'avcid1', '8d175e3061a0cd33408e84885fd10062', 'A', 'Vila Cid', 'Hombre', 'Deportista', '647864181'),
('52349892X', 'avcid2', 'ae0dc71cb2989e2340b3ccb6c21ed811', 'Al', 'Vila Cid', 'Hombre', 'Deportista', '647864182'),
('52349893X', 'avcid4', '392bb0835f63a7ae3b68162630db12c1', 'Ale', 'Vila Cid', 'Hombre', 'Deportista', '647864183'),
('52349894X', 'avcid5', 'abbbb5d72fc74cf61ef31a32fe85e87d', 'Alej', 'Vila Cid', 'Hombre', 'Deportista', '647864185'),
('52349895X', 'avcid6', 'da2f8e0d863644b52092f9167cccfc82', 'Aleja', 'Vila Cid', 'Hombre', 'Deportista', '647864186'),
('53042369E', 'admin', '21232f297a57a5a743894a0e4a801fc3', 'admin', 'admin', 'Hombre', 'Admin', '687654987'),
('72070206H', 'jaglez', '47747a3f07debbd856020e280fa2419e', 'Jacobo', 'Gonzalez Gonzalez', 'Hombre', 'Deportista', '765890434'),
('78490815A', 'd', '8277e0910d750195b448797616e091ad', 'd', 'd', 'Mujer', 'Deportista', '666666666'),
('78677468B', 'b', '92eb5ffee6ae2fec3ad71c777531578f', 'b', 'b', 'Mujer', 'Deportista', '999999999'),

('11111111A', 'usuario1', 'f8032d5cae3de20fcec887f395ec9a6a', 'usuario1', 'usu1 usu1', 'Hombre', 'Deportista', '654654654'),
('11111111B', 'usuario2', 'f8032d5cae3de20fcec887f395ec9a6a', 'usuario2', 'usu2 usu1', 'Hombre', 'Deportista', '654654654'),
('11111111C', 'usuario3', 'f8032d5cae3de20fcec887f395ec9a6a', 'usuario3', 'usu3 usu1', 'Hombre', 'Deportista', '654654654'),
('11111111D', 'usuario4', 'f8032d5cae3de20fcec887f395ec9a6a', 'usuario4', 'usu4 usu1', 'Hombre', 'Deportista', '654654654'),
('11111111E', 'usuario5', 'f8032d5cae3de20fcec887f395ec9a6a', 'usuario5', 'usu5 usu1', 'Hombre', 'Deportista', '654654654'),
('11111111F', 'usuario6', 'f8032d5cae3de20fcec887f395ec9a6a', 'usuario6', 'usu6 usu1', 'Hombre', 'Deportista', '654654654'),
('11111111G', 'usuario7', 'f8032d5cae3de20fcec887f395ec9a6a', 'usuario7', 'usu7 usu1', 'Hombre', 'Deportista', '654654654'),
('11111111H', 'usuario8', 'f8032d5cae3de20fcec887f395ec9a6a', 'usuario8', 'usu8 usu1', 'Hombre', 'Deportista', '654654654'),
('11111111I', 'usuario9', 'f8032d5cae3de20fcec887f395ec9a6a', 'usuario9', 'usu9 usu1', 'Hombre', 'Deportista', '654654654'),
('11111111J', 'usuario10', 'f8032d5cae3de20fcec887f395ec9a6a', 'usuario10', 'usu10 usu1', 'Hombre', 'Deportista', '654654654'),
('11111111K', 'usuario11', 'f8032d5cae3de20fcec887f395ec9a6a', 'usuario11', 'usu11 usu1', 'Hombre', 'Deportista', '654654654'),
('11111111L', 'usuario12', 'f8032d5cae3de20fcec887f395ec9a6a', 'usuario12', 'usu12 usu1', 'Hombre', 'Deportista', '654654654'),
('11111111M', 'usuario13', 'f8032d5cae3de20fcec887f395ec9a6a', 'usuario13', 'usu13 usu1', 'Hombre', 'Deportista', '654654654'),
('11111111N', 'usuario14', 'f8032d5cae3de20fcec887f395ec9a6a', 'usuario14', 'usu14 usu1', 'Hombre', 'Deportista', '654654654'),
('11111111O', 'usuario16', 'f8032d5cae3de20fcec887f395ec9a6a', 'usuario16', 'usu16 usu1', 'Hombre', 'Deportista', '654654654'),
('11111111P', 'usuario17', 'f8032d5cae3de20fcec887f395ec9a6a', 'usuario17', 'usu17 usu1', 'Hombre', 'Deportista', '654654654'),
('11111111Q', 'usuario18', 'f8032d5cae3de20fcec887f395ec9a6a', 'usuario18', 'usu18 usu1', 'Hombre', 'Deportista', '654654654'),
('11111111R', 'usuario19', 'f8032d5cae3de20fcec887f395ec9a6a', 'usuario19', 'usu19 usu1', 'Hombre', 'Deportista', '654654654'),
('11111111S', 'usuario20', 'f8032d5cae3de20fcec887f395ec9a6a', 'usuario20', 'usu20 usu1', 'Hombre', 'Deportista', '654654654'),
('11111111T', 'usuario21', 'f8032d5cae3de20fcec887f395ec9a6a', 'usuario21', 'usu21 usu1', 'Hombre', 'Deportista', '654654654'),
('11111111U', 'usuario22', 'f8032d5cae3de20fcec887f395ec9a6a', 'usuario22', 'usu22 usu1', 'Hombre', 'Deportista', '654654654'),
('11111111V', 'usuario23', 'f8032d5cae3de20fcec887f395ec9a6a', 'usuario23', 'usu23 usu1', 'Hombre', 'Deportista', '654654654'),
('11111111W', 'usuario24', 'f8032d5cae3de20fcec887f395ec9a6a', 'usuario24', 'usu24 usu1', 'Hombre', 'Deportista', '654654654'),
('11111111X', 'usuario25', 'f8032d5cae3de20fcec887f395ec9a6a', 'usuario25', 'usu25 usu1', 'Hombre', 'Deportista', '654654654'),
('11111111Y', 'usuario26', 'f8032d5cae3de20fcec887f395ec9a6a', 'usuario26', 'usu26 usu1', 'Hombre', 'Deportista', '654654654'),
('11111111Z', 'usuario27', 'f8032d5cae3de20fcec887f395ec9a6a', 'usuario27', 'usu27 usu1', 'Hombre', 'Deportista', '654654654'),

('22222222A', 'usuario28', 'f8032d5cae3de20fcec887f395ec9a6a', 'usuario28', 'usu28 usu1', 'Hombre', 'Deportista', '654654654'),
('22222222B', 'usuario29', 'f8032d5cae3de20fcec887f395ec9a6a', 'usuario29', 'usu28 usu1', 'Hombre', 'Deportista', '654654654'),
('22222222C', 'usuario30', 'f8032d5cae3de20fcec887f395ec9a6a', 'usuario30', 'usu28 usu1', 'Hombre', 'Deportista', '654654654'),
('22222222D', 'usuario31', 'f8032d5cae3de20fcec887f395ec9a6a', 'usuario31', 'usu28 usu1', 'Hombre', 'Deportista', '654654654'),
('22222222E', 'usuario32', 'f8032d5cae3de20fcec887f395ec9a6a', 'usuario32', 'usu28 usu1', 'Hombre', 'Deportista', '654654654'),
('22222222F', 'usuario33', 'f8032d5cae3de20fcec887f395ec9a6a', 'usuario33', 'usu28 usu1', 'Hombre', 'Deportista', '654654654'),
('22222222G', 'usuario34', 'f8032d5cae3de20fcec887f395ec9a6a', 'usuario34', 'usu28 usu1', 'Hombre', 'Deportista', '654654654'),
('22222222H', 'usuario35', 'f8032d5cae3de20fcec887f395ec9a6a', 'usuario35', 'usu28 usu1', 'Hombre', 'Deportista', '654654654'),
('22222222I', 'usuario36', 'f8032d5cae3de20fcec887f395ec9a6a', 'usuario36', 'usu28 usu1', 'Hombre', 'Deportista', '654654654'),
('22222222J', 'usuario37', 'f8032d5cae3de20fcec887f395ec9a6a', 'usuario37', 'usu28 usu1', 'Hombre', 'Deportista', '654654654'),
('22222222K', 'usuario38', 'f8032d5cae3de20fcec887f395ec9a6a', 'usuario38', 'usu28 usu1', 'Hombre', 'Deportista', '654654654'),
('22222222L', 'usuario39', 'f8032d5cae3de20fcec887f395ec9a6a', 'usuario39', 'usu28 usu1', 'Hombre', 'Deportista', '654654654'),
('22222222M', 'usuario40', 'f8032d5cae3de20fcec887f395ec9a6a', 'usuario40', 'usu28 usu1', 'Hombre', 'Deportista', '654654654'),
('22222222N', 'usuario41', 'f8032d5cae3de20fcec887f395ec9a6a', 'usuario41', 'usu28 usu1', 'Hombre', 'Deportista', '654654654'),
('22222222O', 'usuario43', 'f8032d5cae3de20fcec887f395ec9a6a', 'usuario43', 'usu28 usu1', 'Hombre', 'Deportista', '654654654'),
('22222222P', 'usuario44', 'f8032d5cae3de20fcec887f395ec9a6a', 'usuario44', 'usu28 usu1', 'Hombre', 'Deportista', '654654654'),
('22222222Q', 'usuario45', 'f8032d5cae3de20fcec887f395ec9a6a', 'usuario45', 'usu28 usu1', 'Hombre', 'Deportista', '654654654'),
('22222222R', 'usuario46', 'f8032d5cae3de20fcec887f395ec9a6a', 'usuario46', 'usu28 usu1', 'Hombre', 'Deportista', '654654654'),
('22222222S', 'usuario47', 'f8032d5cae3de20fcec887f395ec9a6a', 'usuario47', 'usu28 usu1', 'Hombre', 'Deportista', '654654654'),
('22222222T', 'usuario48', 'f8032d5cae3de20fcec887f395ec9a6a', 'usuario48', 'usu28 usu1', 'Hombre', 'Deportista', '654654654'),
('22222222U', 'usuario49', 'f8032d5cae3de20fcec887f395ec9a6a', 'usuario49', 'usu28 usu1', 'Hombre', 'Deportista', '654654654'),
('22222222V', 'usuario50', 'f8032d5cae3de20fcec887f395ec9a6a', 'usuario50', 'usu28 usu1', 'Hombre', 'Deportista', '654654654'),
('22222222W', 'usuario51', 'f8032d5cae3de20fcec887f395ec9a6a', 'usuario51', 'usu28 usu1', 'Hombre', 'Deportista', '654654654'),
('22222222X', 'usuario52', 'f8032d5cae3de20fcec887f395ec9a6a', 'usuario52', 'usu28 usu1', 'Hombre', 'Deportista', '654654654'),
('22222222Y', 'usuario53', 'f8032d5cae3de20fcec887f395ec9a6a', 'usuario53', 'usu28 usu1', 'Hombre', 'Deportista', '654654654'),
('22222222Z', 'usuario54', 'f8032d5cae3de20fcec887f395ec9a6a', 'usuario54', 'usu28 usu1', 'Hombre', 'Deportista', '654654654'),

('33333333A', 'usuario55', 'f8032d5cae3de20fcec887f395ec9a6a', 'usuario55', 'usu28 usu1', 'Hombre', 'Deportista', '654654654'),
('33333333B', 'usuario56', 'f8032d5cae3de20fcec887f395ec9a6a', 'usuario56', 'usu28 usu1', 'Hombre', 'Deportista', '654654654'),
('33333333C', 'usuario57', 'f8032d5cae3de20fcec887f395ec9a6a', 'usuario57', 'usu28 usu1', 'Hombre', 'Deportista', '654654654'),
('33333333D', 'usuario58', 'f8032d5cae3de20fcec887f395ec9a6a', 'usuario58', 'usu28 usu1', 'Hombre', 'Deportista', '654654654'),
('33333333E', 'usuario59', 'f8032d5cae3de20fcec887f395ec9a6a', 'usuario59', 'usu28 usu1', 'Hombre', 'Deportista', '654654654'),
('33333333F', 'usuario60', 'f8032d5cae3de20fcec887f395ec9a6a', 'usuario60', 'usu28 usu1', 'Hombre', 'Deportista', '654654654'),
('33333333G', 'usuario61', 'f8032d5cae3de20fcec887f395ec9a6a', 'usuario61', 'usu28 usu1', 'Hombre', 'Deportista', '654654654'),
('33333333H', 'usuario62', 'f8032d5cae3de20fcec887f395ec9a6a', 'usuario62', 'usu28 usu1', 'Hombre', 'Deportista', '654654654'),
('33333333I', 'usuario63', 'f8032d5cae3de20fcec887f395ec9a6a', 'usuario63', 'usu28 usu1', 'Hombre', 'Deportista', '654654654'),
('33333333J', 'usuario64', 'f8032d5cae3de20fcec887f395ec9a6a', 'usuario64', 'usu28 usu1', 'Hombre', 'Deportista', '654654654'),
('33333333K', 'usuario65', 'f8032d5cae3de20fcec887f395ec9a6a', 'usuario65', 'usu28 usu1', 'Hombre', 'Deportista', '654654654'),
('33333333L', 'usuario66', 'f8032d5cae3de20fcec887f395ec9a6a', 'usuario66', 'usu28 usu1', 'Hombre', 'Deportista', '654654654'),
('33333333M', 'usuario67', 'f8032d5cae3de20fcec887f395ec9a6a', 'usuario67', 'usu28 usu1', 'Hombre', 'Deportista', '654654654'),
('33333333N', 'usuario68', 'f8032d5cae3de20fcec887f395ec9a6a', 'usuario68', 'usu28 usu1', 'Hombre', 'Deportista', '654654654'),
('33333333O', 'usuario70', 'f8032d5cae3de20fcec887f395ec9a6a', 'usuario70', 'usu28 usu1', 'Hombre', 'Deportista', '654654654'),
('33333333P', 'usuario71', 'f8032d5cae3de20fcec887f395ec9a6a', 'usuario71', 'usu28 usu1', 'Hombre', 'Deportista', '654654654'),
('33333333Q', 'usuario72', 'f8032d5cae3de20fcec887f395ec9a6a', 'usuario72', 'usu28 usu1', 'Hombre', 'Deportista', '654654654'),
('33333333R', 'usuario73', 'f8032d5cae3de20fcec887f395ec9a6a', 'usuario73', 'usu28 usu1', 'Hombre', 'Deportista', '654654654'),
('33333333S', 'usuario74', 'f8032d5cae3de20fcec887f395ec9a6a', 'usuario74', 'usu28 usu1', 'Hombre', 'Deportista', '654654654'),
('33333333T', 'usuario75', 'f8032d5cae3de20fcec887f395ec9a6a', 'usuario75', 'usu28 usu1', 'Hombre', 'Deportista', '654654654'),
('33333333U', 'usuario76', 'f8032d5cae3de20fcec887f395ec9a6a', 'usuario76', 'usu28 usu1', 'Hombre', 'Deportista', '654654654'),
('33333333V', 'usuario77', 'f8032d5cae3de20fcec887f395ec9a6a', 'usuario77', 'usu28 usu1', 'Hombre', 'Deportista', '654654654'),
('33333333W', 'usuario78', 'f8032d5cae3de20fcec887f395ec9a6a', 'usuario78', 'usu28 usu1', 'Hombre', 'Deportista', '654654654'),
('33333333X', 'usuario79', 'f8032d5cae3de20fcec887f395ec9a6a', 'usuario79', 'usu28 usu1', 'Hombre', 'Deportista', '654654654'),
('33333333Y', 'usuario80', 'f8032d5cae3de20fcec887f395ec9a6a', 'usuario80', 'usu28 usu1', 'Hombre', 'Deportista', '654654654'),
('33333333Z', 'usuario81', 'f8032d5cae3de20fcec887f395ec9a6a', 'usuario81', 'usu28 usu1', 'Hombre', 'Deportista', '654654654'),

('44444444A', 'usuario82', 'f8032d5cae3de20fcec887f395ec9a6a', 'usuario82', 'usu28 usu1', 'Hombre', 'Deportista', '654654654'),
('44444444B', 'usuario83', 'f8032d5cae3de20fcec887f395ec9a6a', 'usuario83', 'usu28 usu1', 'Hombre', 'Deportista', '654654654'),
('44444444C', 'usuario84', 'f8032d5cae3de20fcec887f395ec9a6a', 'usuario84', 'usu28 usu1', 'Hombre', 'Deportista', '654654654'),
('44444444D', 'usuario85', 'f8032d5cae3de20fcec887f395ec9a6a', 'usuario85', 'usu28 usu1', 'Hombre', 'Deportista', '654654654'),
('44444444E', 'usuario86', 'f8032d5cae3de20fcec887f395ec9a6a', 'usuario86', 'usu28 usu1', 'Hombre', 'Deportista', '654654654'),
('44444444F', 'usuario87', 'f8032d5cae3de20fcec887f395ec9a6a', 'usuario87', 'usu28 usu1', 'Hombre', 'Deportista', '654654654'),
('44444444G', 'usuario88', 'f8032d5cae3de20fcec887f395ec9a6a', 'usuario88', 'usu28 usu1', 'Hombre', 'Deportista', '654654654'),
('44444444H', 'usuario89', 'f8032d5cae3de20fcec887f395ec9a6a', 'usuario89', 'usu28 usu1', 'Hombre', 'Deportista', '654654654'),
('44444444I', 'usuario90', 'f8032d5cae3de20fcec887f395ec9a6a', 'usuario90', 'usu28 usu1', 'Hombre', 'Deportista', '654654654'),
('44444444J', 'usuario91', 'f8032d5cae3de20fcec887f395ec9a6a', 'usuario91', 'usu28 usu1', 'Hombre', 'Deportista', '654654654'),
('44444444K', 'usuario92', 'f8032d5cae3de20fcec887f395ec9a6a', 'usuario92', 'usu28 usu1', 'Hombre', 'Deportista', '654654654'),
('44444444L', 'usuario93', 'f8032d5cae3de20fcec887f395ec9a6a', 'usuario93', 'usu28 usu1', 'Hombre', 'Deportista', '654654654'),
('44444444M', 'usuario94', 'f8032d5cae3de20fcec887f395ec9a6a', 'usuario94', 'usu28 usu1', 'Hombre', 'Deportista', '654654654'),
('44444444N', 'usuario95', 'f8032d5cae3de20fcec887f395ec9a6a', 'usuario95', 'usu28 usu1', 'Hombre', 'Deportista', '654654654'),
('44444444O', 'usuario97', 'f8032d5cae3de20fcec887f395ec9a6a', 'usuario97', 'usu28 usu1', 'Hombre', 'Deportista', '654654654'),
('44444444P', 'usuario98', 'f8032d5cae3de20fcec887f395ec9a6a', 'usuario98', 'usu28 usu1', 'Hombre', 'Deportista', '654654654'),
('44444444Q', 'usuario99', 'f8032d5cae3de20fcec887f395ec9a6a', 'usuario99', 'usu28 usu1', 'Hombre', 'Deportista', '654654654'),
('44444444R', 'usuario100', 'f8032d5cae3de20fcec887f395ec9a6a', 'usuario100', 'usu28 usu1', 'Hombre', 'Deportista', '654654654'),
('44444444S', 'usuario101', 'f8032d5cae3de20fcec887f395ec9a6a', 'usuario101', 'usu28 usu1', 'Hombre', 'Deportista', '654654654'),
('44444444T', 'usuario102', 'f8032d5cae3de20fcec887f395ec9a6a', 'usuario102', 'usu28 usu1', 'Hombre', 'Deportista', '654654654'),
('44444444U', 'usuario103', 'f8032d5cae3de20fcec887f395ec9a6a', 'usuario103', 'usu28 usu1', 'Hombre', 'Deportista', '654654654'),
('44444444V', 'usuario104', 'f8032d5cae3de20fcec887f395ec9a6a', 'usuario104', 'usu28 usu1', 'Hombre', 'Deportista', '654654654'),
('44444444W', 'usuario105', 'f8032d5cae3de20fcec887f395ec9a6a', 'usuario105', 'usu28 usu1', 'Hombre', 'Deportista', '654654654'),
('44444444X', 'usuario106', 'f8032d5cae3de20fcec887f395ec9a6a', 'usuario106', 'usu28 usu1', 'Hombre', 'Deportista', '654654654'),
('44444444Y', 'usuario107', 'f8032d5cae3de20fcec887f395ec9a6a', 'usuario107', 'usu28 usu1', 'Hombre', 'Deportista', '654654654'),
('44444444Z', 'usuario108', 'f8032d5cae3de20fcec887f395ec9a6a', 'usuario108', 'usu28 usu1', 'Hombre', 'Deportista', '654654654'),

('55555555A', 'usuario109', 'f8032d5cae3de20fcec887f395ec9a6a', 'usuario109', 'usu28 usu1', 'Hombre', 'Deportista', '654654654'),
('55555555B', 'usuario110', 'f8032d5cae3de20fcec887f395ec9a6a', 'usuario110', 'usu28 usu1', 'Hombre', 'Deportista', '654654654'),
('55555555C', 'usuario111', 'f8032d5cae3de20fcec887f395ec9a6a', 'usuario111', 'usu28 usu1', 'Hombre', 'Deportista', '654654654'),
('55555555D', 'usuario112', 'f8032d5cae3de20fcec887f395ec9a6a', 'usuario112', 'usu28 usu1', 'Hombre', 'Deportista', '654654654'),
('55555555E', 'usuario113', 'f8032d5cae3de20fcec887f395ec9a6a', 'usuario113', 'usu28 usu1', 'Hombre', 'Deportista', '654654654'),
('55555555F', 'usuario114', 'f8032d5cae3de20fcec887f395ec9a6a', 'usuario114', 'usu28 usu1', 'Hombre', 'Deportista', '654654654'),
('55555555G', 'usuario115', 'f8032d5cae3de20fcec887f395ec9a6a', 'usuario115', 'usu28 usu1', 'Hombre', 'Deportista', '654654654'),
('55555555H', 'usuario116', 'f8032d5cae3de20fcec887f395ec9a6a', 'usuario116', 'usu28 usu1', 'Hombre', 'Deportista', '654654654'),
('55555555I', 'usuario117', 'f8032d5cae3de20fcec887f395ec9a6a', 'usuario117', 'usu28 usu1', 'Hombre', 'Deportista', '654654654'),
('55555555J', 'usuario118', 'f8032d5cae3de20fcec887f395ec9a6a', 'usuario118', 'usu28 usu1', 'Hombre', 'Deportista', '654654654'),
('55555555K', 'usuario119', 'f8032d5cae3de20fcec887f395ec9a6a', 'usuario119', 'usu28 usu1', 'Hombre', 'Deportista', '654654654'),
('55555555L', 'usuario120', 'f8032d5cae3de20fcec887f395ec9a6a', 'usuario120', 'usu28 usu1', 'Hombre', 'Deportista', '654654654'),
('55555555M', 'usuario121', 'f8032d5cae3de20fcec887f395ec9a6a', 'usuario121', 'usu28 usu1', 'Hombre', 'Deportista', '654654654'),
('55555555N', 'usuario122', 'f8032d5cae3de20fcec887f395ec9a6a', 'usuario122', 'usu28 usu1', 'Hombre', 'Deportista', '654654654'),
('55555555O', 'usuario123', 'f8032d5cae3de20fcec887f395ec9a6a', 'usuario123', 'usu28 usu1', 'Hombre', 'Deportista', '654654654'),
('55555555P', 'usuario124', 'f8032d5cae3de20fcec887f395ec9a6a', 'usuario124', 'usu28 usu1', 'Hombre', 'Deportista', '654654654'),
('55555555Q', 'usuario125', 'f8032d5cae3de20fcec887f395ec9a6a', 'usuario125', 'usu28 usu1', 'Hombre', 'Deportista', '654654654'),
('55555555R', 'usuario126', 'f8032d5cae3de20fcec887f395ec9a6a', 'usuario126', 'usu28 usu1', 'Hombre', 'Deportista', '654654654'),
('55555555S', 'usuario127', 'f8032d5cae3de20fcec887f395ec9a6a', 'usuario127', 'usu28 usu1', 'Hombre', 'Deportista', '654654654'),
('55555555T', 'usuario128', 'f8032d5cae3de20fcec887f395ec9a6a', 'usuario128', 'usu28 usu1', 'Hombre', 'Deportista', '654654654'),
('55555555U', 'usuario129', 'f8032d5cae3de20fcec887f395ec9a6a', 'usuario129', 'usu28 usu1', 'Hombre', 'Deportista', '654654654'),
('55555555V', 'usuario130', 'f8032d5cae3de20fcec887f395ec9a6a', 'usuario130', 'usu28 usu1', 'Hombre', 'Deportista', '654654654'),
('55555555W', 'usuario131', 'f8032d5cae3de20fcec887f395ec9a6a', 'usuario131', 'usu28 usu1', 'Hombre', 'Deportista', '654654654'),
('55555555X', 'usuario132', 'f8032d5cae3de20fcec887f395ec9a6a', 'usuario132', 'usu28 usu1', 'Hombre', 'Deportista', '654654654'),
('55555555Y', 'usuario133', 'f8032d5cae3de20fcec887f395ec9a6a', 'usuario133', 'usu28 usu1', 'Hombre', 'Deportista', '654654654'),
('55555555Z', 'usuario134', 'f8032d5cae3de20fcec887f395ec9a6a', 'usuario134', 'usu28 usu1', 'Hombre', 'Deportista', '654654654'),

('66666666A', 'usuario135', 'f8032d5cae3de20fcec887f395ec9a6a', 'usuario135', 'usu28 usu1', 'Hombre', 'Deportista', '654654654'),
('66666666B', 'usuario136', 'f8032d5cae3de20fcec887f395ec9a6a', 'usuario136', 'usu28 usu1', 'Hombre', 'Deportista', '654654654'),
('66666666C', 'usuario137', 'f8032d5cae3de20fcec887f395ec9a6a', 'usuario137', 'usu28 usu1', 'Hombre', 'Deportista', '654654654'),
('66666666D', 'usuario138', 'f8032d5cae3de20fcec887f395ec9a6a', 'usuario138', 'usu28 usu1', 'Hombre', 'Deportista', '654654654'),
('66666666E', 'usuario139', 'f8032d5cae3de20fcec887f395ec9a6a', 'usuario139', 'usu28 usu1', 'Hombre', 'Deportista', '654654654'),
('66666666F', 'usuario140', 'f8032d5cae3de20fcec887f395ec9a6a', 'usuario140', 'usu28 usu1', 'Hombre', 'Deportista', '654654654'),
('66666666G', 'usuario141', 'f8032d5cae3de20fcec887f395ec9a6a', 'usuario141', 'usu28 usu1', 'Hombre', 'Deportista', '654654654'),
('66666666H', 'usuario142', 'f8032d5cae3de20fcec887f395ec9a6a', 'usuario142', 'usu28 usu1', 'Hombre', 'Deportista', '654654654'),
('66666666I', 'usuario143', 'f8032d5cae3de20fcec887f395ec9a6a', 'usuario143', 'usu28 usu1', 'Hombre', 'Deportista', '654654654'),
('66666666J', 'usuario144', 'f8032d5cae3de20fcec887f395ec9a6a', 'usuario144', 'usu28 usu1', 'Hombre', 'Deportista', '654654654'),
('66666666K', 'usuario145', 'f8032d5cae3de20fcec887f395ec9a6a', 'usuario145', 'usu28 usu1', 'Hombre', 'Deportista', '654654654'),
('66666666L', 'usuario146', 'f8032d5cae3de20fcec887f395ec9a6a', 'usuario146', 'usu28 usu1', 'Hombre', 'Deportista', '654654654'),
('66666666M', 'usuario147', 'f8032d5cae3de20fcec887f395ec9a6a', 'usuario147', 'usu28 usu1', 'Hombre', 'Deportista', '654654654'),
('66666666N', 'usuario148', 'f8032d5cae3de20fcec887f395ec9a6a', 'usuario148', 'usu28 usu1', 'Hombre', 'Deportista', '654654654'),
('66666666O', 'usuario149', 'f8032d5cae3de20fcec887f395ec9a6a', 'usuario149', 'usu28 usu1', 'Hombre', 'Deportista', '654654654'),
('66666666P', 'usuario150', 'f8032d5cae3de20fcec887f395ec9a6a', 'usuario150', 'usu28 usu1', 'Hombre', 'Deportista', '654654654'),
('66666666Q', 'usuario151', 'f8032d5cae3de20fcec887f395ec9a6a', 'usuario151', 'usu28 usu1', 'Hombre', 'Deportista', '654654654'),
('66666666R', 'usuario152', 'f8032d5cae3de20fcec887f395ec9a6a', 'usuario152', 'usu28 usu1', 'Hombre', 'Deportista', '654654654'),
('66666666S', 'usuario153', 'f8032d5cae3de20fcec887f395ec9a6a', 'usuario153', 'usu28 usu1', 'Hombre', 'Deportista', '654654654'),
('66666666T', 'usuario154', 'f8032d5cae3de20fcec887f395ec9a6a', 'usuario154', 'usu28 usu1', 'Hombre', 'Deportista', '654654654'),
('66666666U', 'usuario155', 'f8032d5cae3de20fcec887f395ec9a6a', 'usuario155', 'usu28 usu1', 'Hombre', 'Deportista', '654654654'),
('66666666V', 'usuario156', 'f8032d5cae3de20fcec887f395ec9a6a', 'usuario156', 'usu28 usu1', 'Hombre', 'Deportista', '654654654'),
('66666666W', 'usuario157', 'f8032d5cae3de20fcec887f395ec9a6a', 'usuario157', 'usu28 usu1', 'Hombre', 'Deportista', '654654654'),
('66666666X', 'usuario158', 'f8032d5cae3de20fcec887f395ec9a6a', 'usuario158', 'usu28 usu1', 'Hombre', 'Deportista', '654654654'),
('66666666Y', 'usuario159', 'f8032d5cae3de20fcec887f395ec9a6a', 'usuario159', 'usu28 usu1', 'Hombre', 'Deportista', '654654654'),
('66666666Z', 'usuario160', 'f8032d5cae3de20fcec887f395ec9a6a', 'usuario160', 'usu28 usu1', 'Hombre', 'Deportista', '654654654'),

('77777777A', 'usuario161', 'f8032d5cae3de20fcec887f395ec9a6a', 'usuario161', 'usu28 usu1', 'Hombre', 'Deportista', '654654654'),
('77777777B', 'usuario162', 'f8032d5cae3de20fcec887f395ec9a6a', 'usuario162', 'usu28 usu1', 'Hombre', 'Deportista', '654654654'),
('77777777C', 'usuario163', 'f8032d5cae3de20fcec887f395ec9a6a', 'usuario163', 'usu28 usu1', 'Hombre', 'Deportista', '654654654'),
('77777777D', 'usuario164', 'f8032d5cae3de20fcec887f395ec9a6a', 'usuario164', 'usu28 usu1', 'Hombre', 'Deportista', '654654654'),
('77777777E', 'usuario165', 'f8032d5cae3de20fcec887f395ec9a6a', 'usuario165', 'usu28 usu1', 'Hombre', 'Deportista', '654654654'),
('77777777F', 'usuario166', 'f8032d5cae3de20fcec887f395ec9a6a', 'usuario166', 'usu28 usu1', 'Hombre', 'Deportista', '654654654'),
('77777777G', 'usuario167', 'f8032d5cae3de20fcec887f395ec9a6a', 'usuario167', 'usu28 usu1', 'Hombre', 'Deportista', '654654654'),
('77777777H', 'usuario168', 'f8032d5cae3de20fcec887f395ec9a6a', 'usuario168', 'usu28 usu1', 'Hombre', 'Deportista', '654654654'),
('77777777I', 'usuario169', 'f8032d5cae3de20fcec887f395ec9a6a', 'usuario169', 'usu28 usu1', 'Hombre', 'Deportista', '654654654'),
('77777777J', 'usuario170', 'f8032d5cae3de20fcec887f395ec9a6a', 'usuario170', 'usu28 usu1', 'Hombre', 'Deportista', '654654654'),
('77777777K', 'usuario171', 'f8032d5cae3de20fcec887f395ec9a6a', 'usuario171', 'usu28 usu1', 'Hombre', 'Deportista', '654654654'),
('77777777L', 'usuario172', 'f8032d5cae3de20fcec887f395ec9a6a', 'usuario172', 'usu28 usu1', 'Hombre', 'Deportista', '654654654'),
('77777777M', 'usuario173', 'f8032d5cae3de20fcec887f395ec9a6a', 'usuario173', 'usu28 usu1', 'Hombre', 'Deportista', '654654654'),
('77777777N', 'usuario174', 'f8032d5cae3de20fcec887f395ec9a6a', 'usuario174', 'usu28 usu1', 'Hombre', 'Deportista', '654654654'),
('77777777O', 'usuario175', 'f8032d5cae3de20fcec887f395ec9a6a', 'usuario175', 'usu28 usu1', 'Hombre', 'Deportista', '654654654'),
('77777777P', 'usuario176', 'f8032d5cae3de20fcec887f395ec9a6a', 'usuario176', 'usu28 usu1', 'Hombre', 'Deportista', '654654654'),
('77777777Q', 'usuario177', 'f8032d5cae3de20fcec887f395ec9a6a', 'usuario177', 'usu28 usu1', 'Hombre', 'Deportista', '654654654'),
('77777777R', 'usuario178', 'f8032d5cae3de20fcec887f395ec9a6a', 'usuario178', 'usu28 usu1', 'Hombre', 'Deportista', '654654654'),
('77777777S', 'usuario179', 'f8032d5cae3de20fcec887f395ec9a6a', 'usuario179', 'usu28 usu1', 'Hombre', 'Deportista', '654654654'),
('77777777T', 'usuario180', 'f8032d5cae3de20fcec887f395ec9a6a', 'usuario180', 'usu28 usu1', 'Hombre', 'Deportista', '654654654'),
('77777777U', 'usuario181', 'f8032d5cae3de20fcec887f395ec9a6a', 'usuario181', 'usu28 usu1', 'Hombre', 'Deportista', '654654654'),
('77777777V', 'usuario182', 'f8032d5cae3de20fcec887f395ec9a6a', 'usuario182', 'usu28 usu1', 'Hombre', 'Deportista', '654654654'),
('77777777W', 'usuario183', 'f8032d5cae3de20fcec887f395ec9a6a', 'usuario183', 'usu28 usu1', 'Hombre', 'Deportista', '654654654'),
('77777777X', 'usuario184', 'f8032d5cae3de20fcec887f395ec9a6a', 'usuario184', 'usu28 usu1', 'Hombre', 'Deportista', '654654654'),
('77777777Y', 'usuario185', 'f8032d5cae3de20fcec887f395ec9a6a', 'usuario185', 'usu28 usu1', 'Hombre', 'Deportista', '654654654'),
('77777777Z', 'usuario186', 'f8032d5cae3de20fcec887f395ec9a6a', 'usuario186', 'usu28 usu1', 'Hombre', 'Deportista', '654654654'),

('88888888A', 'usuario187', 'f8032d5cae3de20fcec887f395ec9a6a', 'usuario187', 'usu28 usu1', 'Hombre', 'Deportista', '654654654'),
('88888888B', 'usuario188', 'f8032d5cae3de20fcec887f395ec9a6a', 'usuario188', 'usu28 usu1', 'Hombre', 'Deportista', '654654654'),
('88888888C', 'usuario189', 'f8032d5cae3de20fcec887f395ec9a6a', 'usuario189', 'usu28 usu1', 'Hombre', 'Deportista', '654654654'),
('88888888D', 'usuario190', 'f8032d5cae3de20fcec887f395ec9a6a', 'usuario190', 'usu28 usu1', 'Hombre', 'Deportista', '654654654'),
('88888888E', 'usuario191', 'f8032d5cae3de20fcec887f395ec9a6a', 'usuario191', 'usu28 usu1', 'Hombre', 'Deportista', '654654654'),
('88888888F', 'usuario192', 'f8032d5cae3de20fcec887f395ec9a6a', 'usuario192', 'usu28 usu1', 'Hombre', 'Deportista', '654654654'),
('88888888G', 'usuario193', 'f8032d5cae3de20fcec887f395ec9a6a', 'usuario193', 'usu28 usu1', 'Hombre', 'Deportista', '654654654'),
('88888888H', 'usuario194', 'f8032d5cae3de20fcec887f395ec9a6a', 'usuario194', 'usu28 usu1', 'Hombre', 'Deportista', '654654654'),
('88888888I', 'usuario195', 'f8032d5cae3de20fcec887f395ec9a6a', 'usuario195', 'usu28 usu1', 'Hombre', 'Deportista', '654654654'),
('88888888J', 'usuario196', 'f8032d5cae3de20fcec887f395ec9a6a', 'usuario196', 'usu28 usu1', 'Hombre', 'Deportista', '654654654'),
('88888888K', 'usuario197', 'f8032d5cae3de20fcec887f395ec9a6a', 'usuario197', 'usu28 usu1', 'Hombre', 'Deportista', '654654654'),
('88888888L', 'usuario198', 'f8032d5cae3de20fcec887f395ec9a6a', 'usuario198', 'usu28 usu1', 'Hombre', 'Deportista', '654654654'),
('88888888M', 'usuario199', 'f8032d5cae3de20fcec887f395ec9a6a', 'usuario199', 'usu28 usu1', 'Hombre', 'Deportista', '654654654'),
('88888888N', 'usuario200', 'f8032d5cae3de20fcec887f395ec9a6a', 'usuario200', 'usu28 usu1', 'Hombre', 'Deportista', '654654654'),
('88888888O', 'usuario201', 'f8032d5cae3de20fcec887f395ec9a6a', 'usuario201', 'usu28 usu1', 'Hombre', 'Deportista', '654654654'),
('88888888P', 'usuario202', 'f8032d5cae3de20fcec887f395ec9a6a', 'usuario202', 'usu28 usu1', 'Hombre', 'Deportista', '654654654'),
('88888888Q', 'usuario203', 'f8032d5cae3de20fcec887f395ec9a6a', 'usuario203', 'usu28 usu1', 'Hombre', 'Deportista', '654654654'),
('88888888R', 'usuario204', 'f8032d5cae3de20fcec887f395ec9a6a', 'usuario204', 'usu28 usu1', 'Hombre', 'Deportista', '654654654'),
('88888888S', 'usuario205', 'f8032d5cae3de20fcec887f395ec9a6a', 'usuario205', 'usu28 usu1', 'Hombre', 'Deportista', '654654654'),
('88888888T', 'usuario206', 'f8032d5cae3de20fcec887f395ec9a6a', 'usuario206', 'usu28 usu1', 'Hombre', 'Deportista', '654654654'),
('88888888U', 'usuario207', 'f8032d5cae3de20fcec887f395ec9a6a', 'usuario207', 'usu28 usu1', 'Hombre', 'Deportista', '654654654'),
('88888888V', 'usuario208', 'f8032d5cae3de20fcec887f395ec9a6a', 'usuario208', 'usu28 usu1', 'Hombre', 'Deportista', '654654654'),
('88888888W', 'usuario209', 'f8032d5cae3de20fcec887f395ec9a6a', 'usuario209', 'usu28 usu1', 'Hombre', 'Deportista', '654654654'),
('88888888X', 'usuario210', 'f8032d5cae3de20fcec887f395ec9a6a', 'usuario210', 'usu28 usu1', 'Hombre', 'Deportista', '654654654'),
('88888888Y', 'usuario211', 'f8032d5cae3de20fcec887f395ec9a6a', 'usuario211', 'usu28 usu1', 'Hombre', 'Deportista', '654654654'),
('88888888Z', 'usuario212', 'f8032d5cae3de20fcec887f395ec9a6a', 'usuario212', 'usu28 usu1', 'Hombre', 'Deportista', '654654654');



--
-- Volcado de datos para la tabla `usuarioparejas`
--

INSERT INTO `usuarioparejas` (`Usuario_Dni`, `Pareja_idCampeonato`, `Pareja_Tipo`, `Pareja_Nivel`, `Pareja_NumPareja`) VALUES
('44656257D', 3, 'Masculino', 1, 1),
('78677468B', 3, 'Masculino', 1, 1),
('07971578P', 3, 'Masculino', 1, 2),
('78490815A', 3, 'Masculino', 1, 2),
('11970561G', 3, 'Masculino', 1, 3),
('47048522K', 3, 'Masculino', 1, 3),
('52349890X', 3, 'Masculino', 1, 4),
('52349891X', 3, 'Masculino', 1, 4),
('52349892X', 3, 'Masculino', 1, 5),
('52349893X', 3, 'Masculino', 1, 5),
('52349894X', 3, 'Masculino', 1, 6),
('52349895X', 3, 'Masculino', 1, 6),
('52349897X', 3, 'Masculino', 1, 7),
('52349898X', 3, 'Masculino', 1, 7),
('50890587M', 3, 'Masculino', 1, 8),
('52349899X', 3, 'Masculino', 1, 8),

('11111111A', 3, 'Masculino', 1, 9),
('11111111B', 3, 'Masculino', 1, 9),
('11111111C', 3, 'Masculino', 1, 10),
('11111111D', 3, 'Masculino', 1, 10),
('11111111E', 3, 'Masculino', 1, 11),
('11111111F', 3, 'Masculino', 1, 11),
('11111111G', 3, 'Masculino', 1, 12),
('11111111H', 3, 'Masculino', 1, 12),
('11111111I', 3, 'Masculino', 1, 13),
('11111111J', 3, 'Masculino', 1, 13),
('11111111K', 3, 'Masculino', 1, 14),
('11111111L', 3, 'Masculino', 1, 14),
('11111111M', 3, 'Masculino', 1, 15),
('11111111N', 3, 'Masculino', 1, 15),
('11111111O', 3, 'Masculino', 1, 16),
('11111111P', 3, 'Masculino', 1, 16),
('11111111Q', 3, 'Masculino', 1, 17),
('11111111R', 3, 'Masculino', 1, 17),
('11111111S', 3, 'Masculino', 1, 18),
('11111111T', 3, 'Masculino', 1, 18),
('11111111U', 3, 'Masculino', 1, 19),
('11111111V', 3, 'Masculino', 1, 19),
('11111111W', 3, 'Masculino', 1, 20),
('11111111X', 3, 'Masculino', 1, 20),
('11111111Y', 3, 'Masculino', 1, 21),
('11111111Z', 3, 'Masculino', 1, 21),

('22222222A', 3, 'Masculino', 1, 22),
('22222222B', 3, 'Masculino', 1, 22),
('22222222C', 3, 'Masculino', 1, 23),
('22222222D', 3, 'Masculino', 1, 23),
('22222222E', 3, 'Masculino', 1, 24),
('22222222F', 3, 'Masculino', 1, 24),
('22222222G', 3, 'Masculino', 1, 25),
('22222222H', 3, 'Masculino', 1, 25),
('22222222I', 3, 'Masculino', 1, 26),
('22222222J', 3, 'Masculino', 1, 26),
('22222222K', 3, 'Masculino', 1, 27),
('22222222L', 3, 'Masculino', 1, 27),
('22222222M', 3, 'Masculino', 1, 28),
('22222222N', 3, 'Masculino', 1, 28),
('22222222O', 3, 'Masculino', 1, 29),
('22222222P', 3, 'Masculino', 1, 29),
('22222222Q', 3, 'Masculino', 1, 30),
('22222222R', 3, 'Masculino', 1, 30),
('22222222S', 3, 'Masculino', 1, 31),
('22222222T', 3, 'Masculino', 1, 31),
('22222222U', 3, 'Masculino', 1, 32),
('22222222V', 3, 'Masculino', 1, 32),
('22222222W', 3, 'Masculino', 1, 33),
('22222222X', 3, 'Masculino', 1, 33),
('22222222Y', 3, 'Masculino', 1, 34),
('22222222Z', 3, 'Masculino', 1, 34),

('33333333A', 3, 'Masculino', 1, 35),
('33333333B', 3, 'Masculino', 1, 35),
('33333333C', 3, 'Masculino', 1, 36),
('33333333D', 3, 'Masculino', 1, 36),
('33333333E', 3, 'Masculino', 1, 37),
('33333333F', 3, 'Masculino', 1, 37),
('33333333G', 3, 'Masculino', 1, 38),
('33333333H', 3, 'Masculino', 1, 38),
('33333333I', 3, 'Masculino', 1, 39),
('33333333J', 3, 'Masculino', 1, 39),
('33333333K', 3, 'Masculino', 1, 40),
('33333333L', 3, 'Masculino', 1, 40),
('33333333M', 3, 'Masculino', 1, 41),
('33333333N', 3, 'Masculino', 1, 41),
('33333333O', 3, 'Masculino', 1, 42),
('33333333P', 3, 'Masculino', 1, 42),
('33333333Q', 3, 'Masculino', 1, 43),
('33333333R', 3, 'Masculino', 1, 43),
('33333333S', 3, 'Masculino', 1, 44),
('33333333T', 3, 'Masculino', 1, 44),
('33333333U', 3, 'Masculino', 1, 45),
('33333333V', 3, 'Masculino', 1, 45),
('33333333W', 3, 'Masculino', 1, 46),
('33333333X', 3, 'Masculino', 1, 46),
('33333333Y', 3, 'Masculino', 1, 47),
('33333333Z', 3, 'Masculino', 1, 47),

('44444444A', 3, 'Masculino', 1, 48),
('44444444B', 3, 'Masculino', 1, 48),
('44444444C', 3, 'Masculino', 1, 49),
('44444444D', 3, 'Masculino', 1, 49),
('44444444E', 3, 'Masculino', 1, 50),
('44444444F', 3, 'Masculino', 1, 50),
('44444444G', 3, 'Masculino', 1, 51),
('44444444H', 3, 'Masculino', 1, 51),
('44444444I', 3, 'Masculino', 1, 52),
('44444444J', 3, 'Masculino', 1, 52),
('44444444K', 3, 'Masculino', 1, 53),
('44444444L', 3, 'Masculino', 1, 53),
('44444444M', 3, 'Masculino', 1, 54),
('44444444N', 3, 'Masculino', 1, 54),
('44444444O', 3, 'Masculino', 1, 55),
('44444444P', 3, 'Masculino', 1, 55),
('44444444Q', 3, 'Masculino', 1, 56),
('44444444R', 3, 'Masculino', 1, 56),
('44444444S', 3, 'Masculino', 1, 57),
('44444444T', 3, 'Masculino', 1, 57),
('44444444U', 3, 'Masculino', 1, 58),
('44444444V', 3, 'Masculino', 1, 58),
('44444444W', 3, 'Masculino', 1, 59),
('44444444X', 3, 'Masculino', 1, 59),
('44444444Y', 3, 'Masculino', 1, 60),
('44444444Z', 3, 'Masculino', 1, 60),

('55555555A', 3, 'Masculino', 1, 61),
('55555555B', 3, 'Masculino', 1, 61),
('55555555C', 3, 'Masculino', 1, 62),
('55555555D', 3, 'Masculino', 1, 62),
('55555555E', 3, 'Masculino', 1, 63),
('55555555F', 3, 'Masculino', 1, 63),
('55555555G', 3, 'Masculino', 1, 64),
('55555555H', 3, 'Masculino', 1, 64),
('55555555I', 3, 'Masculino', 1, 65),
('55555555J', 3, 'Masculino', 1, 65),
('55555555K', 3, 'Masculino', 1, 66),
('55555555L', 3, 'Masculino', 1, 66),
('55555555M', 3, 'Masculino', 1, 67),
('55555555N', 3, 'Masculino', 1, 67),
('55555555O', 3, 'Masculino', 1, 68),
('55555555P', 3, 'Masculino', 1, 68),
('55555555Q', 3, 'Masculino', 1, 69),
('55555555R', 3, 'Masculino', 1, 69),
('55555555S', 3, 'Masculino', 1, 70),
('55555555T', 3, 'Masculino', 1, 70),
('55555555U', 3, 'Masculino', 1, 71),
('55555555V', 3, 'Masculino', 1, 71),
('55555555W', 3, 'Masculino', 1, 72),
('55555555X', 3, 'Masculino', 1, 72),
('55555555Y', 3, 'Masculino', 1, 73),
('55555555Z', 3, 'Masculino', 1, 73),

('66666666A', 3, 'Masculino', 1, 74),
('66666666B', 3, 'Masculino', 1, 74),
('66666666C', 3, 'Masculino', 1, 75),
('66666666D', 3, 'Masculino', 1, 75),
('66666666E', 3, 'Masculino', 1, 76),
('66666666F', 3, 'Masculino', 1, 76),
('66666666G', 3, 'Masculino', 1, 77),
('66666666H', 3, 'Masculino', 1, 77),
('66666666I', 3, 'Masculino', 1, 78),
('66666666J', 3, 'Masculino', 1, 78),
('66666666K', 3, 'Masculino', 1, 79),
('66666666L', 3, 'Masculino', 1, 79),
('66666666M', 3, 'Masculino', 1, 80),
('66666666N', 3, 'Masculino', 1, 80),
('66666666O', 3, 'Masculino', 1, 81),
('66666666P', 3, 'Masculino', 1, 81),
('66666666Q', 3, 'Masculino', 1, 82),
('66666666R', 3, 'Masculino', 1, 82),
('66666666S', 3, 'Masculino', 1, 83),
('66666666T', 3, 'Masculino', 1, 83),
('66666666U', 3, 'Masculino', 1, 84),
('66666666V', 3, 'Masculino', 1, 84),
('66666666W', 3, 'Masculino', 1, 85),
('66666666X', 3, 'Masculino', 1, 85),
('66666666Y', 3, 'Masculino', 1, 86),
('66666666Z', 3, 'Masculino', 1, 86),

('77777777A', 3, 'Masculino', 1, 87),
('77777777B', 3, 'Masculino', 1, 87),
('77777777C', 3, 'Masculino', 1, 88),
('77777777D', 3, 'Masculino', 1, 88),
('77777777E', 3, 'Masculino', 1, 89),
('77777777F', 3, 'Masculino', 1, 89),
('77777777G', 3, 'Masculino', 1, 90),
('77777777H', 3, 'Masculino', 1, 90),
('77777777I', 3, 'Masculino', 1, 91),
('77777777J', 3, 'Masculino', 1, 91),
('77777777K', 3, 'Masculino', 1, 92),
('77777777L', 3, 'Masculino', 1, 92),
('77777777M', 3, 'Masculino', 1, 93);/*,
('77777777N', 3, 'Masculino', 1, 93),
('77777777O', 3, 'Masculino', 1, 94),
('77777777P', 3, 'Masculino', 1, 94),
('77777777Q', 3, 'Masculino', 1, 95),
('77777777R', 3, 'Masculino', 1, 95),
('77777777S', 3, 'Masculino', 1, 96),
('77777777T', 3, 'Masculino', 1, 96),
('77777777U', 3, 'Masculino', 1, 97),
('77777777V', 3, 'Masculino', 1, 97),
('77777777W', 3, 'Masculino', 1, 98),
('77777777X', 3, 'Masculino', 1, 98),
('77777777Y', 3, 'Masculino', 1, 99),
('77777777Z', 3, 'Masculino', 1, 99),

('88888888A', 3, 'Masculino', 1, 100),
('88888888B', 3, 'Masculino', 1, 100),
('88888888C', 3, 'Masculino', 1, 101),
('88888888D', 3, 'Masculino', 1, 101),
('88888888E', 3, 'Masculino', 1, 102),
('88888888F', 3, 'Masculino', 1, 102),
('88888888G', 3, 'Masculino', 1, 103),
('88888888H', 3, 'Masculino', 1, 103),
('88888888I', 3, 'Masculino', 1, 104),
('88888888J', 3, 'Masculino', 1, 104),
('88888888K', 3, 'Masculino', 1, 105),
('88888888L', 3, 'Masculino', 1, 105),
('88888888M', 3, 'Masculino', 1, 106),
('88888888N', 3, 'Masculino', 1, 106),
('88888888O', 3, 'Masculino', 1, 107),
('88888888P', 3, 'Masculino', 1, 107),
('88888888Q', 3, 'Masculino', 1, 108),
('88888888R', 3, 'Masculino', 1, 108),
('88888888S', 3, 'Masculino', 1, 109),
('88888888T', 3, 'Masculino', 1, 109),
('88888888U', 3, 'Masculino', 1, 110),
('88888888V', 3, 'Masculino', 1, 110),
('88888888W', 3, 'Masculino', 1, 111),
('88888888X', 3, 'Masculino', 1, 111),
('88888888Y', 3, 'Masculino', 1, 112),
('88888888Z', 3, 'Masculino', 1, 112);*/


--
-- Volcado de datos para la tabla `campeonato`
--

INSERT INTO `campeonato` (`IdCampeonato`, `FechaIni`, `HoraIni`, `FechaFin`, `HoraFin`) VALUES
(1, '2018-10-23', '09:00:00', '2018-10-31', '23:00:00'),
(2, '2018-10-25', '10:00:00', '2018-10-27', '23:00:00'),
(3, '2018-10-29', '12:21:00', '2018-11-08', '12:21:00');

--
-- Volcado de datos para la tabla `inscripcionpromociones`
--

INSERT INTO `inscripcionpromociones` (`Usuario_Dni`, `Promociones_Fecha`, `Promociones_Hora`) VALUES
('72070206H', '2018-10-23', '16:00'),
('50890587M', '2018-10-23', '12:30');

--
-- Volcado de datos para la tabla `pista`
--

INSERT INTO `pista` (`idPista`, `Fecha`, `Hora`, `Disponibilidad`) VALUES
(1, '2018-10-23', '11:00', 1),
(1, '2018-10-23', '12:30', 1),
(1, '2018-10-23', '16:00', 1),
(1, '2018-10-23', '17:30', 1),
(1, '2018-10-23', '19:00', 1),
(1, '2018-10-23', '20:30', 1),
(1, '2018-10-23', '22:00', 1),
(1, '2018-10-24', '11:00', 1),
(1, '2018-10-24', '12:30', 1),
(1, '2018-10-24', '16:00', 1),
(1, '2018-10-24', '17:30', 1),
(1, '2018-10-24', '19:00', 1),
(1, '2018-10-24', '20:30', 1),
(1, '2018-10-24', '22:00', 1),
(1, '2018-10-25', '11:00', 1),
(1, '2018-10-25', '12:30', 1),
(1, '2018-10-25', '16:00', 1),
(1, '2018-10-25', '17:30', 1),
(1, '2018-10-25', '19:00', 1),
(1, '2018-10-25', '20:30', 1),
(1, '2018-10-25', '22:00', 1),
(1, '2018-10-26', '11:00', 1),
(1, '2018-10-26', '12:30', 1),
(1, '2018-10-26', '16:00', 1),
(1, '2018-10-26', '17:30', 1),
(1, '2018-10-26', '19:00', 1),
(1, '2018-10-26', '20:30', 1),
(1, '2018-10-26', '22:00', 1),
(1, '2018-10-27', '11:00', 1),
(1, '2018-10-27', '12:30', 1),
(1, '2018-10-27', '16:00', 1),
(1, '2018-10-27', '17:30', 1),
(1, '2018-10-27', '19:00', 1),
(1, '2018-10-27', '20:30', 1),
(1, '2018-10-27', '22:00', 1),
(1, '2018-10-28', '11:00', 1),
(1, '2018-10-28', '12:30', 1),
(1, '2018-10-28', '16:00', 1),
(1, '2018-10-28', '17:30', 1),
(1, '2018-10-28', '19:00', 1),
(1, '2018-10-28', '20:30', 1),
(1, '2018-10-28', '22:00', 1),
(1, '2018-10-29', '11:00', 1),
(1, '2018-10-29', '12:30', 1),
(1, '2018-10-29', '16:00', 1),
(1, '2018-10-29', '17:30', 1),
(1, '2018-10-29', '19:00', 1),
(1, '2018-10-29', '20:30', 1),
(1, '2018-10-29', '22:00', 1),
(2, '2018-10-23', '11:00', 1),
(2, '2018-10-23', '12:30', 1),
(2, '2018-10-23', '16:00', 1),
(2, '2018-10-23', '17:30', 1),
(2, '2018-10-23', '19:00', 1),
(2, '2018-10-23', '20:30', 1),
(2, '2018-10-23', '22:00', 1),
(2, '2018-10-24', '11:00', 1),
(2, '2018-10-24', '12:30', 1),
(2, '2018-10-24', '16:00', 1),
(2, '2018-10-24', '17:30', 1),
(2, '2018-10-24', '19:00', 1),
(2, '2018-10-24', '20:30', 1),
(2, '2018-10-24', '22:00', 1),
(2, '2018-10-25', '11:00', 1),
(2, '2018-10-25', '12:30', 1),
(2, '2018-10-25', '16:00', 1),
(2, '2018-10-25', '17:30', 1),
(2, '2018-10-25', '19:00', 1),
(2, '2018-10-25', '20:30', 1),
(2, '2018-10-25', '22:00', 1),
(2, '2018-10-26', '11:00', 1),
(2, '2018-10-26', '12:30', 1),
(2, '2018-10-26', '16:00', 1),
(2, '2018-10-26', '17:30', 1),
(2, '2018-10-26', '19:00', 1),
(2, '2018-10-26', '20:30', 1),
(2, '2018-10-26', '22:00', 1),
(2, '2018-10-27', '11:00', 1),
(2, '2018-10-27', '12:30', 1),
(2, '2018-10-27', '16:00', 1),
(2, '2018-10-27', '17:30', 1),
(2, '2018-10-27', '19:00', 1),
(2, '2018-10-27', '20:30', 1),
(2, '2018-10-27', '22:00', 1),
(2, '2018-10-28', '11:00', 1),
(2, '2018-10-28', '12:30', 1),
(2, '2018-10-28', '16:00', 1),
(2, '2018-10-28', '17:30', 1),
(2, '2018-10-28', '19:00', 1),
(2, '2018-10-28', '20:30', 1),
(2, '2018-10-28', '22:00', 1),
(2, '2018-10-29', '11:00', 1),
(2, '2018-10-29', '12:30', 1),
(2, '2018-10-29', '16:00', 1),
(2, '2018-10-29', '17:30', 1),
(2, '2018-10-29', '19:00', 1),
(2, '2018-10-29', '20:30', 1),
(2, '2018-10-29', '22:00', 1),
(3, '2018-10-23', '11:00', 1),
(3, '2018-10-23', '12:30', 1),
(3, '2018-10-23', '16:00', 1),
(3, '2018-10-23', '17:30', 1),
(3, '2018-10-23', '19:00', 1),
(3, '2018-10-23', '20:30', 1),
(3, '2018-10-23', '22:00', 1),
(3, '2018-10-24', '11:00', 1),
(3, '2018-10-24', '12:30', 1),
(3, '2018-10-24', '16:00', 1),
(3, '2018-10-24', '17:30', 1),
(3, '2018-10-24', '19:00', 1),
(3, '2018-10-24', '20:30', 1),
(3, '2018-10-24', '22:00', 1),
(3, '2018-10-25', '11:00', 1),
(3, '2018-10-25', '12:30', 1),
(3, '2018-10-25', '16:00', 1),
(3, '2018-10-25', '17:30', 1),
(3, '2018-10-25', '19:00', 1),
(3, '2018-10-25', '20:30', 1),
(3, '2018-10-25', '22:00', 1),
(3, '2018-10-26', '11:00', 1),
(3, '2018-10-26', '12:30', 1),
(3, '2018-10-26', '16:00', 1),
(3, '2018-10-26', '17:30', 1),
(3, '2018-10-26', '19:00', 1),
(3, '2018-10-26', '20:30', 1),
(3, '2018-10-26', '22:00', 1),
(3, '2018-10-27', '11:00', 1),
(3, '2018-10-27', '12:30', 1),
(3, '2018-10-27', '16:00', 1),
(3, '2018-10-27', '17:30', 1),
(3, '2018-10-27', '19:00', 1),
(3, '2018-10-27', '20:30', 1),
(3, '2018-10-27', '22:00', 1),
(3, '2018-10-28', '11:00', 1),
(3, '2018-10-28', '12:30', 1),
(3, '2018-10-28', '16:00', 1),
(3, '2018-10-28', '17:30', 1),
(3, '2018-10-28', '19:00', 1),
(3, '2018-10-28', '20:30', 1),
(3, '2018-10-28', '22:00', 1),
(3, '2018-10-29', '11:00', 1),
(3, '2018-10-29', '12:30', 1),
(3, '2018-10-29', '16:00', 1),
(3, '2018-10-29', '17:30', 1),
(3, '2018-10-29', '19:00', 1),
(3, '2018-10-29', '20:30', 1),
(3, '2018-10-29', '22:00', 1),
(4, '2018-10-23', '11:00', 1),
(4, '2018-10-23', '12:30', 1),
(4, '2018-10-23', '16:00', 1),
(4, '2018-10-23', '17:30', 1),
(4, '2018-10-23', '19:00', 1),
(4, '2018-10-23', '20:30', 1),
(4, '2018-10-23', '22:00', 1),
(4, '2018-10-24', '11:00', 1),
(4, '2018-10-24', '12:30', 1),
(4, '2018-10-24', '16:00', 1),
(4, '2018-10-24', '17:30', 1),
(4, '2018-10-24', '19:00', 1),
(4, '2018-10-24', '20:30', 1),
(4, '2018-10-24', '22:00', 1),
(4, '2018-10-25', '11:00', 1),
(4, '2018-10-25', '12:30', 1),
(4, '2018-10-25', '16:00', 1),
(4, '2018-10-25', '17:30', 1),
(4, '2018-10-25', '19:00', 1),
(4, '2018-10-25', '20:30', 1),
(4, '2018-10-25', '22:00', 1),
(4, '2018-10-26', '11:00', 1),
(4, '2018-10-26', '12:30', 1),
(4, '2018-10-26', '16:00', 1),
(4, '2018-10-26', '17:30', 1),
(4, '2018-10-26', '19:00', 1),
(4, '2018-10-26', '20:30', 1),
(4, '2018-10-26', '22:00', 1),
(4, '2018-10-27', '11:00', 1),
(4, '2018-10-27', '12:30', 1),
(4, '2018-10-27', '16:00', 1),
(4, '2018-10-27', '17:30', 1),
(4, '2018-10-27', '19:00', 1),
(4, '2018-10-27', '20:30', 1),
(4, '2018-10-27', '22:00', 1),
(4, '2018-10-28', '11:00', 1),
(4, '2018-10-28', '12:30', 1),
(4, '2018-10-28', '16:00', 1),
(4, '2018-10-28', '17:30', 1),
(4, '2018-10-28', '19:00', 1),
(4, '2018-10-28', '20:30', 1),
(4, '2018-10-28', '22:00', 1),
(4, '2018-10-29', '11:00', 1),
(4, '2018-10-29', '12:30', 1),
(4, '2018-10-29', '16:00', 1),
(4, '2018-10-29', '17:30', 1),
(4, '2018-10-29', '19:00', 1),
(4, '2018-10-29', '20:30', 1),
(4, '2018-10-29', '22:00', 1);

--
-- Volcado de datos para la tabla `promociones`
--

INSERT INTO `promociones` (`Fecha`, `Hora`) VALUES
('2018-10-23', '12:30'),
('2018-10-23', '16:00');

--
-- Volcado de datos para la tabla `reserva`
--

INSERT INTO `reserva` (`Usuario_Dni`, `Pista_idPista`, `Pista_Fecha`, `Pista_Hora`) VALUES
('52349896X', 1, '2018-10-23', '11:00'),
('50890587M', 1, '2018-10-23', '17:30');
/*
INSERT INTO `enfrentamiento` (`IdCampeonato`, `Tipo`, `Nivel`, `Letra`, `NumEnfrentamiento`, `NumPareja`, `Resultado`,`EstadoPropuesta`) VALUES
;
 */
 
SET SQL_MODE=@OLD_SQL_MODE;
SET FOREIGN_KEY_CHECKS=@OLD_FOREIGN_KEY_CHECKS;
SET UNIQUE_CHECKS=@OLD_UNIQUE_CHECKS;
