-- MySQL Script generated by MySQL Workbench
-- Tue Oct 23 18:10:16 2018
-- Model: New Model    Version: 1.0
-- MySQL Workbench Forward Engineering

SET @OLD_UNIQUE_CHECKS=@@UNIQUE_CHECKS, UNIQUE_CHECKS=0;
SET @OLD_FOREIGN_KEY_CHECKS=@@FOREIGN_KEY_CHECKS, FOREIGN_KEY_CHECKS=0;
SET @OLD_SQL_MODE=@@SQL_MODE, SQL_MODE='ONLY_FULL_GROUP_BY,STRICT_TRANS_TABLES,NO_ZERO_IN_DATE,NO_ZERO_DATE,ERROR_FOR_DIVISION_BY_ZERO,NO_ENGINE_SUBSTITUTION';

-- -----------------------------------------------------
-- Schema AbpBase
-- -----------------------------------------------------
DROP SCHEMA IF EXISTS `AbpBase` ;

-- -----------------------------------------------------
-- Schema AbpBase
-- -----------------------------------------------------
CREATE SCHEMA IF NOT EXISTS `AbpBase` DEFAULT CHARACTER SET utf8 ;
USE `AbpBase` ;

GRANT USAGE ON * . * TO `user`@`localhost`;
	DROP USER `user`@`localhost`;


CREATE USER IF NOT EXISTS `user`@`localhost` IDENTIFIED BY 'pass';
GRANT USAGE ON *.* TO `user`@`localhost` REQUIRE NONE WITH MAX_QUERIES_PER_HOUR 0 MAX_CONNECTIONS_PER_HOUR 0 MAX_UPDATES_PER_HOUR 0 MAX_USER_CONNECTIONS 0;
GRANT ALL PRIVILEGES ON `abpbase`.* TO `user`@`localhost` WITH GRANT OPTION;

-- -----------------------------------------------------
-- Table `AbpBase`.`Pista`
-- -----------------------------------------------------
DROP TABLE IF EXISTS `AbpBase`.`Pista` ;

CREATE TABLE IF NOT EXISTS `AbpBase`.`Pista` (
  `idPista` INT NOT NULL,
  `Fecha` DATE NOT NULL,
  `Hora` TIME NOT NULL,
  `Disponibilidad` TINYINT NOT NULL,
  PRIMARY KEY (`idPista`, `Fecha`, `Hora`))
ENGINE = InnoDB;


-- -----------------------------------------------------
-- Table `AbpBase`.`Usuario`
-- -----------------------------------------------------
DROP TABLE IF EXISTS `AbpBase`.`Usuario` ;

CREATE TABLE IF NOT EXISTS `AbpBase`.`Usuario` (
  `Dni` VARCHAR(9) NOT NULL,
  `Login` VARCHAR(25) NOT NULL,
  `Password` VARCHAR(128) NOT NULL,
  `Nombre` VARCHAR(30) NOT NULL,
  `Apellidos` VARCHAR(45) NOT NULL,
  `Sexo` VARCHAR(6) CHARACTER SET 'armscii8' NOT NULL,
  `Tipo` VARCHAR(12) NOT NULL,
  `Telefono` VARCHAR(14) NOT NULL,
  PRIMARY KEY (`Dni`),
  UNIQUE INDEX `Login_UNIQUE` (`Login` ASC) )
ENGINE = InnoDB;



-- -----------------------------------------------------
-- Table `AbpBase`.`Campeonato`
-- -----------------------------------------------------
DROP TABLE IF EXISTS `AbpBase`.`Campeonato` ;

CREATE TABLE IF NOT EXISTS `AbpBase`.`Campeonato` (
  `IdCampeonato` INT NOT NULL,
  `FechaIni` DATE NOT NULL,
  `HoraIni` TIME NOT NULL,
  `FechaFin` DATE NOT NULL,
  `HoraFin` TIME NOT NULL,
  PRIMARY KEY (`IdCampeonato`))
ENGINE = InnoDB;


-- -----------------------------------------------------
-- Table `AbpBase`.`Categoria`
-- -----------------------------------------------------
DROP TABLE IF EXISTS `AbpBase`.`Categoria` ;

CREATE TABLE IF NOT EXISTS `AbpBase`.`Categoria` (
  `IdCampeonato` INT NOT NULL,
  `Tipo` VARCHAR(10) NOT NULL,
  `Nivel` INT NOT NULL,
  PRIMARY KEY (`IdCampeonato`, `Tipo`, `Nivel`),
  INDEX `fk_Campeonato_has_Categoria_idx` (`IdCampeonato` ASC) ,
  CONSTRAINT `fk_Campeonato_has_Categoria_idx`
    FOREIGN KEY (`IdCampeonato`)
    REFERENCES `AbpBase`.`Campeonato` (`IdCampeonato`)
    ON DELETE NO ACTION
    ON UPDATE NO ACTION)
ENGINE = InnoDB;


-- -----------------------------------------------------
-- Table `AbpBase`.`Pareja`
-- -----------------------------------------------------
DROP TABLE IF EXISTS `AbpBase`.`Pareja` ;

CREATE TABLE IF NOT EXISTS `AbpBase`.`Pareja` (
  `idCampeonato` INT NOT NULL,
  `Tipo` VARCHAR(10) NOT NULL,
  `Nivel` INT NOT NULL,
  `NumPareja` INT NOT NULL,
  `Capitan` VARCHAR(12) NOT NULL,
  PRIMARY KEY (`idCampeonato`, `Tipo`, `Nivel`, `NumPareja`),
  CONSTRAINT `fk_par_cat`
    FOREIGN KEY (`idCampeonato` , `Tipo` , `Nivel`)
    REFERENCES `AbpBase`.`Categoria` (`IdCampeonato` , `Tipo` , `Nivel`)
    ON DELETE NO ACTION
    ON UPDATE NO ACTION)
ENGINE = InnoDB;


-- -----------------------------------------------------
-- Table `AbpBase`.`Grupo`
-- -----------------------------------------------------
DROP TABLE IF EXISTS `AbpBase`.`Grupo` ;

CREATE TABLE IF NOT EXISTS `AbpBase`.`Grupo` (
  `IdCampeonato` INT NOT NULL,
  `Tipo` VARCHAR(10) NOT NULL,
  `Nivel` INT NOT NULL,
  `Letra` CHAR NOT NULL,
  PRIMARY KEY (`IdCampeonato`, `Tipo`, `Nivel`, `Letra`),
  INDEX `fk_Categoria_has_Grupo_idx` (`IdCampeonato` ASC, `Tipo` ASC,`Nivel` ASC) ,
  CONSTRAINT `fk_Categoria_has_Grupo_idx`
    FOREIGN KEY (`IdCampeonato` , `Tipo` , `Nivel`)
    REFERENCES `AbpBase`.`Categoria` (`IdCampeonato` , `Tipo` , `Nivel`)
    ON DELETE NO ACTION
    ON UPDATE NO ACTION)
ENGINE = InnoDB;


-- -----------------------------------------------------
-- Table `AbpBase`.`Partido`
-- -----------------------------------------------------
DROP TABLE IF EXISTS `AbpBase`.`Partido` ;

CREATE TABLE IF NOT EXISTS `AbpBase`.`Partido` (
  `IdCampeonato` INT NOT NULL,
  `Tipo` VARCHAR(10) NOT NULL,
  `Nivel` INT NOT NULL,
  `Grupo_Letra` CHAR NOT NULL,
  `NumEnfrentamiento` INT NOT NULL,
  `Fecha` DATE NULL,
  `Hora` TIME NULL,
  `ParejaGanadora` INT NULL,
  `ParejaPerdedora`INT NULL,
  PRIMARY KEY (`IdCampeonato`, `Tipo`, `Nivel`, `Grupo_Letra`, `NumEnfrentamiento`),
    INDEX `fk_Grupo_has_Partido_idx` (`IdCampeonato` ASC, `Tipo` ASC,`Nivel` ASC,`Grupo_Letra` ASC) ,
  CONSTRAINT `fk_Grupo_has_Partido_idx`
    FOREIGN KEY (`IdCampeonato` , `Tipo` , `Nivel` , `Grupo_Letra`)
    REFERENCES `AbpBase`.`Grupo` (`IdCampeonato` , `Tipo` , `Nivel` , `Letra`)
    ON DELETE NO ACTION
    ON UPDATE NO ACTION)
ENGINE = InnoDB;


-- -----------------------------------------------------
-- Table `AbpBase`.`Promociones`
-- -----------------------------------------------------
DROP TABLE IF EXISTS `AbpBase`.`Promociones` ;

CREATE TABLE IF NOT EXISTS `AbpBase`.`Promociones` (
  `Fecha` DATE NOT NULL,
  `Hora` TIME NOT NULL,
  PRIMARY KEY (`Fecha`, `Hora`))
ENGINE = InnoDB;


-- -----------------------------------------------------
-- Table `AbpBase`.`InscripcionPromociones`
-- -----------------------------------------------------
DROP TABLE IF EXISTS `AbpBase`.`InscripcionPromociones` ;

CREATE TABLE IF NOT EXISTS `AbpBase`.`InscripcionPromociones` (
  `Usuario_Dni` VARCHAR(9) NOT NULL,
  `Promociones_Fecha` DATE NOT NULL,
  `Promociones_Hora` TIME NOT NULL,
  PRIMARY KEY (`Usuario_Dni`, `Promociones_Fecha`, `Promociones_Hora`),
  INDEX `fk_Usuario_has_Promociones_Promociones1_idx` (`Promociones_Fecha` ASC, `Promociones_Hora` ASC) ,
  INDEX `fk_Usuario_has_Promociones_Usuario1_idx` (`Usuario_Dni` ASC) ,
  CONSTRAINT `fk_Usuario_has_Promociones_Usuario1`
    FOREIGN KEY (`Usuario_Dni`)
    REFERENCES `AbpBase`.`Usuario` (`Dni`)
    ON DELETE NO ACTION
    ON UPDATE NO ACTION,
  CONSTRAINT `fk_Usuario_has_Promociones_Promociones1`
    FOREIGN KEY (`Promociones_Fecha` , `Promociones_Hora`)
    REFERENCES `AbpBase`.`Promociones` (`Fecha` , `Hora`)
    ON DELETE NO ACTION
    ON UPDATE NO ACTION)
ENGINE = InnoDB;


-- -----------------------------------------------------
-- Table `AbpBase`.`UsuarioParejas`
-- -----------------------------------------------------
DROP TABLE IF EXISTS `AbpBase`.`UsuarioParejas` ;

CREATE TABLE IF NOT EXISTS `AbpBase`.`UsuarioParejas` (
  `Usuario_Dni` VARCHAR(9) NOT NULL,
  `Pareja_idCampeonato` INT NOT NULL,
  `Pareja_Tipo` VARCHAR(10) NOT NULL,
  `Pareja_Nivel` INT NOT NULL,
  `Pareja_NumPareja` INT NOT NULL,
  PRIMARY KEY (`Usuario_Dni`, `Pareja_idCampeonato`, `Pareja_Tipo`, `Pareja_Nivel`, `Pareja_NumPareja`),
  INDEX `fk_Usuario_has_Pareja_Pareja1_idx` (`Pareja_idCampeonato` ASC, `Pareja_Tipo` ASC, `Pareja_Nivel` ASC, `Pareja_NumPareja` ASC) ,
  INDEX `fk_Usuario_has_Pareja_Usuario1_idx` (`Usuario_Dni` ASC) ,
  CONSTRAINT `fk_Usuario_has_Pareja_Usuario1`
    FOREIGN KEY (`Usuario_Dni`)
    REFERENCES `AbpBase`.`Usuario` (`Dni`)
    ON DELETE NO ACTION
    ON UPDATE NO ACTION,
  CONSTRAINT `fk_Usuario_has_Pareja_Pareja1`
    FOREIGN KEY (`Pareja_idCampeonato` , `Pareja_Tipo` , `Pareja_Nivel` , `Pareja_NumPareja`)
    REFERENCES `AbpBase`.`Pareja` (`idCampeonato` , `Tipo` , `Nivel` , `NumPareja`)
    ON DELETE NO ACTION
    ON UPDATE NO ACTION)
ENGINE = InnoDB;


-- -----------------------------------------------------
-- Table `AbpBase`.`Enfrentamiento`
-- -----------------------------------------------------
DROP TABLE IF EXISTS `AbpBase`.`Enfrentamiento` ;

CREATE TABLE IF NOT EXISTS `AbpBase`.`Enfrentamiento` (
  `IdCampeonato` INT NOT NULL,
  `Tipo` VARCHAR(10) NOT NULL,
  `Nivel` INT NOT NULL,
  `Letra` CHAR NOT NULL,
  `NumEnfrentamiento` INT NOT NULL,
  `NumPareja` INT NOT NULL,
  `ResultadoSet1` INT NULL,
  `ResultadoSet2` INT NULL,
  `ResultadoSet3` INT NULL,
  `EstadoPropuesta` INT NOT NULL,
  PRIMARY KEY (`IdCampeonato`, `Tipo`, `Nivel`, `Letra`, `NumEnfrentamiento`, `NumPareja`),
  INDEX `fk_Pareja_has_Partido_Pareja1_idx` (`IdCampeonato` ASC, `Tipo` ASC, `Nivel` ASC, `NumPareja` ASC) ,
  CONSTRAINT `fk_Pareja_has_Partido_Pareja1`
    FOREIGN KEY (`IdCampeonato` , `Tipo` , `Nivel` , `NumPareja`)
    REFERENCES `AbpBase`.`Pareja` (`idCampeonato` , `Tipo` , `Nivel` , `NumPareja`)
    ON DELETE NO ACTION
    ON UPDATE NO ACTION,
  CONSTRAINT `fk_Pareja_has_Partido_Partido1`
    FOREIGN KEY (`IdCampeonato` , `Tipo` , `Nivel` , `Letra` , `NumEnfrentamiento`)
    REFERENCES `AbpBase`.`Partido` (`IdCampeonato` , `Tipo` , `Nivel` , `Grupo_Letra` , `NumEnfrentamiento`)
    ON DELETE NO ACTION
    ON UPDATE NO ACTION)
ENGINE = InnoDB;


-- -----------------------------------------------------
-- Table `AbpBase`.`Reserva`
-- -----------------------------------------------------
DROP TABLE IF EXISTS `AbpBase`.`Reserva` ;

CREATE TABLE IF NOT EXISTS `AbpBase`.`Reserva` (
  `Usuario_Dni` VARCHAR(9) NOT NULL,
  `Pista_idPista` INT NOT NULL,
  `Pista_Fecha` DATE NOT NULL,
  `Pista_Hora` TIME NOT NULL,
  PRIMARY KEY (`Usuario_Dni`, `Pista_idPista`, `Pista_Fecha`, `Pista_Hora`),
  INDEX `fk_Usuario_has_Pista_Pista1_idx` (`Pista_idPista` ASC, `Pista_Fecha` ASC, `Pista_Hora` ASC) ,
  INDEX `fk_Usuario_has_Pista_Usuario1_idx` (`Usuario_Dni` ASC) ,
  CONSTRAINT `fk_Usuario_has_Pista_Usuario1`
    FOREIGN KEY (`Usuario_Dni`)
    REFERENCES `AbpBase`.`Usuario` (`Dni`)
    ON DELETE NO ACTION
    ON UPDATE NO ACTION,
  CONSTRAINT `fk_Usuario_has_Pista_Pista1`
    FOREIGN KEY (`Pista_idPista` , `Pista_Fecha` , `Pista_Hora`)
    REFERENCES `AbpBase`.`Pista` (`idPista` , `Fecha` , `Hora`)
    ON DELETE NO ACTION
    ON UPDATE NO ACTION)
ENGINE = InnoDB;

USE `AbpBase` ;

-- -----------------------------------------------------
-- Placeholder table for view `AbpBase`.`Clasificacion`
-- -----------------------------------------------------
CREATE TABLE IF NOT EXISTS `AbpBase`.`Clasificacion` (`IdCampeonato` INT, `Tipo` INT, `Nivel` INT, `Letra` INT, `Login` INT);

-- -----------------------------------------------------
-- View `AbpBase`.`Clasificacion`
-- -----------------------------------------------------
DROP TABLE IF EXISTS `AbpBase`.`Clasificacion`;
DROP VIEW IF EXISTS `AbpBase`.`Clasificacion` ;
USE `AbpBase`;
CREATE OR REPLACE VIEW `Clasificacion` AS SELECT
DISTINCT E.IdCampeonato,E.Tipo, E.Nivel,E.Letra,E.NumPareja, ((SELECT COUNT(*)*3 FROM partido WHERE E.IdCampeonato = IdCampeonato && E.Tipo = Tipo && E.Nivel = Nivel && E.Letra = Grupo_Letra && ParejaGanadora = E.NumPareja)+ (SELECT COUNT(*) FROM partido WHERE E.IdCampeonato = IdCampeonato && E.Tipo = Tipo && E.Nivel = Nivel && E.Letra = Grupo_Letra && ParejaPerdedora = E.NumPareja)) as Puntos
FROM ENFRENTAMIENTO E,PARTIDO P
WHERE  E.NumEnfrentamiento = P.NumEnfrentamiento
ORDER BY E.Letra,Puntos DESC;



--
-- Volcado de datos para la tabla `categoria`
--
INSERT INTO `categoria` (`IdCampeonato`, `Tipo`, `Nivel`) VALUES
(3, 'Femenino', 1),
(3, 'Masculino', 2),
(3, 'Masculino', 1),
(5, 'Masculino', 1);



--
-- Volcado de datos para la tabla `pareja`
--

INSERT INTO `pareja` (`idCampeonato`, `Tipo`, `Nivel`, `NumPareja`, `Capitan`) VALUES
(3, 'Masculino', 1, 1, 'a'),
(3, 'Masculino', 1, 2, 'c'),
(3, 'Masculino', 1, 3, 'e'),
(3, 'Masculino', 1, 4, 'avcid0'),
(3, 'Masculino', 1, 5, 'avcid2'),
(3, 'Masculino', 1, 6, 'avcid5'),
(3, 'Masculino', 1, 7, 'avcid7'),
(3, 'Masculino', 1, 8, 'avcid9'),
(3, 'Masculino', 1, 9, 'usuario1'),
(3, 'Masculino', 1, 10, 'usuario3'),
(3, 'Masculino', 1, 11, 'usuario5'),
(3, 'Masculino', 1, 12, 'usuario7'),
(3, 'Masculino', 1, 13, 'usuario9'),
(3, 'Masculino', 1, 14, 'usuario11'),
(3, 'Masculino', 1, 15, 'usuario13'),
(3, 'Masculino', 1, 16, 'usuario16'),
(3, 'Masculino', 1, 17, 'usuario18'),
(3, 'Masculino', 1, 18, 'usuario20'),
(3, 'Masculino', 1, 19, 'usuario22'),
(3, 'Masculino', 1, 20, 'usuario24'),
(3, 'Masculino', 1, 21, 'usuario26'),
(3, 'Masculino', 1, 22, 'usuario28'),
(3, 'Masculino', 1, 23, 'usuario30'),
(3, 'Masculino', 1, 24, 'usuario32'),
(3, 'Masculino', 1, 25, 'usuario34'),
(3, 'Masculino', 1, 26, 'usuario36'),
(3, 'Masculino', 1, 27, 'usuario38'),
(3, 'Masculino', 1, 28, 'usuario40'),
(3, 'Masculino', 1, 29, 'usuario43'),
(3, 'Masculino', 1, 30, 'usuario45'),
(3, 'Masculino', 1, 31, 'usuario47'),
(3, 'Masculino', 1, 32, 'usuario49'),
(3, 'Masculino', 1, 33, 'usuario51'),
(3, 'Masculino', 1, 34, 'usuario53'),
(3, 'Masculino', 1, 35, 'usuario55'),
(3, 'Masculino', 1, 36, 'usuario57'),
(3, 'Masculino', 1, 37, 'usuario59'),
(3, 'Masculino', 1, 38, 'usuario61'),
(3, 'Masculino', 1, 39, 'usuario63'),
(3, 'Masculino', 1, 40, 'usuario65'),
(3, 'Masculino', 1, 41, 'usuario67'),
(3, 'Masculino', 1, 42, 'usuario70'),
(3, 'Masculino', 1, 43, 'usuario72'),
(3, 'Masculino', 1, 44, 'usuario74'),
(3, 'Masculino', 1, 45, 'usuario76'),
(3, 'Masculino', 1, 46, 'usuario78'),
(3, 'Masculino', 1, 47, 'usuario80'),
(3, 'Masculino', 1, 48, 'usuario82'),
(3, 'Masculino', 1, 49, 'usuario84'),
(3, 'Masculino', 1, 50, 'usuario86'),
(3, 'Masculino', 1, 51, 'usuario88'),
(3, 'Masculino', 1, 52, 'usuario90'),
(3, 'Masculino', 1, 53, 'usuario92'),
(3, 'Masculino', 1, 54, 'usuario94'),
(3, 'Masculino', 1, 55, 'usuario97'),
(3, 'Masculino', 1, 56, 'usuario99'),
(3, 'Masculino', 1, 57, 'usuario101'),
(3, 'Masculino', 1, 58, 'usuario103'),
(3, 'Masculino', 1, 59, 'usuario105'),
(3, 'Masculino', 1, 60, 'usuario107'),
(3, 'Masculino', 1, 61, 'usuario109'),
(3, 'Masculino', 1, 62, 'usuario111'),
(3, 'Masculino', 1, 63, 'usuario113'),
(3, 'Masculino', 1, 64, 'usuario115'),
(3, 'Masculino', 1, 65, 'usuario117'),
(3, 'Masculino', 1, 66, 'usuario119'),
(3, 'Masculino', 1, 67, 'usuario121'),
(3, 'Masculino', 1, 68, 'usuario123'),
(3, 'Masculino', 1, 69, 'usuario125'),
(3, 'Masculino', 1, 70, 'usuario127'),
(3, 'Masculino', 1, 71, 'usuario129'),
(3, 'Masculino', 1, 72, 'usuario131'),
(3, 'Masculino', 1, 73, 'usuario133'),
(3, 'Masculino', 1, 74, 'usuario135'),
(3, 'Masculino', 1, 75, 'usuario137'),
(3, 'Masculino', 1, 76, 'usuario139'),
(3, 'Masculino', 1, 77, 'usuario141'),
(3, 'Masculino', 1, 78, 'usuario143'),
(3, 'Masculino', 1, 79, 'usuario145'),
(3, 'Masculino', 1, 80, 'usuario147'),
(3, 'Masculino', 1, 81, 'usuario149'),
(3, 'Masculino', 1, 82, 'usuario151'),
(3, 'Masculino', 1, 83, 'usuario153'),
(3, 'Masculino', 1, 84, 'usuario155'),
(3, 'Masculino', 1, 85, 'usuario157'),
(3, 'Masculino', 1, 86, 'usuario159'),
(3, 'Masculino', 1, 87, 'usuario161'),
(3, 'Masculino', 1, 88, 'usuario163'),
(3, 'Masculino', 1, 89, 'usuario165'),
(3, 'Masculino', 1, 90, 'usuario167'),
(3, 'Masculino', 1, 91, 'usuario169'),
(3, 'Masculino', 1, 92, 'usuario171'),
(3, 'Masculino', 1, 93, 'usuario173'),
(3, 'Masculino', 1, 94, 'usuario175'),
(3, 'Masculino', 1, 95, 'usuario177'),
(3, 'Masculino', 1, 96, 'usuario179'),

(5, 'Masculino', 1, 1, 'a'),
(5, 'Masculino', 1, 2, 'c'),
(5, 'Masculino', 1, 3, 'e'),
(5, 'Masculino', 1, 4, 'avcid0'),
(5, 'Masculino', 1, 5, 'avcid2'),
(5, 'Masculino', 1, 6, 'avcid5'),
(5, 'Masculino', 1, 7, 'avcid7'),
(5, 'Masculino', 1, 8, 'avcid9'),
(5, 'Masculino', 1, 9, 'usuario1'),
(5, 'Masculino', 1, 10, 'usuario3'),
(5, 'Masculino', 1, 11, 'usuario5'),
(5, 'Masculino', 1, 12, 'usuario7'),
(5, 'Masculino', 1, 13, 'usuario9'),
(5, 'Masculino', 1, 14, 'usuario11'),
(5, 'Masculino', 1, 15, 'usuario13'),
(5, 'Masculino', 1, 16, 'usuario16'),
(5, 'Masculino', 1, 17, 'usuario18'),
(5, 'Masculino', 1, 18, 'usuario20'),
(5, 'Masculino', 1, 19, 'usuario22'),
(5, 'Masculino', 1, 20, 'usuario24'),
(5, 'Masculino', 1, 21, 'usuario26'),
(5, 'Masculino', 1, 22, 'usuario28'),
(5, 'Masculino', 1, 23, 'usuario30'),
(5, 'Masculino', 1, 24, 'usuario32'),
(5, 'Masculino', 1, 25, 'usuario34'),
(5, 'Masculino', 1, 26, 'usuario36'),
(5, 'Masculino', 1, 27, 'usuario38'),
(5, 'Masculino', 1, 28, 'usuario40'),
(5, 'Masculino', 1, 29, 'usuario43'),
(5, 'Masculino', 1, 30, 'usuario45'),
(5, 'Masculino', 1, 31, 'usuario47'),
(5, 'Masculino', 1, 32, 'usuario49'),
(5, 'Masculino', 1, 33, 'usuario51'),
(5, 'Masculino', 1, 34, 'usuario53'),
(5, 'Masculino', 1, 35, 'usuario55'),
(5, 'Masculino', 1, 36, 'usuario57'),
(5, 'Masculino', 1, 37, 'usuario59'),
(5, 'Masculino', 1, 38, 'usuario61'),
(5, 'Masculino', 1, 39, 'usuario63'),
(5, 'Masculino', 1, 40, 'usuario65'),
(5, 'Masculino', 1, 41, 'usuario67'),
(5, 'Masculino', 1, 42, 'usuario70'),
(5, 'Masculino', 1, 43, 'usuario72'),
(5, 'Masculino', 1, 44, 'usuario74'),
(5, 'Masculino', 1, 45, 'usuario76'),
(5, 'Masculino', 1, 46, 'usuario78'),
(5, 'Masculino', 1, 47, 'usuario80'),
(5, 'Masculino', 1, 48, 'usuario82'),
(5, 'Masculino', 1, 49, 'usuario84'),
(5, 'Masculino', 1, 50, 'usuario86'),
(5, 'Masculino', 1, 51, 'usuario88'),
(5, 'Masculino', 1, 52, 'usuario90'),
(5, 'Masculino', 1, 53, 'usuario92'),
(5, 'Masculino', 1, 54, 'usuario94'),
(5, 'Masculino', 1, 55, 'usuario97'),
(5, 'Masculino', 1, 56, 'usuario99'),
(5, 'Masculino', 1, 57, 'usuario101'),
(5, 'Masculino', 1, 58, 'usuario103'),
(5, 'Masculino', 1, 59, 'usuario105'),
(5, 'Masculino', 1, 60, 'usuario107'),
(5, 'Masculino', 1, 61, 'usuario109'),
(5, 'Masculino', 1, 62, 'usuario111'),
(5, 'Masculino', 1, 63, 'usuario113'),
(5, 'Masculino', 1, 64, 'usuario115'),
(5, 'Masculino', 1, 65, 'usuario117'),
(5, 'Masculino', 1, 66, 'usuario119'),
(5, 'Masculino', 1, 67, 'usuario121'),
(5, 'Masculino', 1, 68, 'usuario123'),
(5, 'Masculino', 1, 69, 'usuario125'),
(5, 'Masculino', 1, 70, 'usuario127'),
(5, 'Masculino', 1, 71, 'usuario129'),
(5, 'Masculino', 1, 72, 'usuario131'),
(5, 'Masculino', 1, 73, 'usuario133'),
(5, 'Masculino', 1, 74, 'usuario135'),
(5, 'Masculino', 1, 75, 'usuario137'),
(5, 'Masculino', 1, 76, 'usuario139'),
(5, 'Masculino', 1, 77, 'usuario141'),
(5, 'Masculino', 1, 78, 'usuario143'),
(5, 'Masculino', 1, 79, 'usuario145'),
(5, 'Masculino', 1, 80, 'usuario147'),
(5, 'Masculino', 1, 81, 'usuario149'),
(5, 'Masculino', 1, 82, 'usuario151'),
(5, 'Masculino', 1, 83, 'usuario153'),
(5, 'Masculino', 1, 84, 'usuario155'),
(5, 'Masculino', 1, 85, 'usuario157'),
(5, 'Masculino', 1, 86, 'usuario159'),
(5, 'Masculino', 1, 87, 'usuario161'),
(5, 'Masculino', 1, 88, 'usuario163'),
(5, 'Masculino', 1, 89, 'usuario165'),
(5, 'Masculino', 1, 90, 'usuario167'),
(5, 'Masculino', 1, 91, 'usuario169'),
(5, 'Masculino', 1, 92, 'usuario171'),
(5, 'Masculino', 1, 93, 'usuario173'),
(5, 'Masculino', 1, 94, 'usuario175'),
(5, 'Masculino', 1, 95, 'usuario177'),
(5, 'Masculino', 1, 96, 'usuario179');

--
-- Volcado de datos para la tabla `partido`
--
/*
INSERT INTO `partido` (`IdCampeonato`, `Tipo`, `Nivel`, `Grupo_Letra`, `NumEnfrentamiento`, `Fecha`, `Hora`) VALUES
;*/
--
-- Volcado de datos para la tabla `usuario`
-- Los usuarios tienen todos la contraseña usuario menos el usuario(Administrador) cuya contraseña es admin
--

INSERT INTO `usuario` (`Dni`, `Login`, `Password`, `Nombre`, `Apellidos`, `Sexo`, `Tipo`, `Telefono`) VALUES
('09291497A', 'davurin', '9de928ec1ef8601960385d3ef0e99940', 'David', 'Prieto Lopez', 'Hombre', 'Deportista', '443534545'),
('38912547C', 'avcid7', '0b036829dd268bbbc8d8de5687d8542d', 'Alejan', 'Vila Cid', 'Hombre', 'Deportista', '647864188'),
('44701498D', 'avcid8', '7fea9d45ba983d6ee1da12b16a8a5518', 'Alejand', 'Vila Cid', 'Hombre', 'Deportista', '647864189'),
('00359456N', 'avcid9', 'b0a8da92935e2618d7d2d1ba11b37379', 'Alejandr', 'Vila Cid', 'Hombre', 'Deportista', '647864187'),
('95777182F', 'c', '4a8a08f09d37b73795649038408b5f33', 'c', 'c', 'Hombre', 'Deportista', '999999999'),
('10880946Z', 'leile', '06d1641fd3eb1d0589a6e6c83d4992e6', 'leile', 'le lei', 'Mujer', 'Deportista', '114658797'),
('89851361K', 'f', '8fa14cdd754f91cc6554c9e71929cce7', 'f', 'f', 'Hombre', 'Deportista', '666666666'),
('23293294K', 'luilu', 'cccfea6bb17ed97626af780bd3ffa3cf', 'luilu', 'lu lui', 'Mujer', 'Deportista', '452168792'),
('80070728T', 'a', '0cc175b9c0f1b6a831c399e269772661', 'a', 'a', 'Hombre', 'Deportista', '999999999'),
('23938086P', 'e', 'e1671797c52e15f763380b45e841ec32', 'e', 'e', 'Hombre', 'Deportista', '999999999'),
('57804949S', 'mfdiaz', '54cd358904ef041d1e89b6c73cc264a2', 'Miguel', 'Ferreiro Diaz', 'Hombre', 'Deportista', '123456789'),
('06826428M', 'avcid0', '21422e4b4af71034c9231c1f92ec1cb1', 'Alejandroo', 'Vila Cid', 'Hombre', 'Deportista', '647864180'),
('40948201J', 'avcid1', '8d175e3061a0cd33408e84885fd10062', 'A', 'Vila Cid', 'Hombre', 'Deportista', '647864181'),
('29415185W', 'avcid2', 'ae0dc71cb2989e2340b3ccb6c21ed811', 'Al', 'Vila Cid', 'Hombre', 'Deportista', '647864182'),
('57694242F', 'avcid4', '392bb0835f63a7ae3b68162630db12c1', 'Ale', 'Vila Cid', 'Hombre', 'Deportista', '647864183'),
('74226653H', 'avcid5', 'abbbb5d72fc74cf61ef31a32fe85e87d', 'Alej', 'Vila Cid', 'Hombre', 'Deportista', '647864185'),
('40230453A', 'avcid6', 'da2f8e0d863644b52092f9167cccfc82', 'Aleja', 'Vila Cid', 'Hombre', 'Deportista', '647864186'),
('59771683L', 'admin', '21232f297a57a5a743894a0e4a801fc3', 'admin', 'admin', 'Hombre', 'Admin', '687654987'),
('79351072Z', 'jaglez', '47747a3f07debbd856020e280fa2419e', 'Jacobo', 'Gonzalez Gonzalez', 'Hombre', 'Deportista', '765890434'),
('59666315Z', 'd', '8277e0910d750195b448797616e091ad', 'd', 'd', 'Mujer', 'Deportista', '666666666'),
('65707327F', 'b', '92eb5ffee6ae2fec3ad71c777531578f', 'b', 'b', 'Mujer', 'Deportista', '999999999'),

('45469088C', 'usuario1', 'f8032d5cae3de20fcec887f395ec9a6a', 'usuario', 'usu usu', 'Hombre', 'Deportista', '654654654'),
('37570953Q', 'usuario2', 'f8032d5cae3de20fcec887f395ec9a6a', 'usuario', 'usu usu', 'Hombre', 'Deportista', '654654654'),
('74663639G', 'usuario3', 'f8032d5cae3de20fcec887f395ec9a6a', 'usuario', 'usu usu', 'Hombre', 'Deportista', '654654654'),
('82156546V', 'usuario4', 'f8032d5cae3de20fcec887f395ec9a6a', 'usuario', 'usu usu', 'Hombre', 'Deportista', '654654654'),
('56024330X', 'usuario5', 'f8032d5cae3de20fcec887f395ec9a6a', 'usuario', 'usu usu ', 'Hombre', 'Deportista', '654654654'),
('05898864P', 'usuario6', 'f8032d5cae3de20fcec887f395ec9a6a', 'usuario', 'usu usu ', 'Hombre', 'Deportista', '654654654'),
('40448300V', 'usuario7', 'f8032d5cae3de20fcec887f395ec9a6a', 'usuario', 'usu usu ', 'Hombre', 'Deportista', '654654654'),
('13445176C', 'usuario8', 'f8032d5cae3de20fcec887f395ec9a6a', 'usuario', 'usu usu ', 'Hombre', 'Deportista', '654654654'),
('44483091X', 'usuario9', 'f8032d5cae3de20fcec887f395ec9a6a', 'usuario', 'usu usu ', 'Hombre', 'Deportista', '654654654'),
('35834906D', 'usuario10', 'f8032d5cae3de20fcec887f395ec9a6a', 'usuario', 'usu usu ', 'Hombre', 'Deportista', '654654654'),
('50618236C', 'usuario11', 'f8032d5cae3de20fcec887f395ec9a6a', 'usuario', 'usu usu ', 'Hombre', 'Deportista', '654654654'),
('32786735M', 'usuario12', 'f8032d5cae3de20fcec887f395ec9a6a', 'usuario', 'usu usu ', 'Hombre', 'Deportista', '654654654'),
('32565019D', 'usuario13', 'f8032d5cae3de20fcec887f395ec9a6a', 'usuario', 'usu usu ', 'Hombre', 'Deportista', '654654654'),
('88251025W', 'usuario14', 'f8032d5cae3de20fcec887f395ec9a6a', 'usuario', 'usu usu ', 'Hombre', 'Deportista', '654654654'),
('81513809S', 'usuario16', 'f8032d5cae3de20fcec887f395ec9a6a', 'usuario', 'usu usu ', 'Hombre', 'Deportista', '654654654'),
('04561455A', 'usuario17', 'f8032d5cae3de20fcec887f395ec9a6a', 'usuario', 'usu usu ', 'Hombre', 'Deportista', '654654654'),
('29779050F', 'usuario18', 'f8032d5cae3de20fcec887f395ec9a6a', 'usuario', 'usu usu ', 'Hombre', 'Deportista', '654654654'),
('07077003H', 'usuario19', 'f8032d5cae3de20fcec887f395ec9a6a', 'usuario', 'usu usu ', 'Hombre', 'Deportista', '654654654'),
('25056499T', 'usuario20', 'f8032d5cae3de20fcec887f395ec9a6a', 'usuario', 'usu usu ', 'Hombre', 'Deportista', '654654654'),
('12607050Z', 'usuario21', 'f8032d5cae3de20fcec887f395ec9a6a', 'usuario', 'usu usu ', 'Hombre', 'Deportista', '654654654'),
('69874841J', 'usuario22', 'f8032d5cae3de20fcec887f395ec9a6a', 'usuario', 'usu usu ', 'Hombre', 'Deportista', '654654654'),
('50157177L', 'usuario23', 'f8032d5cae3de20fcec887f395ec9a6a', 'usuario', 'usu usu ', 'Hombre', 'Deportista', '654654654'),
('37932435F', 'usuario24', 'f8032d5cae3de20fcec887f395ec9a6a', 'usuario', 'usu usu ', 'Hombre', 'Deportista', '654654654'),
('35548048F', 'usuario25', 'f8032d5cae3de20fcec887f395ec9a6a', 'usuario', 'usu usu ', 'Hombre', 'Deportista', '654654654'),
('89777657D', 'usuario26', 'f8032d5cae3de20fcec887f395ec9a6a', 'usuario', 'usu usu ', 'Hombre', 'Deportista', '654654654'),
('57191504A', 'usuario27', 'f8032d5cae3de20fcec887f395ec9a6a', 'usuario', 'usu usu ', 'Hombre', 'Deportista', '654654654'),

('61233894M', 'usuario28', 'f8032d5cae3de20fcec887f395ec9a6a', 'usuario', 'usu usu ', 'Hombre', 'Deportista', '654654654'),
('91971188F', 'usuario29', 'f8032d5cae3de20fcec887f395ec9a6a', 'usuario', 'usu usu ', 'Hombre', 'Deportista', '654654654'),
('36426773V', 'usuario30', 'f8032d5cae3de20fcec887f395ec9a6a', 'usuario', 'usu usu ', 'Hombre', 'Deportista', '654654654'),
('54841896Y', 'usuario31', 'f8032d5cae3de20fcec887f395ec9a6a', 'usuario', 'usu usu ', 'Hombre', 'Deportista', '654654654'),
('42868137R', 'usuario32', 'f8032d5cae3de20fcec887f395ec9a6a', 'usuario', 'usu usu ', 'Hombre', 'Deportista', '654654654'),
('46578649S', 'usuario33', 'f8032d5cae3de20fcec887f395ec9a6a', 'usuario', 'usu usu ', 'Hombre', 'Deportista', '654654654'),
('11940678K', 'usuario34', 'f8032d5cae3de20fcec887f395ec9a6a', 'usuario', 'usu usu ', 'Hombre', 'Deportista', '654654654'),
('36571256Z', 'usuario35', 'f8032d5cae3de20fcec887f395ec9a6a', 'usuario', 'usu usu ', 'Hombre', 'Deportista', '654654654'),
('17685270H', 'usuario36', 'f8032d5cae3de20fcec887f395ec9a6a', 'usuario', 'usu usu ', 'Hombre', 'Deportista', '654654654'),
('38832081P', 'usuario37', 'f8032d5cae3de20fcec887f395ec9a6a', 'usuario', 'usu usu ', 'Hombre', 'Deportista', '654654654'),
('85632192H', 'usuario38', 'f8032d5cae3de20fcec887f395ec9a6a', 'usuario', 'usu usu ', 'Hombre', 'Deportista', '654654654'),
('92560718R', 'usuario39', 'f8032d5cae3de20fcec887f395ec9a6a', 'usuario', 'usu usu ', 'Hombre', 'Deportista', '654654654'),
('37823374N', 'usuario40', 'f8032d5cae3de20fcec887f395ec9a6a', 'usuario', 'usu usu ', 'Hombre', 'Deportista', '654654654'),
('18661815Y', 'usuario41', 'f8032d5cae3de20fcec887f395ec9a6a', 'usuario', 'usu usu ', 'Hombre', 'Deportista', '654654654'),
('25113967Z', 'usuario43', 'f8032d5cae3de20fcec887f395ec9a6a', 'usuario', 'usu usu ', 'Hombre', 'Deportista', '654654654'),
('88562214R', 'usuario44', 'f8032d5cae3de20fcec887f395ec9a6a', 'usuario', 'usu usu ', 'Hombre', 'Deportista', '654654654'),
('43537763M', 'usuario45', 'f8032d5cae3de20fcec887f395ec9a6a', 'usuario', 'usu usu ', 'Hombre', 'Deportista', '654654654'),
('82592431Y', 'usuario46', 'f8032d5cae3de20fcec887f395ec9a6a', 'usuario', 'usu usu ', 'Hombre', 'Deportista', '654654654'),
('85947364K', 'usuario47', 'f8032d5cae3de20fcec887f395ec9a6a', 'usuario', 'usu usu ', 'Hombre', 'Deportista', '654654654'),
('66676536L', 'usuario48', 'f8032d5cae3de20fcec887f395ec9a6a', 'usuario', 'usu usu ', 'Hombre', 'Deportista', '654654654'),
('92597063Y', 'usuario49', 'f8032d5cae3de20fcec887f395ec9a6a', 'usuario', 'usu usu ', 'Hombre', 'Deportista', '654654654'),
('27121905Y', 'usuario50', 'f8032d5cae3de20fcec887f395ec9a6a', 'usuario', 'usu usu ', 'Hombre', 'Deportista', '654654654'),
('80829720S', 'usuario51', 'f8032d5cae3de20fcec887f395ec9a6a', 'usuario', 'usu usu ', 'Hombre', 'Deportista', '654654654'),
('92393863B', 'usuario52', 'f8032d5cae3de20fcec887f395ec9a6a', 'usuario', 'usu usu ', 'Hombre', 'Deportista', '654654654'),
('23153718D', 'usuario53', 'f8032d5cae3de20fcec887f395ec9a6a', 'usuario', 'usu usu ', 'Hombre', 'Deportista', '654654654'),
('08169083N', 'usuario54', 'f8032d5cae3de20fcec887f395ec9a6a', 'usuario', 'usu usu ', 'Hombre', 'Deportista', '654654654'),

('66608158C', 'usuario55', 'f8032d5cae3de20fcec887f395ec9a6a', 'usuario', 'usu usu ', 'Hombre', 'Deportista', '654654654'),
('53644402F', 'usuario56', 'f8032d5cae3de20fcec887f395ec9a6a', 'usuario', 'usu usu ', 'Hombre', 'Deportista', '654654654'),
('75880878Z', 'usuario57', 'f8032d5cae3de20fcec887f395ec9a6a', 'usuario', 'usu usu ', 'Hombre', 'Deportista', '654654654'),
('22563967R', 'usuario58', 'f8032d5cae3de20fcec887f395ec9a6a', 'usuario', 'usu usu ', 'Hombre', 'Deportista', '654654654'),
('16116911Y', 'usuario59', 'f8032d5cae3de20fcec887f395ec9a6a', 'usuario', 'usu usu ', 'Hombre', 'Deportista', '654654654'),
('05958241E', 'usuario60', 'f8032d5cae3de20fcec887f395ec9a6a', 'usuario', 'usu usu ', 'Hombre', 'Deportista', '654654654'),
('27130795H', 'usuario61', 'f8032d5cae3de20fcec887f395ec9a6a', 'usuario', 'usu usu ', 'Hombre', 'Deportista', '654654654'),
('28655833H', 'usuario62', 'f8032d5cae3de20fcec887f395ec9a6a', 'usuario', 'usu usu ', 'Hombre', 'Deportista', '654654654'),
('62455018J', 'usuario63', 'f8032d5cae3de20fcec887f395ec9a6a', 'usuario', 'usu usu ', 'Hombre', 'Deportista', '654654654'),
('28995736G', 'usuario64', 'f8032d5cae3de20fcec887f395ec9a6a', 'usuario', 'usu usu ', 'Hombre', 'Deportista', '654654654'),
('99547522A', 'usuario65', 'f8032d5cae3de20fcec887f395ec9a6a', 'usuario', 'usu usu ', 'Hombre', 'Deportista', '654654654'),
('05217917E', 'usuario66', 'f8032d5cae3de20fcec887f395ec9a6a', 'usuario', 'usu usu ', 'Hombre', 'Deportista', '654654654'),
('84819624V', 'usuario67', 'f8032d5cae3de20fcec887f395ec9a6a', 'usuario', 'usu usu ', 'Hombre', 'Deportista', '654654654'),
('26958571H', 'usuario68', 'f8032d5cae3de20fcec887f395ec9a6a', 'usuario', 'usu usu ', 'Hombre', 'Deportista', '654654654'),
('30959193C', 'usuario70', 'f8032d5cae3de20fcec887f395ec9a6a', 'usuario', 'usu usu ', 'Hombre', 'Deportista', '654654654'),
('10337157Z', 'usuario71', 'f8032d5cae3de20fcec887f395ec9a6a', 'usuario', 'usu usu ', 'Hombre', 'Deportista', '654654654'),
('81716664X', 'usuario72', 'f8032d5cae3de20fcec887f395ec9a6a', 'usuario', 'usu usu ', 'Hombre', 'Deportista', '654654654'),
('75379046L', 'usuario73', 'f8032d5cae3de20fcec887f395ec9a6a', 'usuario', 'usu usu ', 'Hombre', 'Deportista', '654654654'),
('42792454B', 'usuario74', 'f8032d5cae3de20fcec887f395ec9a6a', 'usuario', 'usu usu ', 'Hombre', 'Deportista', '654654654'),
('78938819J', 'usuario75', 'f8032d5cae3de20fcec887f395ec9a6a', 'usuario', 'usu usu ', 'Hombre', 'Deportista', '654654654'),
('67472753E', 'usuario76', 'f8032d5cae3de20fcec887f395ec9a6a', 'usuario', 'usu usu ', 'Hombre', 'Deportista', '654654654'),
('76250341M', 'usuario77', 'f8032d5cae3de20fcec887f395ec9a6a', 'usuario', 'usu usu ', 'Hombre', 'Deportista', '654654654'),
('67876168V', 'usuario78', 'f8032d5cae3de20fcec887f395ec9a6a', 'usuario', 'usu usu ', 'Hombre', 'Deportista', '654654654'),
('98491991B', 'usuario79', 'f8032d5cae3de20fcec887f395ec9a6a', 'usuario', 'usu usu ', 'Hombre', 'Deportista', '654654654'),
('39972383Q', 'usuario80', 'f8032d5cae3de20fcec887f395ec9a6a', 'usuario', 'usu usu ', 'Hombre', 'Deportista', '654654654'),
('24758439C', 'usuario81', 'f8032d5cae3de20fcec887f395ec9a6a', 'usuario', 'usu usu ', 'Hombre', 'Deportista', '654654654'),

('73809123F', 'usuario82', 'f8032d5cae3de20fcec887f395ec9a6a', 'usuario', 'usu usu ', 'Hombre', 'Deportista', '654654654'),
('59039913V', 'usuario83', 'f8032d5cae3de20fcec887f395ec9a6a', 'usuario', 'usu usu ', 'Hombre', 'Deportista', '654654654'),
('23942097V', 'usuario84', 'f8032d5cae3de20fcec887f395ec9a6a', 'usuario', 'usu usu ', 'Hombre', 'Deportista', '654654654'),
('59847875N', 'usuario85', 'f8032d5cae3de20fcec887f395ec9a6a', 'usuario', 'usu usu ', 'Hombre', 'Deportista', '654654654'),
('70120643Z', 'usuario86', 'f8032d5cae3de20fcec887f395ec9a6a', 'usuario', 'usu usu ', 'Hombre', 'Deportista', '654654654'),
('31630463N', 'usuario87', 'f8032d5cae3de20fcec887f395ec9a6a', 'usuario', 'usu usu ', 'Hombre', 'Deportista', '654654654'),
('41429648R', 'usuario88', 'f8032d5cae3de20fcec887f395ec9a6a', 'usuario', 'usu usu ', 'Hombre', 'Deportista', '654654654'),
('66210896Z', 'usuario89', 'f8032d5cae3de20fcec887f395ec9a6a', 'usuario', 'usu usu ', 'Hombre', 'Deportista', '654654654'),
('14401740Z', 'usuario90', 'f8032d5cae3de20fcec887f395ec9a6a', 'usuario', 'usu usu ', 'Hombre', 'Deportista', '654654654'),
('95230766W', 'usuario91', 'f8032d5cae3de20fcec887f395ec9a6a', 'usuario', 'usu usu ', 'Hombre', 'Deportista', '654654654'),
('31825918J', 'usuario92', 'f8032d5cae3de20fcec887f395ec9a6a', 'usuario', 'usu usu ', 'Hombre', 'Deportista', '654654654'),
('53268521S', 'usuario93', 'f8032d5cae3de20fcec887f395ec9a6a', 'usuario', 'usu usu ', 'Hombre', 'Deportista', '654654654'),
('03503730W', 'usuario94', 'f8032d5cae3de20fcec887f395ec9a6a', 'usuario', 'usu usu ', 'Hombre', 'Deportista', '654654654'),
('62187339P', 'usuario95', 'f8032d5cae3de20fcec887f395ec9a6a', 'usuario', 'usu usu ', 'Hombre', 'Deportista', '654654654'),
('35289444S', 'usuario97', 'f8032d5cae3de20fcec887f395ec9a6a', 'usuario', 'usu usu ', 'Hombre', 'Deportista', '654654654'),
('72875498K', 'usuario98', 'f8032d5cae3de20fcec887f395ec9a6a', 'usuario', 'usu usu ', 'Hombre', 'Deportista', '654654654'),
('41922675T', 'usuario99', 'f8032d5cae3de20fcec887f395ec9a6a', 'usuario', 'usu usu ', 'Hombre', 'Deportista', '654654654'),
('03755562F', 'usuario100', 'f8032d5cae3de20fcec887f395ec9a6a', 'usuario', 'usu usu ', 'Hombre', 'Deportista', '654654654'),
('11981305F', 'usuario101', 'f8032d5cae3de20fcec887f395ec9a6a', 'usuario', 'usu usu ', 'Hombre', 'Deportista', '654654654'),
('51143419K', 'usuario102', 'f8032d5cae3de20fcec887f395ec9a6a', 'usuario', 'usu usu ', 'Hombre', 'Deportista', '654654654'),
('84742584G', 'usuario103', 'f8032d5cae3de20fcec887f395ec9a6a', 'usuario', 'usu usu ', 'Hombre', 'Deportista', '654654654'),
('59062371G', 'usuario104', 'f8032d5cae3de20fcec887f395ec9a6a', 'usuario', 'usu usu ', 'Hombre', 'Deportista', '654654654'),
('92758059W', 'usuario105', 'f8032d5cae3de20fcec887f395ec9a6a', 'usuario', 'usu usu ', 'Hombre', 'Deportista', '654654654'),
('95099262N', 'usuario106', 'f8032d5cae3de20fcec887f395ec9a6a', 'usuario', 'usu usu ', 'Hombre', 'Deportista', '654654654'),
('29758189F', 'usuario107', 'f8032d5cae3de20fcec887f395ec9a6a', 'usuario', 'usu usu ', 'Hombre', 'Deportista', '654654654'),
('80818456K', 'usuario108', 'f8032d5cae3de20fcec887f395ec9a6a', 'usuario', 'usu usu ', 'Hombre', 'Deportista', '654654654'),

('95759529H', 'usuario109', 'f8032d5cae3de20fcec887f395ec9a6a', 'usuario', 'usu usu ', 'Hombre', 'Deportista', '654654654'),
('70436827V', 'usuario110', 'f8032d5cae3de20fcec887f395ec9a6a', 'usuario', 'usu usu ', 'Hombre', 'Deportista', '654654654'),
('11658748W', 'usuario111', 'f8032d5cae3de20fcec887f395ec9a6a', 'usuario', 'usu usu ', 'Hombre', 'Deportista', '654654654'),
('37085102V', 'usuario112', 'f8032d5cae3de20fcec887f395ec9a6a', 'usuario', 'usu usu ', 'Hombre', 'Deportista', '654654654'),
('45360831R', 'usuario113', 'f8032d5cae3de20fcec887f395ec9a6a', 'usuario', 'usu usu ', 'Hombre', 'Deportista', '654654654'),
('06406676A', 'usuario114', 'f8032d5cae3de20fcec887f395ec9a6a', 'usuario', 'usu usu ', 'Hombre', 'Deportista', '654654654'),
('68512189L', 'usuario115', 'f8032d5cae3de20fcec887f395ec9a6a', 'usuario', 'usu usu ', 'Hombre', 'Deportista', '654654654'),
('68603269L', 'usuario116', 'f8032d5cae3de20fcec887f395ec9a6a', 'usuario', 'usu usu ', 'Hombre', 'Deportista', '654654654'),
('07499505X', 'usuario117', 'f8032d5cae3de20fcec887f395ec9a6a', 'usuario', 'usu usu ', 'Hombre', 'Deportista', '654654654'),
('73113683H', 'usuario118', 'f8032d5cae3de20fcec887f395ec9a6a', 'usuario', 'usu usu ', 'Hombre', 'Deportista', '654654654'),
('00058208H', 'usuario119', 'f8032d5cae3de20fcec887f395ec9a6a', 'usuario', 'usu usu ', 'Hombre', 'Deportista', '654654654'),
('40333777B', 'usuario120', 'f8032d5cae3de20fcec887f395ec9a6a', 'usuario', 'usu usu ', 'Hombre', 'Deportista', '654654654'),
('08825685X', 'usuario121', 'f8032d5cae3de20fcec887f395ec9a6a', 'usuario', 'usu usu ', 'Hombre', 'Deportista', '654654654'),
('01075915K', 'usuario122', 'f8032d5cae3de20fcec887f395ec9a6a', 'usuario', 'usu usu ', 'Hombre', 'Deportista', '654654654'),
('67587565H', 'usuario123', 'f8032d5cae3de20fcec887f395ec9a6a', 'usuario', 'usu usu ', 'Hombre', 'Deportista', '654654654'),
('98718831W', 'usuario124', 'f8032d5cae3de20fcec887f395ec9a6a', 'usuario', 'usu usu ', 'Hombre', 'Deportista', '654654654'),
('44122808E', 'usuario125', 'f8032d5cae3de20fcec887f395ec9a6a', 'usuario', 'usu usu ', 'Hombre', 'Deportista', '654654654'),
('73173591B', 'usuario126', 'f8032d5cae3de20fcec887f395ec9a6a', 'usuario', 'usu usu ', 'Hombre', 'Deportista', '654654654'),
('19247002G', 'usuario127', 'f8032d5cae3de20fcec887f395ec9a6a', 'usuario', 'usu usu ', 'Hombre', 'Deportista', '654654654'),
('66664596Q', 'usuario128', 'f8032d5cae3de20fcec887f395ec9a6a', 'usuario', 'usu usu ', 'Hombre', 'Deportista', '654654654'),
('20620577L', 'usuario129', 'f8032d5cae3de20fcec887f395ec9a6a', 'usuario', 'usu usu ', 'Hombre', 'Deportista', '654654654'),
('02499742X', 'usuario130', 'f8032d5cae3de20fcec887f395ec9a6a', 'usuario', 'usu usu ', 'Hombre', 'Deportista', '654654654'),
('86628976M', 'usuario131', 'f8032d5cae3de20fcec887f395ec9a6a', 'usuario', 'usu usu ', 'Hombre', 'Deportista', '654654654'),
('53126908J', 'usuario132', 'f8032d5cae3de20fcec887f395ec9a6a', 'usuario', 'usu usu ', 'Hombre', 'Deportista', '654654654'),
('43166687B', 'usuario133', 'f8032d5cae3de20fcec887f395ec9a6a', 'usuario', 'usu usu ', 'Hombre', 'Deportista', '654654654'),
('90572155H', 'usuario134', 'f8032d5cae3de20fcec887f395ec9a6a', 'usuario', 'usu usu ', 'Hombre', 'Deportista', '654654654'),

('05539519S', 'usuario135', 'f8032d5cae3de20fcec887f395ec9a6a', 'usuario', 'usu usu ', 'Hombre', 'Deportista', '654654654'),
('17232758P', 'usuario136', 'f8032d5cae3de20fcec887f395ec9a6a', 'usuario', 'usu usu ', 'Hombre', 'Deportista', '654654654'),
('59852611X', 'usuario137', 'f8032d5cae3de20fcec887f395ec9a6a', 'usuario', 'usu usu ', 'Hombre', 'Deportista', '654654654'),
('33244805F', 'usuario138', 'f8032d5cae3de20fcec887f395ec9a6a', 'usuario', 'usu usu ', 'Hombre', 'Deportista', '654654654'),
('56852207W', 'usuario139', 'f8032d5cae3de20fcec887f395ec9a6a', 'usuario', 'usu usu ', 'Hombre', 'Deportista', '654654654'),
('62431406E', 'usuario140', 'f8032d5cae3de20fcec887f395ec9a6a', 'usuario', 'usu usu ', 'Hombre', 'Deportista', '654654654'),
('53973802R', 'usuario141', 'f8032d5cae3de20fcec887f395ec9a6a', 'usuario', 'usu usu ', 'Hombre', 'Deportista', '654654654'),
('12550512X', 'usuario142', 'f8032d5cae3de20fcec887f395ec9a6a', 'usuario', 'usu usu ', 'Hombre', 'Deportista', '654654654'),
('34752423K', 'usuario143', 'f8032d5cae3de20fcec887f395ec9a6a', 'usuario', 'usu usu ', 'Hombre', 'Deportista', '654654654'),
('11027982B', 'usuario144', 'f8032d5cae3de20fcec887f395ec9a6a', 'usuario', 'usu usu ', 'Hombre', 'Deportista', '654654654'),
('03466420K', 'usuario145', 'f8032d5cae3de20fcec887f395ec9a6a', 'usuario', 'usu usu ', 'Hombre', 'Deportista', '654654654'),
('44892924Y', 'usuario146', 'f8032d5cae3de20fcec887f395ec9a6a', 'usuario', 'usu usu ', 'Hombre', 'Deportista', '654654654'),
('28353507G', 'usuario147', 'f8032d5cae3de20fcec887f395ec9a6a', 'usuario', 'usu usu ', 'Hombre', 'Deportista', '654654654'),
('57098671K', 'usuario148', 'f8032d5cae3de20fcec887f395ec9a6a', 'usuario', 'usu usu ', 'Hombre', 'Deportista', '654654654'),
('24290775S', 'usuario149', 'f8032d5cae3de20fcec887f395ec9a6a', 'usuario', 'usu usu ', 'Hombre', 'Deportista', '654654654'),
('82249826D', 'usuario150', 'f8032d5cae3de20fcec887f395ec9a6a', 'usuario', 'usu usu ', 'Hombre', 'Deportista', '654654654'),
('89038914A', 'usuario151', 'f8032d5cae3de20fcec887f395ec9a6a', 'usuario', 'usu usu ', 'Hombre', 'Deportista', '654654654'),
('27063292C', 'usuario152', 'f8032d5cae3de20fcec887f395ec9a6a', 'usuario', 'usu usu ', 'Hombre', 'Deportista', '654654654'),
('59529910E', 'usuario153', 'f8032d5cae3de20fcec887f395ec9a6a', 'usuario', 'usu usu ', 'Hombre', 'Deportista', '654654654'),
('89459595Z', 'usuario154', 'f8032d5cae3de20fcec887f395ec9a6a', 'usuario', 'usu usu ', 'Hombre', 'Deportista', '654654654'),
('49838129G', 'usuario155', 'f8032d5cae3de20fcec887f395ec9a6a', 'usuario', 'usu usu ', 'Hombre', 'Deportista', '654654654'),
('36937290A', 'usuario156', 'f8032d5cae3de20fcec887f395ec9a6a', 'usuario', 'usu usu ', 'Hombre', 'Deportista', '654654654'),
('74836435R', 'usuario157', 'f8032d5cae3de20fcec887f395ec9a6a', 'usuario', 'usu usu ', 'Hombre', 'Deportista', '654654654'),
('57607279F', 'usuario158', 'f8032d5cae3de20fcec887f395ec9a6a', 'usuario', 'usu usu ', 'Hombre', 'Deportista', '654654654'),
('97678836K', 'usuario159', 'f8032d5cae3de20fcec887f395ec9a6a', 'usuario', 'usu usu ', 'Hombre', 'Deportista', '654654654'),
('36945362W', 'usuario160', 'f8032d5cae3de20fcec887f395ec9a6a', 'usuario', 'usu usu ', 'Hombre', 'Deportista', '654654654'),

('37647319E', 'usuario161', 'f8032d5cae3de20fcec887f395ec9a6a', 'usuario', 'usu usu ', 'Hombre', 'Deportista', '654654654'),
('09379283K', 'usuario162', 'f8032d5cae3de20fcec887f395ec9a6a', 'usuario', 'usu usu ', 'Hombre', 'Deportista', '654654654'),
('88350161P', 'usuario163', 'f8032d5cae3de20fcec887f395ec9a6a', 'usuario', 'usu usu ', 'Hombre', 'Deportista', '654654654'),
('18803863Y', 'usuario164', 'f8032d5cae3de20fcec887f395ec9a6a', 'usuario', 'usu usu ', 'Hombre', 'Deportista', '654654654'),
('79687786P', 'usuario165', 'f8032d5cae3de20fcec887f395ec9a6a', 'usuario', 'usu usu ', 'Hombre', 'Deportista', '654654654'),
('09417494Y', 'usuario166', 'f8032d5cae3de20fcec887f395ec9a6a', 'usuario', 'usu usu ', 'Hombre', 'Deportista', '654654654'),
('86875636J', 'usuario167', 'f8032d5cae3de20fcec887f395ec9a6a', 'usuario', 'usu usu ', 'Hombre', 'Deportista', '654654654'),
('42138814P', 'usuario168', 'f8032d5cae3de20fcec887f395ec9a6a', 'usuario', 'usu usu ', 'Hombre', 'Deportista', '654654654'),
('18987868B', 'usuario169', 'f8032d5cae3de20fcec887f395ec9a6a', 'usuario', 'usu usu ', 'Hombre', 'Deportista', '654654654'),
('69856163B', 'usuario170', 'f8032d5cae3de20fcec887f395ec9a6a', 'usuario', 'usu usu ', 'Hombre', 'Deportista', '654654654'),
('51784493Q', 'usuario171', 'f8032d5cae3de20fcec887f395ec9a6a', 'usuario', 'usu usu ', 'Hombre', 'Deportista', '654654654'),
('67241827Q', 'usuario172', 'f8032d5cae3de20fcec887f395ec9a6a', 'usuario', 'usu usu ', 'Hombre', 'Deportista', '654654654'),
('54121367K', 'usuario173', 'f8032d5cae3de20fcec887f395ec9a6a', 'usuario', 'usu usu ', 'Hombre', 'Deportista', '654654654'),
('58499183V', 'usuario174', 'f8032d5cae3de20fcec887f395ec9a6a', 'usuario', 'usu usu ', 'Hombre', 'Deportista', '654654654'),
('34154369J', 'usuario175', 'f8032d5cae3de20fcec887f395ec9a6a', 'usuario', 'usu usu ', 'Hombre', 'Deportista', '654654654'),
('45434828F', 'usuario176', 'f8032d5cae3de20fcec887f395ec9a6a', 'usuario', 'usu usu ', 'Hombre', 'Deportista', '654654654'),
('46787159F', 'usuario177', 'f8032d5cae3de20fcec887f395ec9a6a', 'usuario', 'usu usu ', 'Hombre', 'Deportista', '654654654'),
('01789972C', 'usuario178', 'f8032d5cae3de20fcec887f395ec9a6a', 'usuario', 'usu usu ', 'Hombre', 'Deportista', '654654654'),
('43403750J', 'usuario179', 'f8032d5cae3de20fcec887f395ec9a6a', 'usuario', 'usu usu ', 'Hombre', 'Deportista', '654654654'),
('49620426L', 'usuario180', 'f8032d5cae3de20fcec887f395ec9a6a', 'usuario', 'usu usu ', 'Hombre', 'Deportista', '654654654'),
('00890506S', 'usuario181', 'f8032d5cae3de20fcec887f395ec9a6a', 'usuario', 'usu usu ', 'Hombre', 'Deportista', '654654654'),
('93484445W', 'usuario182', 'f8032d5cae3de20fcec887f395ec9a6a', 'usuario', 'usu usu ', 'Hombre', 'Deportista', '654654654'),
('12061688M', 'usuario183', 'f8032d5cae3de20fcec887f395ec9a6a', 'usuario', 'usu usu ', 'Hombre', 'Deportista', '654654654'),
('61329701V', 'usuario184', 'f8032d5cae3de20fcec887f395ec9a6a', 'usuario', 'usu usu ', 'Hombre', 'Deportista', '654654654'),
('25473317N', 'usuario185', 'f8032d5cae3de20fcec887f395ec9a6a', 'usuario', 'usu usu ', 'Hombre', 'Deportista', '654654654'),
('76446367W', 'usuario186', 'f8032d5cae3de20fcec887f395ec9a6a', 'usuario', 'usu usu ', 'Hombre', 'Deportista', '654654654'),

('37981503Q', 'usuario187', 'f8032d5cae3de20fcec887f395ec9a6a', 'usuario', 'usu usu ', 'Hombre', 'Deportista', '654654654'),
('51709392X', 'usuario188', 'f8032d5cae3de20fcec887f395ec9a6a', 'usuario', 'usu usu ', 'Hombre', 'Deportista', '654654654'),
('14041352J', 'usuario189', 'f8032d5cae3de20fcec887f395ec9a6a', 'usuario', 'usu usu ', 'Hombre', 'Deportista', '654654654'),
('00675948R', 'usuario190', 'f8032d5cae3de20fcec887f395ec9a6a', 'usuario', 'usu usu ', 'Hombre', 'Deportista', '654654654'),
('07409722L', 'usuario191', 'f8032d5cae3de20fcec887f395ec9a6a', 'usuario', 'usu usu ', 'Hombre', 'Deportista', '654654654'),
('05593241D', 'usuario192', 'f8032d5cae3de20fcec887f395ec9a6a', 'usuario', 'usu usu ', 'Hombre', 'Deportista', '654654654'),
('23641099C', 'usuario193', 'f8032d5cae3de20fcec887f395ec9a6a', 'usuario', 'usu usu ', 'Hombre', 'Deportista', '654654654'),
('04735950C', 'usuario194', 'f8032d5cae3de20fcec887f395ec9a6a', 'usuario', 'usu usu ', 'Hombre', 'Deportista', '654654654'),
('11906729C', 'usuario195', 'f8032d5cae3de20fcec887f395ec9a6a', 'usuario', 'usu usu ', 'Hombre', 'Deportista', '654654654'),
('61061960L', 'usuario196', 'f8032d5cae3de20fcec887f395ec9a6a', 'usuario', 'usu usu ', 'Hombre', 'Deportista', '654654654'),
('78305909V', 'usuario197', 'f8032d5cae3de20fcec887f395ec9a6a', 'usuario', 'usu usu ', 'Hombre', 'Deportista', '654654654'),
('97318743Q', 'usuario198', 'f8032d5cae3de20fcec887f395ec9a6a', 'usuario', 'usu usu ', 'Hombre', 'Deportista', '654654654'),
('70873828H', 'usuario199', 'f8032d5cae3de20fcec887f395ec9a6a', 'usuario', 'usu usu ', 'Hombre', 'Deportista', '654654654'),
('97237718C', 'usuario200', 'f8032d5cae3de20fcec887f395ec9a6a', 'usuario', 'usu usu ', 'Hombre', 'Deportista', '654654654'),
('08357122A', 'usuario201', 'f8032d5cae3de20fcec887f395ec9a6a', 'usuario', 'usu usu ', 'Hombre', 'Deportista', '654654654'),
('22951044B', 'usuario202', 'f8032d5cae3de20fcec887f395ec9a6a', 'usuario', 'usu usu ', 'Hombre', 'Deportista', '654654654'),
('89122695H', 'usuario203', 'f8032d5cae3de20fcec887f395ec9a6a', 'usuario', 'usu usu ', 'Hombre', 'Deportista', '654654654'),
('92810958R', 'usuario204', 'f8032d5cae3de20fcec887f395ec9a6a', 'usuario', 'usu usu ', 'Hombre', 'Deportista', '654654654'),
('84987297C', 'usuario205', 'f8032d5cae3de20fcec887f395ec9a6a', 'usuario', 'usu usu ', 'Hombre', 'Deportista', '654654654'),
('65128122B', 'usuario206', 'f8032d5cae3de20fcec887f395ec9a6a', 'usuario', 'usu usu ', 'Hombre', 'Deportista', '654654654'),
('64639618G', 'usuario207', 'f8032d5cae3de20fcec887f395ec9a6a', 'usuario', 'usu usu ', 'Hombre', 'Deportista', '654654654'),
('83758331J', 'usuario208', 'f8032d5cae3de20fcec887f395ec9a6a', 'usuario', 'usu usu ', 'Hombre', 'Deportista', '654654654'),
('49332241R', 'usuario209', 'f8032d5cae3de20fcec887f395ec9a6a', 'usuario', 'usu usu ', 'Hombre', 'Deportista', '654654654'),
('21549236F', 'usuario210', 'f8032d5cae3de20fcec887f395ec9a6a', 'usuario', 'usu usu ', 'Hombre', 'Deportista', '654654654'),
('38383345W', 'usuario211', 'f8032d5cae3de20fcec887f395ec9a6a', 'usuario', 'usu usu ', 'Hombre', 'Deportista', '654654654'),
('09789679M', 'usuario212', 'f8032d5cae3de20fcec887f395ec9a6a', 'usuario', 'usu usu ', 'Hombre', 'Deportista', '654654654');





--
-- Volcado de datos para la tabla `usuarioparejas`
--

INSERT INTO `usuarioparejas` (`Usuario_Dni`, `Pareja_idCampeonato`, `Pareja_Tipo`, `Pareja_Nivel`, `Pareja_NumPareja`) VALUES
('80070728T', 3, 'Masculino', 1, 1),
('65707327F', 3, 'Masculino', 1, 1),
('95777182F', 3, 'Masculino', 1, 2),
('59666315Z', 3, 'Masculino', 1, 2),
('89851361K', 3, 'Masculino', 1, 3),
('23938086P', 3, 'Masculino', 1, 3),
('06826428M', 3, 'Masculino', 1, 4),
('40948201J', 3, 'Masculino', 1, 4),
('29415185W', 3, 'Masculino', 1, 5),
('57694242F', 3, 'Masculino', 1, 5),
('74226653H', 3, 'Masculino', 1, 6),
('40230453A', 3, 'Masculino', 1, 6),
('38912547C', 3, 'Masculino', 1, 7),
('44701498D', 3, 'Masculino', 1, 7),
('57804949S', 3, 'Masculino', 1, 8),
('00359456N', 3, 'Masculino', 1, 8),

('45469088C', 3, 'Masculino', 1, 9),
('37570953Q', 3, 'Masculino', 1, 9),
('74663639G', 3, 'Masculino', 1, 10),
('82156546V', 3, 'Masculino', 1, 10),
('56024330X', 3, 'Masculino', 1, 11),
('05898864P', 3, 'Masculino', 1, 11),
('40448300V', 3, 'Masculino', 1, 12),
('13445176C', 3, 'Masculino', 1, 12),
('44483091X', 3, 'Masculino', 1, 13),
('35834906D', 3, 'Masculino', 1, 13),
('50618236C', 3, 'Masculino', 1, 14),
('32786735M', 3, 'Masculino', 1, 14),
('32565019D', 3, 'Masculino', 1, 15),
('88251025W', 3, 'Masculino', 1, 15),
('81513809S', 3, 'Masculino', 1, 16),
('04561455A', 3, 'Masculino', 1, 16),
('29779050F', 3, 'Masculino', 1, 17),
('07077003H', 3, 'Masculino', 1, 17),
('25056499T', 3, 'Masculino', 1, 18),
('12607050Z', 3, 'Masculino', 1, 18),
('69874841J', 3, 'Masculino', 1, 19),
('50157177L', 3, 'Masculino', 1, 19),
('37932435F', 3, 'Masculino', 1, 20),
('35548048F', 3, 'Masculino', 1, 20),
('89777657D', 3, 'Masculino', 1, 21),
('57191504A', 3, 'Masculino', 1, 21),

('61233894M', 3, 'Masculino', 1, 22),
('91971188F', 3, 'Masculino', 1, 22),
('36426773V', 3, 'Masculino', 1, 23),
('54841896Y', 3, 'Masculino', 1, 23),
('42868137R', 3, 'Masculino', 1, 24),
('46578649S', 3, 'Masculino', 1, 24),
('11940678K', 3, 'Masculino', 1, 25),
('36571256Z', 3, 'Masculino', 1, 25),
('17685270H', 3, 'Masculino', 1, 26),
('38832081P', 3, 'Masculino', 1, 26),
('85632192H', 3, 'Masculino', 1, 27),
('92560718R', 3, 'Masculino', 1, 27),
('37823374N', 3, 'Masculino', 1, 28),
('18661815Y', 3, 'Masculino', 1, 28),
('25113967Z', 3, 'Masculino', 1, 29),
('88562214R', 3, 'Masculino', 1, 29),
('43537763M', 3, 'Masculino', 1, 30),
('82592431Y', 3, 'Masculino', 1, 30),
('85947364K', 3, 'Masculino', 1, 31),
('66676536L', 3, 'Masculino', 1, 31),
('92597063Y', 3, 'Masculino', 1, 32),
('27121905Y', 3, 'Masculino', 1, 32),
('80829720S', 3, 'Masculino', 1, 33),
('92393863B', 3, 'Masculino', 1, 33),
('23153718D', 3, 'Masculino', 1, 34),
('08169083N', 3, 'Masculino', 1, 34),

('66608158C', 3, 'Masculino', 1, 35),
('53644402F', 3, 'Masculino', 1, 35),
('75880878Z', 3, 'Masculino', 1, 36),
('22563967R', 3, 'Masculino', 1, 36),
('16116911Y', 3, 'Masculino', 1, 37),
('05958241E', 3, 'Masculino', 1, 37),
('27130795H', 3, 'Masculino', 1, 38),
('28655833H', 3, 'Masculino', 1, 38),
('62455018J', 3, 'Masculino', 1, 39),
('28995736G', 3, 'Masculino', 1, 39),
('99547522A', 3, 'Masculino', 1, 40),
('05217917E', 3, 'Masculino', 1, 40),
('84819624V', 3, 'Masculino', 1, 41),
('26958571H', 3, 'Masculino', 1, 41),
('30959193C', 3, 'Masculino', 1, 42),
('10337157Z', 3, 'Masculino', 1, 42),
('81716664X', 3, 'Masculino', 1, 43),
('75379046L', 3, 'Masculino', 1, 43),
('42792454B', 3, 'Masculino', 1, 44),
('78938819J', 3, 'Masculino', 1, 44),
('67472753E', 3, 'Masculino', 1, 45),
('76250341M', 3, 'Masculino', 1, 45),
('67876168V', 3, 'Masculino', 1, 46),
('98491991B', 3, 'Masculino', 1, 46),
('39972383Q', 3, 'Masculino', 1, 47),
('24758439C', 3, 'Masculino', 1, 47),

('73809123F', 3, 'Masculino', 1, 48),
('59039913V', 3, 'Masculino', 1, 48),
('23942097V', 3, 'Masculino', 1, 49),
('59847875N', 3, 'Masculino', 1, 49),
('70120643Z', 3, 'Masculino', 1, 50),
('31630463N', 3, 'Masculino', 1, 50),
('41429648R', 3, 'Masculino', 1, 51),
('66210896Z', 3, 'Masculino', 1, 51),
('14401740Z', 3, 'Masculino', 1, 52),
('95230766W', 3, 'Masculino', 1, 52),
('31825918J', 3, 'Masculino', 1, 53),
('53268521S', 3, 'Masculino', 1, 53),
('03503730W', 3, 'Masculino', 1, 54),
('62187339P', 3, 'Masculino', 1, 54),
('35289444S', 3, 'Masculino', 1, 55),
('72875498K', 3, 'Masculino', 1, 55),
('41922675T', 3, 'Masculino', 1, 56),
('03755562F', 3, 'Masculino', 1, 56),
('11981305F', 3, 'Masculino', 1, 57),
('51143419K', 3, 'Masculino', 1, 57),
('84742584G', 3, 'Masculino', 1, 58),
('59062371G', 3, 'Masculino', 1, 58),
('92758059W', 3, 'Masculino', 1, 59),
('95099262N', 3, 'Masculino', 1, 59),
('29758189F', 3, 'Masculino', 1, 60),
('80818456K', 3, 'Masculino', 1, 60),

('95759529H', 3, 'Masculino', 1, 61),
('70436827V', 3, 'Masculino', 1, 61),
('11658748W', 3, 'Masculino', 1, 62),
('37085102V', 3, 'Masculino', 1, 62),
('45360831R', 3, 'Masculino', 1, 63),
('06406676A', 3, 'Masculino', 1, 63),
('68512189L', 3, 'Masculino', 1, 64),
('68603269L', 3, 'Masculino', 1, 64),
('07499505X', 3, 'Masculino', 1, 65),
('73113683H', 3, 'Masculino', 1, 65),
('00058208H', 3, 'Masculino', 1, 66),
('40333777B', 3, 'Masculino', 1, 66),
('08825685X', 3, 'Masculino', 1, 67),
('01075915K', 3, 'Masculino', 1, 67),
('67587565H', 3, 'Masculino', 1, 68),
('98718831W', 3, 'Masculino', 1, 68),
('44122808E', 3, 'Masculino', 1, 69),
('73173591B', 3, 'Masculino', 1, 69),
('19247002G', 3, 'Masculino', 1, 70),
('66664596Q', 3, 'Masculino', 1, 70),
('20620577L', 3, 'Masculino', 1, 71),
('02499742X', 3, 'Masculino', 1, 71),
('86628976M', 3, 'Masculino', 1, 72),
('53126908J', 3, 'Masculino', 1, 72),
('43166687B', 3, 'Masculino', 1, 73),
('90572155H', 3, 'Masculino', 1, 73),

('05539519S', 3, 'Masculino', 1, 74),
('17232758P', 3, 'Masculino', 1, 74),
('59852611X', 3, 'Masculino', 1, 75),
('33244805F', 3, 'Masculino', 1, 75),
('56852207W', 3, 'Masculino', 1, 76),
('62431406E', 3, 'Masculino', 1, 76),
('53973802R', 3, 'Masculino', 1, 77),
('12550512X', 3, 'Masculino', 1, 77),
('34752423K', 3, 'Masculino', 1, 78),
('11027982B', 3, 'Masculino', 1, 78),
('03466420K', 3, 'Masculino', 1, 79),
('44892924Y', 3, 'Masculino', 1, 79),
('28353507G', 3, 'Masculino', 1, 80),
('57098671K', 3, 'Masculino', 1, 80),
('24290775S', 3, 'Masculino', 1, 81),
('82249826D', 3, 'Masculino', 1, 81),
('89038914A', 3, 'Masculino', 1, 82),
('27063292C', 3, 'Masculino', 1, 82),
('59529910E', 3, 'Masculino', 1, 83),
('89459595Z', 3, 'Masculino', 1, 83),
('49838129G', 3, 'Masculino', 1, 84),
('36937290A', 3, 'Masculino', 1, 84),
('74836435R', 3, 'Masculino', 1, 85),
('57607279F', 3, 'Masculino', 1, 85),
('97678836K', 3, 'Masculino', 1, 86),
('36945362W', 3, 'Masculino', 1, 86),

('37647319E', 3, 'Masculino', 1, 87),
('09379283K', 3, 'Masculino', 1, 87),
('88350161P', 3, 'Masculino', 1, 88),
('18803863Y', 3, 'Masculino', 1, 88),
('79687786P', 3, 'Masculino', 1, 89),
('09417494Y', 3, 'Masculino', 1, 89),
('86875636J', 3, 'Masculino', 1, 90),
('42138814P', 3, 'Masculino', 1, 90),
('18987868B', 3, 'Masculino', 1, 91),
('69856163B', 3, 'Masculino', 1, 91),
('51784493Q', 3, 'Masculino', 1, 92),
('67241827Q', 3, 'Masculino', 1, 92),
('54121367K', 3, 'Masculino', 1, 93),
('58499183V', 3, 'Masculino', 1, 93),
('34154369J', 3, 'Masculino', 1, 94),
('45434828F', 3, 'Masculino', 1, 94),
('46787159F', 3, 'Masculino', 1, 95),
('01789972C', 3, 'Masculino', 1, 95),
('43403750J', 3, 'Masculino', 1, 96),
('49620426L', 3, 'Masculino', 1, 96),


('80070728T', 5, 'Masculino', 1, 1),
('65707327F', 5, 'Masculino', 1, 1),
('95777182F', 5, 'Masculino', 1, 2),
('59666315Z', 5, 'Masculino', 1, 2),
('89851361K', 5, 'Masculino', 1, 3),
('23938086P', 5, 'Masculino', 1, 3),
('06826428M', 5, 'Masculino', 1, 4),
('40948201J', 5, 'Masculino', 1, 4),
('29415185W', 5, 'Masculino', 1, 5),
('57694242F', 5, 'Masculino', 1, 5),
('74226653H', 5, 'Masculino', 1, 6),
('40230453A', 5, 'Masculino', 1, 6),
('38912547C', 5, 'Masculino', 1, 7),
('44701498D', 5, 'Masculino', 1, 7),
('57804949S', 5, 'Masculino', 1, 8),
('00359456N', 5, 'Masculino', 1, 8),

('45469088C', 5, 'Masculino', 1, 9),
('37570953Q', 5, 'Masculino', 1, 9),
('74663639G', 5, 'Masculino', 1, 10),
('82156546V', 5, 'Masculino', 1, 10),
('56024330X', 5, 'Masculino', 1, 11),
('05898864P', 5, 'Masculino', 1, 11),
('40448300V', 5, 'Masculino', 1, 12),
('13445176C', 5, 'Masculino', 1, 12),
('44483091X', 5, 'Masculino', 1, 13),
('35834906D', 5, 'Masculino', 1, 13),
('50618236C', 5, 'Masculino', 1, 14),
('32786735M', 5, 'Masculino', 1, 14),
('32565019D', 5, 'Masculino', 1, 15),
('88251025W', 5, 'Masculino', 1, 15),
('81513809S', 5, 'Masculino', 1, 16),
('04561455A', 5, 'Masculino', 1, 16),
('29779050F', 5, 'Masculino', 1, 17),
('07077003H', 5, 'Masculino', 1, 17),
('25056499T', 5, 'Masculino', 1, 18),
('12607050Z', 5, 'Masculino', 1, 18),
('69874841J', 5, 'Masculino', 1, 19),
('50157177L', 5, 'Masculino', 1, 19),
('37932435F', 5, 'Masculino', 1, 20),
('35548048F', 5, 'Masculino', 1, 20),
('89777657D', 5, 'Masculino', 1, 21),
('57191504A', 5, 'Masculino', 1, 21),
('61233894M', 5, 'Masculino', 1, 22),
('91971188F', 5, 'Masculino', 1, 22),
('36426773V', 5, 'Masculino', 1, 23),
('54841896Y', 5, 'Masculino', 1, 23),
('42868137R', 5, 'Masculino', 1, 24),
('46578649S', 5, 'Masculino', 1, 24),
('11940678K', 5, 'Masculino', 1, 25),
('36571256Z', 5, 'Masculino', 1, 25),
('17685270H', 5, 'Masculino', 1, 26),
('38832081P', 5, 'Masculino', 1, 26),
('85632192H', 5, 'Masculino', 1, 27),
('92560718R', 5, 'Masculino', 1, 27),
('37823374N', 5, 'Masculino', 1, 28),
('18661815Y', 5, 'Masculino', 1, 28),
('25113967Z', 5, 'Masculino', 1, 29),
('88562214R', 5, 'Masculino', 1, 29),
('43537763M', 5, 'Masculino', 1, 30),
('82592431Y', 5, 'Masculino', 1, 30),
('85947364K', 5, 'Masculino', 1, 31),
('66676536L', 5, 'Masculino', 1, 31),
('92597063Y', 5, 'Masculino', 1, 32),
('27121905Y', 5, 'Masculino', 1, 32),
('80829720S', 5, 'Masculino', 1, 33),
('92393863B', 5, 'Masculino', 1, 33),
('23153718D', 5, 'Masculino', 1, 34),
('08169083N', 5, 'Masculino', 1, 34),

('66608158C', 5, 'Masculino', 1, 35),
('53644402F', 5, 'Masculino', 1, 35),
('75880878Z', 5, 'Masculino', 1, 36),
('22563967R', 5, 'Masculino', 1, 36),
('16116911Y', 5, 'Masculino', 1, 37),
('05958241E', 5, 'Masculino', 1, 37),
('27130795H', 5, 'Masculino', 1, 38),
('28655833H', 5, 'Masculino', 1, 38),
('62455018J', 5, 'Masculino', 1, 39),
('28995736G', 5, 'Masculino', 1, 39),
('99547522A', 5, 'Masculino', 1, 40),
('05217917E', 5, 'Masculino', 1, 40),
('84819624V', 5, 'Masculino', 1, 41),
('26958571H', 5, 'Masculino', 1, 41),
('30959193C', 5, 'Masculino', 1, 42),
('10337157Z', 5, 'Masculino', 1, 42),
('81716664X', 5, 'Masculino', 1, 43),
('75379046L', 5, 'Masculino', 1, 43),
('42792454B', 5, 'Masculino', 1, 44),
('78938819J', 5, 'Masculino', 1, 44),
('67472753E', 5, 'Masculino', 1, 45),
('76250341M', 5, 'Masculino', 1, 45),
('67876168V', 5, 'Masculino', 1, 46),
('98491991B', 5, 'Masculino', 1, 46),
('39972383Q', 5, 'Masculino', 1, 47),
('24758439C', 5, 'Masculino', 1, 47),

('73809123F', 5, 'Masculino', 1, 48),
('59039913V', 5, 'Masculino', 1, 48),
('23942097V', 5, 'Masculino', 1, 49),
('59847875N', 5, 'Masculino', 1, 49),
('70120643Z', 5, 'Masculino', 1, 50),
('31630463N', 5, 'Masculino', 1, 50),
('41429648R', 5, 'Masculino', 1, 51),
('66210896Z', 5, 'Masculino', 1, 51),
('14401740Z', 5, 'Masculino', 1, 52),
('95230766W', 5, 'Masculino', 1, 52),
('31825918J', 5, 'Masculino', 1, 53),
('53268521S', 5, 'Masculino', 1, 53),
('03503730W', 5, 'Masculino', 1, 54),
('62187339P', 5, 'Masculino', 1, 54),
('35289444S', 5, 'Masculino', 1, 55),
('72875498K', 5, 'Masculino', 1, 55),
('41922675T', 5, 'Masculino', 1, 56),
('03755562F', 5, 'Masculino', 1, 56),
('11981305F', 5, 'Masculino', 1, 57),
('51143419K', 5, 'Masculino', 1, 57),
('84742584G', 5, 'Masculino', 1, 58),
('59062371G', 5, 'Masculino', 1, 58),
('92758059W', 5, 'Masculino', 1, 59),
('95099262N', 5, 'Masculino', 1, 59),
('29758189F', 5, 'Masculino', 1, 60),
('80818456K', 5, 'Masculino', 1, 60),

('95759529H', 5, 'Masculino', 1, 61),
('70436827V', 5, 'Masculino', 1, 61),
('11658748W', 5, 'Masculino', 1, 62),
('37085102V', 5, 'Masculino', 1, 62),
('45360831R', 5, 'Masculino', 1, 63),
('06406676A', 5, 'Masculino', 1, 63),
('68512189L', 5, 'Masculino', 1, 64),
('68603269L', 5, 'Masculino', 1, 64),
('07499505X', 5, 'Masculino', 1, 65),
('73113683H', 5, 'Masculino', 1, 65),
('00058208H', 5, 'Masculino', 1, 66),
('40333777B', 5, 'Masculino', 1, 66),
('08825685X', 5, 'Masculino', 1, 67),
('01075915K', 5, 'Masculino', 1, 67),
('67587565H', 5, 'Masculino', 1, 68),
('98718831W', 5, 'Masculino', 1, 68),
('44122808E', 5, 'Masculino', 1, 69),
('73173591B', 5, 'Masculino', 1, 69),
('19247002G', 5, 'Masculino', 1, 70),
('66664596Q', 5, 'Masculino', 1, 70),
('20620577L', 5, 'Masculino', 1, 71),
('02499742X', 5, 'Masculino', 1, 71),
('86628976M', 5, 'Masculino', 1, 72),
('53126908J', 5, 'Masculino', 1, 72),
('43166687B', 5, 'Masculino', 1, 73),
('90572155H', 5, 'Masculino', 1, 73),

('05539519S', 5, 'Masculino', 1, 74),
('17232758P', 5, 'Masculino', 1, 74),
('59852611X', 5, 'Masculino', 1, 75),
('33244805F', 5, 'Masculino', 1, 75),
('56852207W', 5, 'Masculino', 1, 76),
('62431406E', 5, 'Masculino', 1, 76),
('53973802R', 5, 'Masculino', 1, 77),
('12550512X', 5, 'Masculino', 1, 77),
('34752423K', 5, 'Masculino', 1, 78),
('11027982B', 5, 'Masculino', 1, 78),
('03466420K', 5, 'Masculino', 1, 79),
('44892924Y', 5, 'Masculino', 1, 79),
('28353507G', 5, 'Masculino', 1, 80),
('57098671K', 5, 'Masculino', 1, 80),
('24290775S', 5, 'Masculino', 1, 81),
('82249826D', 5, 'Masculino', 1, 81),
('89038914A', 5, 'Masculino', 1, 82),
('27063292C', 5, 'Masculino', 1, 82),
('59529910E', 5, 'Masculino', 1, 83),
('89459595Z', 5, 'Masculino', 1, 83),
('49838129G', 5, 'Masculino', 1, 84),
('36937290A', 5, 'Masculino', 1, 84),
('74836435R', 5, 'Masculino', 1, 85),
('57607279F', 5, 'Masculino', 1, 85),
('97678836K', 5, 'Masculino', 1, 86),
('36945362W', 5, 'Masculino', 1, 86),

('37647319E', 5, 'Masculino', 1, 87),
('09379283K', 5, 'Masculino', 1, 87),
('88350161P', 5, 'Masculino', 1, 88),
('18803863Y', 5, 'Masculino', 1, 88),
('79687786P', 5, 'Masculino', 1, 89),
('09417494Y', 5, 'Masculino', 1, 89),
('86875636J', 5, 'Masculino', 1, 90),
('42138814P', 5, 'Masculino', 1, 90),
('18987868B', 5, 'Masculino', 1, 91),
('69856163B', 5, 'Masculino', 1, 91),
('51784493Q', 5, 'Masculino', 1, 92),
('67241827Q', 5, 'Masculino', 1, 92),
('54121367K', 5, 'Masculino', 1, 93),
('58499183V', 5, 'Masculino', 1, 93),
('34154369J', 5, 'Masculino', 1, 94),
('45434828F', 5, 'Masculino', 1, 94),
('46787159F', 5, 'Masculino', 1, 95),
('01789972C', 5, 'Masculino', 1, 95),
('43403750J', 5, 'Masculino', 1, 96),
('49620426L', 5, 'Masculino', 1, 96);



--
-- Volcado de datos para la tabla `campeonato`
--

INSERT INTO `campeonato` (`IdCampeonato`, `FechaIni`, `HoraIni`, `FechaFin`, `HoraFin`) VALUES
(1, '2018-10-23', '09:00:00', '2018-10-31', '23:00:00'),
(2, '2018-10-25', '10:00:00', '2018-10-27', '23:00:00'),
(3, '2018-10-10', '12:21:00', '2018-10-15', '12:21:00'),
(5, '2018-11-15', '12:21:00', '2018-11-20', '12:21:00');

-- --------------------------------------------------------
--
-- Volcado de datos para la tabla `promociones`
--

INSERT INTO `promociones` (`Fecha`, `Hora`) VALUES
('2018-11-23', '22:00'),
('2018-11-23', '20:30');

--
-- Volcado de datos para la tabla `inscripcionpromociones`
--

INSERT INTO `inscripcionpromociones` (`Usuario_Dni`, `Promociones_Fecha`, `Promociones_Hora`) VALUES
('37570953Q', '2018-11-23', '22:00'),
('74663639G', '2018-11-23', '22:00'),
('82156546V', '2018-11-23', '22:00'),
('56024330X', '2018-11-23', '20:30');

--
-- Volcado de datos para la tabla `pista`
--

INSERT INTO `pista` (`idPista`, `Fecha`, `Hora`, `Disponibilidad`) VALUES
(1, '2018-11-22', '11:00', 0),
(1, '2018-11-22', '12:30', 1),
(1, '2018-11-22', '16:00', 1),
(1, '2018-11-22', '17:30', 1),
(1, '2018-11-22', '19:00', 1),
(1, '2018-11-22', '20:30', 1),
(1, '2018-11-22', '22:00', 1),
(1, '2018-11-23', '11:00', 0),
(1, '2018-11-23', '12:30', 1),
(1, '2018-11-23', '16:00', 1),
(1, '2018-11-23', '17:30', 1),
(1, '2018-11-23', '19:00', 1),
(1, '2018-11-23', '20:30', 1),
(1, '2018-11-23', '22:00', 1),
(1, '2018-11-24', '11:00', 0),
(1, '2018-11-24', '12:30', 1),
(1, '2018-11-24', '16:00', 1),
(1, '2018-11-24', '17:30', 1),
(1, '2018-11-24', '19:00', 1),
(1, '2018-11-24', '20:30', 1),
(1, '2018-11-24', '22:00', 1),
(1, '2018-11-25', '11:00', 0),
(1, '2018-11-25', '12:30', 1),
(1, '2018-11-25', '16:00', 1),
(1, '2018-11-25', '17:30', 1),
(1, '2018-11-25', '19:00', 1),
(1, '2018-10-25', '20:30', 1),
(1, '2018-10-25', '22:00', 1),
(1, '2018-11-26', '11:00', 0),
(1, '2018-11-26', '12:30', 1),
(1, '2018-11-26', '16:00', 1),
(1, '2018-11-26', '17:30', 1),
(1, '2018-11-26', '19:00', 1),
(1, '2018-11-26', '20:30', 1),
(1, '2018-11-26', '22:00', 1),

(1, '2018-11-27', '11:00', 0),
(1, '2018-11-27', '12:30', 1),
(1, '2018-11-27', '16:00', 1),
(1, '2018-11-27', '17:30', 1),
(1, '2018-11-27', '19:00', 1),
(1, '2018-11-27', '20:30', 1),
(1, '2018-11-27', '22:00', 1),
(1, '2018-11-28', '11:00', 0),
(1, '2018-11-28', '12:30', 1),
(1, '2018-11-28', '16:00', 1),
(1, '2018-11-28', '17:30', 1),
(1, '2018-11-28', '19:00', 1),
(1, '2018-11-28', '20:30', 1),
(1, '2018-11-28', '22:00', 1),

(2, '2018-11-22', '11:00', 0),
(2, '2018-11-22', '12:30', 1),
(2, '2018-11-22', '16:00', 1),
(2, '2018-11-22', '17:30', 1),
(2, '2018-11-22', '19:00', 1),
(2, '2018-11-22', '20:30', 1),
(2, '2018-11-22', '22:00', 1),
(2, '2018-11-23', '11:00', 0),
(2, '2018-11-23', '12:30', 1),
(2, '2018-11-23', '16:00', 1),
(2, '2018-11-23', '17:30', 1),
(2, '2018-11-23', '19:00', 1),
(2, '2018-11-23', '20:30', 1),
(2, '2018-11-23', '22:00', 1),
(2, '2018-11-24', '11:00', 0),
(2, '2018-11-24', '12:30', 1),
(2, '2018-11-24', '16:00', 1),
(2, '2018-11-24', '17:30', 1),
(2, '2018-11-24', '19:00', 1),
(2, '2018-11-24', '20:30', 1),
(2, '2018-11-24', '22:00', 1),
(2, '2018-11-25', '11:00', 0),
(2, '2018-11-25', '12:30', 1),
(2, '2018-11-25', '16:00', 1),
(2, '2018-11-25', '17:30', 1),
(2, '2018-11-25', '19:00', 1),
(2, '2018-11-25', '20:30', 1),
(2, '2018-11-25', '22:00', 1),
(2, '2018-11-26', '11:00', 0),
(2, '2018-11-26', '12:30', 1),
(2, '2018-11-26', '16:00', 1),
(2, '2018-11-26', '17:30', 1),
(2, '2018-11-26', '19:00', 1),
(2, '2018-11-26', '20:30', 1),
(2, '2018-11-26', '22:00', 1),
(2, '2018-11-27', '11:00', 0),
(2, '2018-11-27', '12:30', 1),
(2, '2018-11-27', '16:00', 1),
(2, '2018-11-27', '17:30', 1),
(2, '2018-11-27', '19:00', 1),
(2, '2018-11-27', '20:30', 1),
(2, '2018-11-27', '22:00', 1),
(2, '2018-11-28', '11:00', 0),
(2, '2018-11-28', '12:30', 1),
(2, '2018-11-28', '16:00', 1),
(2, '2018-11-28', '17:30', 1),
(2, '2018-11-28', '19:00', 1),
(2, '2018-11-28', '20:30', 1),
(2, '2018-11-28', '22:00', 1),

(3, '2018-11-22', '11:00', 0),
(3, '2018-11-22', '12:30', 1),
(3, '2018-11-22', '16:00', 1),
(3, '2018-11-22', '17:30', 1),
(3, '2018-11-22', '19:00', 1),
(3, '2018-11-22', '20:30', 1),
(3, '2018-11-22', '22:00', 1),
(3, '2018-11-23', '11:00', 0),
(3, '2018-11-23', '12:30', 1),
(3, '2018-11-23', '16:00', 1),
(3, '2018-11-23', '17:30', 1),
(3, '2018-11-23', '19:00', 1),
(3, '2018-11-23', '20:30', 1),
(3, '2018-11-23', '22:00', 1),
(3, '2018-11-24', '11:00', 0),
(3, '2018-11-24', '12:30', 1),
(3, '2018-11-24', '16:00', 1),
(3, '2018-11-24', '17:30', 1),
(3, '2018-11-24', '19:00', 1),
(3, '2018-11-24', '20:30', 1),
(3, '2018-11-24', '22:00', 1),
(3, '2018-11-25', '11:00', 0),
(3, '2018-11-25', '12:30', 1),
(3, '2018-11-25', '16:00', 1),
(3, '2018-11-25', '17:30', 1),
(3, '2018-11-25', '19:00', 1),
(3, '2018-11-25', '20:30', 1),
(3, '2018-11-25', '22:00', 1),
(3, '2018-11-26', '11:00', 0),
(3, '2018-11-26', '12:30', 1),
(3, '2018-11-26', '16:00', 1),
(3, '2018-11-26', '17:30', 1),
(3, '2018-11-26', '19:00', 1),
(3, '2018-11-26', '20:30', 1),
(3, '2018-11-26', '22:00', 1),
(3, '2018-11-27', '11:00', 0),
(3, '2018-11-27', '12:30', 1),
(3, '2018-11-27', '16:00', 1),
(3, '2018-11-27', '17:30', 1),
(3, '2018-11-27', '19:00', 1),
(3, '2018-11-27', '20:30', 1),
(3, '2018-11-27', '22:00', 1),
(3, '2018-11-28', '11:00', 0),
(3, '2018-11-28', '12:30', 1),
(3, '2018-11-28', '16:00', 1),
(3, '2018-11-28', '17:30', 1),
(3, '2018-11-28', '19:00', 1),
(3, '2018-11-28', '20:30', 1),
(3, '2018-11-28', '22:00', 1),

(4, '2018-11-22', '11:00', 0),
(4, '2018-11-22', '12:30', 1),
(4, '2018-11-22', '16:00', 1),
(4, '2018-11-22', '17:30', 1),
(4, '2018-11-22', '19:00', 1),
(4, '2018-11-22', '20:30', 1),
(4, '2018-11-22', '22:00', 1),
(4, '2018-11-23', '11:00', 0),
(4, '2018-11-23', '12:30', 1),
(4, '2018-11-23', '16:00', 1),
(4, '2018-11-23', '17:30', 1),
(4, '2018-11-23', '19:00', 1),
(4, '2018-11-23', '20:30', 1),
(4, '2018-11-23', '22:00', 1),
(4, '2018-11-24', '11:00', 0),
(4, '2018-11-24', '12:30', 1),
(4, '2018-11-24', '16:00', 1),
(4, '2018-11-24', '17:30', 1),
(4, '2018-11-24', '19:00', 1),
(4, '2018-11-24', '20:30', 1),
(4, '2018-11-24', '22:00', 1),
(4, '2018-11-25', '11:00', 0),
(4, '2018-11-25', '12:30', 1),
(4, '2018-11-25', '16:00', 1),
(4, '2018-11-25', '17:30', 1),
(4, '2018-11-25', '19:00', 1),
(4, '2018-11-25', '20:30', 1),
(4, '2018-11-25', '22:00', 1),
(4, '2018-11-26', '11:00', 0),
(4, '2018-11-26', '12:30', 1),
(4, '2018-11-26', '16:00', 1),
(4, '2018-11-26', '17:30', 1),
(4, '2018-11-26', '19:00', 1),
(4, '2018-11-26', '20:30', 1),
(4, '2018-11-26', '22:00', 1),
(4, '2018-11-27', '11:00', 0),
(4, '2018-11-27', '12:30', 1),
(4, '2018-11-27', '16:00', 1),
(4, '2018-11-27', '17:30', 1),
(4, '2018-11-27', '19:00', 1),
(4, '2018-11-27', '20:30', 1),
(4, '2018-11-27', '22:00', 1),
(4, '2018-11-28', '11:00', 0),
(4, '2018-11-28', '12:30', 1),
(4, '2018-11-28', '16:00', 1),
(4, '2018-11-28', '17:30', 1),
(4, '2018-11-28', '19:00', 1),
(4, '2018-11-28', '20:30', 1),
(4, '2018-11-28', '22:00', 1);

--
-- Volcado de datos para la tabla `grupo`
--

INSERT INTO `grupo` (`IdCampeonato`, `Tipo`, `Nivel`, `Letra`) VALUES
(3, 'Masculino', 1, 'A'),
(3, 'Masculino', 1, 'B'),
(3, 'Masculino', 1, 'C'),
(3, 'Masculino', 1, 'D'),
(3, 'Masculino', 1, 'E'),
(3, 'Masculino', 1, 'F'),
(3, 'Masculino', 1, 'G'),
(3, 'Masculino', 1, 'H');

-- --------------------------------------------------------


--
-- Volcado de datos para la tabla `partido`
--

INSERT INTO `partido` (`IdCampeonato`, `Tipo`, `Nivel`, `Grupo_Letra`, `NumEnfrentamiento`, `Fecha`, `Hora`, `ParejaGanadora`, `ParejaPerdedora`) VALUES
(3, 'Masculino', 1, 'A', 1, '2018-10-16', '11:00:00', 1, 2),
(3, 'Masculino', 1, 'A', 2, '2018-10-20', '11:00:00', 1, 3),
(3, 'Masculino', 1, 'A', 3, '2018-10-16', '11:00:00', 4, 1),
(3, 'Masculino', 1, 'A', 4, '2018-10-21', '11:00:00', 1, 5),

(3, 'Masculino', 1, 'A', 5, '2018-10-16', '12:30:00', 1, 6),
(3, 'Masculino', 1, 'A', 6, '2018-10-16', '12:30:00', 7, 1),
(3, 'Masculino', 1, 'A', 7, '2018-10-20', '12:30:00', 1, 8),
(3, 'Masculino', 1, 'A', 8, '2018-10-16', '12:30:00', 3, 2),

(3, 'Masculino', 1, 'A', 9, '2018-10-16', '16:00:00', 4, 2),
(3, 'Masculino', 1, 'A', 10, '2018-10-16', '16:00:00', 5, 2),
(3, 'Masculino', 1, 'A', 11, '2018-10-16', '16:00:00', 2, 6),
(3, 'Masculino', 1, 'A', 12, '2018-10-20', '16:00:00', 2, 7),

(3, 'Masculino', 1, 'A', 13, '2018-10-16', '17:30:00', 2, 8),
(3, 'Masculino', 1, 'A', 14, '2018-10-16', '17:30:00', 3, 4),
(3, 'Masculino', 1, 'A', 15, '2018-10-16', '17:30:00', 5, 3),
(3, 'Masculino', 1, 'A', 16, '2018-10-20', '17:30:00', 3, 6),

(3, 'Masculino', 1, 'A', 17, '2018-10-16', '19:00:00', 7, 3),
(3, 'Masculino', 1, 'A', 18, '2018-10-16', '19:00:00', 8, 3),
(3, 'Masculino', 1, 'A', 19, '2018-10-16', '19:00:00', 5, 4),
(3, 'Masculino', 1, 'A', 20, '2018-10-16', '19:00:00', 4, 6),

(3, 'Masculino', 1, 'A', 21, NULL, NULL, NULL, NULL),
(3, 'Masculino', 1, 'A', 22, '2018-10-16', '20:30:00', 8, 4),
(3, 'Masculino', 1, 'A', 23, '2018-10-16', '20:30:00', 6, 5),
(3, 'Masculino', 1, 'A', 24, '2018-10-16', '20:30:00', 7, 5),

(3, 'Masculino', 1, 'A', 25, '2018-10-16', '22:00:00', 5, 8),
(3, 'Masculino', 1, 'A', 26, '2018-10-16', '22:00:00', 6, 7),
(3, 'Masculino', 1, 'A', 27, '2018-10-20', '22:00:00', 6, 8),
(3, 'Masculino', 1, 'A', 28, '2018-10-16', '22:00:00', 7, 8),

(3, 'Masculino', 1, 'A', 29, '2018-10-17', '11:00:00', 1, 65),
(3, 'Masculino', 1, 'A', 30, '2018-10-17', '11:00:00', 65, 2),
(3, 'Masculino', 1, 'A', 31, '2018-10-20', '11:00:00', 65, 3),
(3, 'Masculino', 1, 'A', 32, '2018-10-21', '11:00:00', 65, 4),

(3, 'Masculino', 1, 'A', 33, '2018-10-17', '12:30:00', 65, 5),
(3, 'Masculino', 1, 'A', 34, '2018-10-17', '12:30:00', 6, 65),
(3, 'Masculino', 1, 'A', 35, '2018-10-20', '12:30:00', 65, 7),
(3, 'Masculino', 1, 'A', 36, NULL, NULL, NULL, NULL),

(3, 'Masculino', 1, 'A', 37, '2018-10-17', '16:00:00', 66, 1),
(3, 'Masculino', 1, 'A', 38, '2018-10-17', '16:00:00', 2, 66),
(3, 'Masculino', 1, 'A', 39, '2018-10-17', '16:00:00', 3, 66),
(3, 'Masculino', 1, 'A', 40, '2018-10-17', '16:00:00', 4, 66),

(3, 'Masculino', 1, 'A', 41, '2018-10-17', '17:30:00', 66, 5),
(3, 'Masculino', 1, 'A', 42, '2018-10-17', '17:30:00', 66, 6),
(3, 'Masculino', 1, 'A', 43, '2018-10-17', '17:30:00', 66, 7),
(3, 'Masculino', 1, 'A', 44, '2018-10-17', '17:30:00', 8, 66),

(3, 'Masculino', 1, 'A', 45, '2018-10-17', '19:00:00', 66, 65),
(3, 'Masculino', 1, 'A', 46, '2018-10-17', '19:00:00', 1, 67),
(3, 'Masculino', 1, 'A', 47, '2018-10-17', '19:00:00', 67, 2),
(3, 'Masculino', 1, 'A', 48, '2018-10-20', '19:00:00', 67, 3),

(3, 'Masculino', 1, 'A', 49, '2018-10-17', '20:30:00', 67, 4),
(3, 'Masculino', 1, 'A', 50, '2018-10-17', '20:30:00', 5, 67),
(3, 'Masculino', 1, 'A', 51, '2018-10-17', '20:30:00', 6, 67),
(3, 'Masculino', 1, 'A', 52, '2018-10-17', '20:30:00', 7, 67),

(3, 'Masculino', 1, 'A', 53, '2018-10-17', '22:00:00', 8, 67),
(3, 'Masculino', 1, 'A', 54, '2018-10-17', '22:00:00', 67, 65),
(3, 'Masculino', 1, 'A', 55, '2018-10-20', '22:00:00', 67, 66),
(3, 'Masculino', 1, 'A', 56, '2018-10-17', '22:00:00', 1, 68),

(3, 'Masculino', 1, 'A', 57, '2018-10-18', '11:00:00', 68, 2),
(3, 'Masculino', 1, 'A', 58, '2018-10-18', '11:00:00', 3, 68),
(3, 'Masculino', 1, 'A', 59, '2018-10-20', '11:00:00', 68, 4),
(3, 'Masculino', 1, 'A', 60, '2018-10-21', '11:00:00', 68, 5),

(3, 'Masculino', 1, 'A', 61, '2018-10-18', '12:30:00', 6, 68),
(3, 'Masculino', 1, 'A', 62, '2018-10-18', '12:30:00', 7, 68),
(3, 'Masculino', 1, 'A', 63, '2018-10-18', '12:30:00', 68, 8),
(3, 'Masculino', 1, 'A', 64, '2018-10-20', '12:30:00', 68, 65),

(3, 'Masculino', 1, 'A', 65, '2018-10-18', '16:00:00', 66, 68),
(3, 'Masculino', 1, 'A', 66, '2018-10-18', '16:00:00', 68, 67),


(3, 'Masculino', 1, 'B', 1, '2018-10-18', '16:00:00', NULL, NULL),
(3, 'Masculino', 1, 'B', 2, '2018-10-18', '16:00:00', NULL, NULL),

(3, 'Masculino', 1, 'B', 3, '2018-10-18', '17:30:00', NULL, NULL),
(3, 'Masculino', 1, 'B', 4, '2018-10-18', '17:30:00', NULL, NULL),
(3, 'Masculino', 1, 'B', 5, '2018-10-18', '17:30:00', NULL, NULL),
(3, 'Masculino', 1, 'B', 6, '2018-10-18', '17:30:00', NULL, NULL),

(3, 'Masculino', 1, 'B', 7, '2018-10-18', '19:00:00', NULL, NULL),
(3, 'Masculino', 1, 'B', 8, '2018-10-18', '19:00:00', NULL, NULL),
(3, 'Masculino', 1, 'B', 9, '2018-10-18', '19:00:00', NULL, NULL),
(3, 'Masculino', 1, 'B', 10, '2018-10-18', '19:00:00', NULL, NULL),

(3, 'Masculino', 1, 'B', 11, '2018-10-18', '20:30:00', NULL, NULL),
(3, 'Masculino', 1, 'B', 12, '2018-10-18', '20:30:00', NULL, NULL),
(3, 'Masculino', 1, 'B', 13, '2018-10-18', '20:30:00', NULL, NULL),
(3, 'Masculino', 1, 'B', 14, '2018-10-18', '20:30:00', NULL, NULL),

(3, 'Masculino', 1, 'B', 15, '2018-10-18', '22:00:00', NULL, NULL),
(3, 'Masculino', 1, 'B', 16, '2018-10-18', '22:00:00', NULL, NULL),
(3, 'Masculino', 1, 'B', 17, '2018-10-18', '22:00:00', NULL, NULL),
(3, 'Masculino', 1, 'B', 18, '2018-10-18', '22:00:00', NULL, NULL),

(3, 'Masculino', 1, 'B', 19, '2018-10-19', '11:00:00', NULL, NULL),
(3, 'Masculino', 1, 'B', 20, '2018-10-19', '11:00:00', NULL, NULL),
(3, 'Masculino', 1, 'B', 21, '2018-10-19', '11:00:00', NULL, NULL),
(3, 'Masculino', 1, 'B', 22, '2018-10-19', '11:00:00', NULL, NULL),

(3, 'Masculino', 1, 'B', 23, '2018-10-19', '12:30:00', NULL, NULL),
(3, 'Masculino', 1, 'B', 24, '2018-10-19', '12:30:00', NULL, NULL),
(3, 'Masculino', 1, 'B', 25, '2018-10-19', '12:30:00', NULL, NULL),
(3, 'Masculino', 1, 'B', 26, '2018-10-19', '12:30:00', NULL, NULL),

(3, 'Masculino', 1, 'B', 27, '2018-10-19', '16:00:00', NULL, NULL),
(3, 'Masculino', 1, 'B', 28, '2018-10-19', '16:00:00', NULL, NULL),
(3, 'Masculino', 1, 'B', 67, '2018-10-19', '16:00:00', NULL, NULL),
(3, 'Masculino', 1, 'B', 68, '2018-10-19', '16:00:00', NULL, NULL),

(3, 'Masculino', 1, 'B', 69, '2018-10-19', '17:30:00', NULL, NULL),
(3, 'Masculino', 1, 'B', 70, '2018-10-19', '17:30:00', NULL, NULL),
(3, 'Masculino', 1, 'B', 71, '2018-10-19', '17:30:00', NULL, NULL),
(3, 'Masculino', 1, 'B', 72, '2018-10-19', '17:30:00', NULL, NULL),

(3, 'Masculino', 1, 'B', 73, '2018-10-19', '19:00:00', NULL, NULL),
(3, 'Masculino', 1, 'B', 74, '2018-10-19', '19:00:00', NULL, NULL),
(3, 'Masculino', 1, 'B', 75, '2018-10-19', '19:00:00', NULL, NULL),
(3, 'Masculino', 1, 'B', 76, '2018-10-19', '19:00:00', NULL, NULL),

(3, 'Masculino', 1, 'B', 77, '2018-10-19', '20:30:00', NULL, NULL),
(3, 'Masculino', 1, 'B', 78, '2018-10-19', '20:30:00', NULL, NULL),
(3, 'Masculino', 1, 'B', 79, '2018-10-19', '20:30:00', NULL, NULL),
(3, 'Masculino', 1, 'B', 80, '2018-10-19', '20:30:00', NULL, NULL),

(3, 'Masculino', 1, 'B', 81, '2018-10-19', '22:00:00', NULL, NULL),
(3, 'Masculino', 1, 'B', 82, '2018-10-19', '22:00:00', NULL, NULL),
(3, 'Masculino', 1, 'B', 83, '2018-10-19', '22:00:00', NULL, NULL),
(3, 'Masculino', 1, 'B', 84, '2018-10-19', '22:00:00', NULL, NULL),

(3, 'Masculino', 1, 'B', 85, '2018-10-20', '11:00:00', NULL, NULL),
(3, 'Masculino', 1, 'B', 86, '2018-10-20', '11:00:00', NULL, NULL),
(3, 'Masculino', 1, 'B', 87, '2018-10-20', '11:00:00', NULL, NULL),
(3, 'Masculino', 1, 'B', 88, '2018-10-20', '11:00:00', NULL, NULL),

(3, 'Masculino', 1, 'B', 89, '2018-10-20', '12:30:00', NULL, NULL),
(3, 'Masculino', 1, 'B', 90, '2018-10-20', '12:30:00', NULL, NULL),
(3, 'Masculino', 1, 'B', 91, '2018-10-20', '12:30:00', NULL, NULL),
(3, 'Masculino', 1, 'B', 92, '2018-10-20', '12:30:00', NULL, NULL),

(3, 'Masculino', 1, 'B', 93, '2018-10-20', '16:00:00', NULL, NULL),
(3, 'Masculino', 1, 'B', 94, '2018-10-20', '16:00:00', NULL, NULL),
(3, 'Masculino', 1, 'B', 95, '2018-10-20', '16:00:00', NULL, NULL),
(3, 'Masculino', 1, 'B', 96, '2018-10-20', '16:00:00', NULL, NULL),

(3, 'Masculino', 1, 'B', 97, '2018-10-20', '17:30:00', NULL, NULL),
(3, 'Masculino', 1, 'B', 98, '2018-10-20', '17:30:00', NULL, NULL),
(3, 'Masculino', 1, 'B', 99, '2018-10-20', '17:30:00', NULL, NULL),
(3, 'Masculino', 1, 'B', 100, '2018-10-20', '17:30:00', NULL, NULL),

(3, 'Masculino', 1, 'B', 101, '2018-10-20', '19:00:00', NULL, NULL),
(3, 'Masculino', 1, 'B', 102, '2018-10-20', '19:00:00', NULL, NULL),
(3, 'Masculino', 1, 'B', 103, '2018-10-20', '19:00:00', NULL, NULL),
(3, 'Masculino', 1, 'B', 104, '2018-10-20', '19:00:00', NULL, NULL),

(3, 'Masculino', 1, 'C', 1, '2018-10-20', '20:30:00', NULL, NULL),
(3, 'Masculino', 1, 'C', 2, '2018-10-20', '20:30:00', NULL, NULL),
(3, 'Masculino', 1, 'C', 3, '2018-10-20', '20:30:00', NULL, NULL),
(3, 'Masculino', 1, 'C', 4, '2018-10-20', '20:30:00', NULL, NULL),

(3, 'Masculino', 1, 'C', 5, '2018-10-20', '22:00:00', NULL, NULL),
(3, 'Masculino', 1, 'C', 6, '2018-10-20', '22:00:00', NULL, NULL),
(3, 'Masculino', 1, 'C', 7, '2018-10-20', '22:00:00', NULL, NULL),
(3, 'Masculino', 1, 'C', 8, '2018-10-20', '22:00:00', NULL, NULL),

(3, 'Masculino', 1, 'C', 9, '2018-10-21', '11:00:00', NULL, NULL),
(3, 'Masculino', 1, 'C', 10, '2018-10-21', '11:00:00', NULL, NULL),
(3, 'Masculino', 1, 'C', 11, '2018-10-21', '11:00:00', NULL, NULL),
(3, 'Masculino', 1, 'C', 12, '2018-10-21', '11:00:00', NULL, NULL),

(3, 'Masculino', 1, 'C', 13, '2018-10-21', '12:30:00', NULL, NULL),
(3, 'Masculino', 1, 'C', 14, '2018-10-21', '12:30:00', NULL, NULL),
(3, 'Masculino', 1, 'C', 15, '2018-10-21', '12:30:00', NULL, NULL),
(3, 'Masculino', 1, 'C', 16, '2018-10-21', '12:30:00', NULL, NULL),

(3, 'Masculino', 1, 'C', 17, '2018-10-21', '16:00:00', NULL, NULL),
(3, 'Masculino', 1, 'C', 18, '2018-10-21', '16:00:00', NULL, NULL),
(3, 'Masculino', 1, 'C', 19, '2018-10-21', '16:00:00', NULL, NULL),
(3, 'Masculino', 1, 'C', 20, '2018-10-21', '16:00:00', NULL, NULL),

(3, 'Masculino', 1, 'C', 21, '2018-10-21', '17:30:00', NULL, NULL),
(3, 'Masculino', 1, 'C', 22, '2018-10-21', '17:30:00', NULL, NULL),
(3, 'Masculino', 1, 'C', 23, '2018-10-21', '17:30:00', NULL, NULL),
(3, 'Masculino', 1, 'C', 24, '2018-10-21', '17:30:00', NULL, NULL),

(3, 'Masculino', 1, 'C', 25, '2018-10-21', '19:00:00', NULL, NULL),
(3, 'Masculino', 1, 'C', 26, '2018-10-21', '19:00:00', NULL, NULL),
(3, 'Masculino', 1, 'C', 27, '2018-10-21', '19:00:00', NULL, NULL),
(3, 'Masculino', 1, 'C', 28, '2018-10-21', '19:00:00', NULL, NULL),

(3, 'Masculino', 1, 'C', 105, '2018-10-21', '20:30:00', NULL, NULL),
(3, 'Masculino', 1, 'C', 106, '2018-10-21', '20:30:00', NULL, NULL),
(3, 'Masculino', 1, 'C', 107, '2018-10-21', '20:30:00', NULL, NULL),
(3, 'Masculino', 1, 'C', 108, '2018-10-21', '20:30:00', NULL, NULL),

(3, 'Masculino', 1, 'C', 109, '2018-10-21', '22:00:00', NULL, NULL),
(3, 'Masculino', 1, 'C', 110, '2018-10-21', '22:00:00', NULL, NULL),
(3, 'Masculino', 1, 'C', 111, '2018-10-21', '22:00:00', NULL, NULL),
(3, 'Masculino', 1, 'C', 112, '2018-10-21', '22:00:00', NULL, NULL),

(3, 'Masculino', 1, 'C', 113, '2018-10-22', '11:00:00', NULL, NULL),
(3, 'Masculino', 1, 'C', 114, '2018-10-22', '11:00:00', NULL, NULL),
(3, 'Masculino', 1, 'C', 115, '2018-10-22', '11:00:00', NULL, NULL),
(3, 'Masculino', 1, 'C', 116, '2018-10-22', '11:00:00', NULL, NULL),

(3, 'Masculino', 1, 'C', 117, '2018-10-22', '12:30:00', NULL, NULL),
(3, 'Masculino', 1, 'C', 118, '2018-10-22', '12:30:00', NULL, NULL),
(3, 'Masculino', 1, 'C', 119, '2018-10-22', '12:30:00', NULL, NULL),
(3, 'Masculino', 1, 'C', 120, '2018-10-22', '12:30:00', NULL, NULL),

(3, 'Masculino', 1, 'C', 121, '2018-10-22', '16:00:00', NULL, NULL),
(3, 'Masculino', 1, 'C', 122, '2018-10-22', '16:00:00', NULL, NULL),
(3, 'Masculino', 1, 'C', 123, '2018-10-22', '16:00:00', NULL, NULL),
(3, 'Masculino', 1, 'C', 124, '2018-10-22', '16:00:00', NULL, NULL),

(3, 'Masculino', 1, 'C', 125, '2018-10-22', '17:30:00', NULL, NULL),
(3, 'Masculino', 1, 'C', 126, '2018-10-22', '17:30:00', NULL, NULL),

(3, 'Masculino', 1, 'C', 127, '2018-10-22', '17:30:00', NULL, NULL),
(3, 'Masculino', 1, 'C', 128, '2018-10-22', '17:30:00', NULL, NULL),

(3, 'Masculino', 1, 'C', 129, '2018-10-22', '19:00:00', NULL, NULL),
(3, 'Masculino', 1, 'C', 130, '2018-10-22', '19:00:00', NULL, NULL),
(3, 'Masculino', 1, 'C', 131, '2018-10-22', '19:00:00', NULL, NULL),
(3, 'Masculino', 1, 'C', 132, '2018-10-22', '19:00:00', NULL, NULL),

(3, 'Masculino', 1, 'C', 133, '2018-10-22', '20:30:00', NULL, NULL),
(3, 'Masculino', 1, 'C', 134, '2018-10-22', '20:30:00', NULL, NULL),
(3, 'Masculino', 1, 'C', 135, '2018-10-22', '20:30:00', NULL, NULL),
(3, 'Masculino', 1, 'C', 136, '2018-10-22', '20:30:00', NULL, NULL),

(3, 'Masculino', 1, 'C', 137, '2018-10-22', '22:00:00', NULL, NULL),
(3, 'Masculino', 1, 'C', 138, '2018-10-22', '22:00:00', NULL, NULL),
(3, 'Masculino', 1, 'C', 139, '2018-10-22', '22:00:00', NULL, NULL),
(3, 'Masculino', 1, 'C', 140, '2018-10-22', '22:00:00', NULL, NULL),

(3, 'Masculino', 1, 'C', 141, '2018-10-23', '11:00:00', NULL, NULL),
(3, 'Masculino', 1, 'C', 142, '2018-10-23', '11:00:00', NULL, NULL),

(3, 'Masculino', 1, 'D', 1, '2018-10-23', '11:00:00', NULL, NULL),
(3, 'Masculino', 1, 'D', 2, '2018-10-23', '11:00:00', NULL, NULL),

(3, 'Masculino', 1, 'D', 3, '2018-10-23', '12:30:00', NULL, NULL),
(3, 'Masculino', 1, 'D', 4, '2018-10-23', '12:30:00', NULL, NULL),
(3, 'Masculino', 1, 'D', 5, '2018-10-23', '12:30:00', NULL, NULL),
(3, 'Masculino', 1, 'D', 6, '2018-10-23', '12:30:00', NULL, NULL),

(3, 'Masculino', 1, 'D', 7, '2018-10-23', '16:00:00', NULL, NULL),
(3, 'Masculino', 1, 'D', 8, '2018-10-23', '16:00:00', NULL, NULL),
(3, 'Masculino', 1, 'D', 9, '2018-10-23', '16:00:00', NULL, NULL),
(3, 'Masculino', 1, 'D', 10, '2018-10-23', '16:00:00', NULL, NULL),

(3, 'Masculino', 1, 'D', 11, '2018-10-23', '17:30:00', NULL, NULL),
(3, 'Masculino', 1, 'D', 12, '2018-10-23', '17:30:00', NULL, NULL),
(3, 'Masculino', 1, 'D', 13, '2018-10-23', '17:30:00', NULL, NULL),
(3, 'Masculino', 1, 'D', 14, '2018-10-23', '17:30:00', NULL, NULL),

(3, 'Masculino', 1, 'D', 15, '2018-10-23', '19:00:00', NULL, NULL),
(3, 'Masculino', 1, 'D', 16, '2018-10-23', '19:00:00', NULL, NULL),
(3, 'Masculino', 1, 'D', 17, '2018-10-23', '19:00:00', NULL, NULL),
(3, 'Masculino', 1, 'D', 18, '2018-10-23', '19:00:00', NULL, NULL),

(3, 'Masculino', 1, 'D', 19, '2018-10-23', '20:30:00', NULL, NULL),
(3, 'Masculino', 1, 'D', 20, '2018-10-23', '20:30:00', NULL, NULL),
(3, 'Masculino', 1, 'D', 21, '2018-10-23', '20:30:00', NULL, NULL),
(3, 'Masculino', 1, 'D', 22, '2018-10-23', '20:30:00', NULL, NULL),

(3, 'Masculino', 1, 'D', 23, '2018-10-23', '22:00:00', NULL, NULL),
(3, 'Masculino', 1, 'D', 24, '2018-10-23', '22:00:00', NULL, NULL),
(3, 'Masculino', 1, 'D', 25, '2018-10-23', '22:00:00', NULL, NULL),
(3, 'Masculino', 1, 'D', 26, '2018-10-23', '22:00:00', NULL, NULL),

(3, 'Masculino', 1, 'D', 27, '2018-10-24', '11:00:00', NULL, NULL),
(3, 'Masculino', 1, 'D', 28, '2018-10-24', '11:00:00', NULL, NULL),
(3, 'Masculino', 1, 'D', 143, '2018-10-24', '11:00:00', NULL, NULL),
(3, 'Masculino', 1, 'D', 144, '2018-10-24', '11:00:00', NULL, NULL),

(3, 'Masculino', 1, 'D', 145, '2018-10-24', '12:30:00', NULL, NULL),
(3, 'Masculino', 1, 'D', 146, '2018-10-24', '12:30:00', NULL, NULL),
(3, 'Masculino', 1, 'D', 147, '2018-10-24', '12:30:00', NULL, NULL),
(3, 'Masculino', 1, 'D', 148, '2018-10-24', '12:30:00', NULL, NULL),

(3, 'Masculino', 1, 'D', 149, '2018-10-24', '16:00:00', NULL, NULL),
(3, 'Masculino', 1, 'D', 150, '2018-10-24', '16:00:00', NULL, NULL),
(3, 'Masculino', 1, 'D', 151, '2018-10-24', '16:00:00', NULL, NULL),
(3, 'Masculino', 1, 'D', 152, '2018-10-24', '16:00:00', NULL, NULL),

(3, 'Masculino', 1, 'D', 153, '2018-10-24', '17:30:00', NULL, NULL),
(3, 'Masculino', 1, 'D', 154, '2018-10-24', '17:30:00', NULL, NULL),
(3, 'Masculino', 1, 'D', 155, '2018-10-24', '17:30:00', NULL, NULL),
(3, 'Masculino', 1, 'D', 156, '2018-10-24', '17:30:00', NULL, NULL),

(3, 'Masculino', 1, 'D', 157, '2018-10-24', '19:00:00', NULL, NULL),
(3, 'Masculino', 1, 'D', 158, '2018-10-24', '19:00:00', NULL, NULL),
(3, 'Masculino', 1, 'D', 159, '2018-10-24', '19:00:00', NULL, NULL),
(3, 'Masculino', 1, 'D', 160, '2018-10-24', '19:00:00', NULL, NULL),

(3, 'Masculino', 1, 'D', 161, '2018-10-24', '20:30:00', NULL, NULL),
(3, 'Masculino', 1, 'D', 162, '2018-10-24', '20:30:00', NULL, NULL),
(3, 'Masculino', 1, 'D', 163, '2018-10-24', '20:30:00', NULL, NULL),
(3, 'Masculino', 1, 'D', 164, '2018-10-24', '20:30:00', NULL, NULL),

(3, 'Masculino', 1, 'D', 165, '2018-10-24', '22:00:00', NULL, NULL),
(3, 'Masculino', 1, 'D', 166, '2018-10-24', '22:00:00', NULL, NULL),
(3, 'Masculino', 1, 'D', 167, '2018-10-24', '22:00:00', NULL, NULL),
(3, 'Masculino', 1, 'D', 168, '2018-10-24', '22:00:00', NULL, NULL),

(3, 'Masculino', 1, 'D', 169, '2018-10-25', '11:00:00', NULL, NULL),
(3, 'Masculino', 1, 'D', 170, '2018-10-25', '11:00:00', NULL, NULL),
(3, 'Masculino', 1, 'D', 171, '2018-10-25', '11:00:00', NULL, NULL),
(3, 'Masculino', 1, 'D', 172, '2018-10-25', '11:00:00', NULL, NULL),

(3, 'Masculino', 1, 'D', 173, '2018-10-25', '12:30:00', NULL, NULL),
(3, 'Masculino', 1, 'D', 174, '2018-10-25', '12:30:00', NULL, NULL),
(3, 'Masculino', 1, 'D', 175, '2018-10-25', '12:30:00', NULL, NULL),
(3, 'Masculino', 1, 'D', 176, '2018-10-25', '12:30:00', NULL, NULL),

(3, 'Masculino', 1, 'D', 177, '2018-10-25', '16:00:00', NULL, NULL),
(3, 'Masculino', 1, 'D', 178, '2018-10-25', '16:00:00', NULL, NULL),
(3, 'Masculino', 1, 'D', 179, '2018-10-25', '16:00:00', NULL, NULL),
(3, 'Masculino', 1, 'D', 180, '2018-10-25', '16:00:00', NULL, NULL),

(3, 'Masculino', 1, 'E', 1, '2018-10-25', '17:30:00', NULL, NULL),
(3, 'Masculino', 1, 'E', 2, '2018-10-25', '17:30:00', NULL, NULL),
(3, 'Masculino', 1, 'E', 3, '2018-10-25', '17:30:00', NULL, NULL),
(3, 'Masculino', 1, 'E', 4, '2018-10-25', '17:30:00', NULL, NULL),

(3, 'Masculino', 1, 'E', 5, '2018-10-25', '19:00:00', NULL, NULL),
(3, 'Masculino', 1, 'E', 6, '2018-10-25', '19:00:00', NULL, NULL),
(3, 'Masculino', 1, 'E', 7, '2018-10-25', '19:00:00', NULL, NULL),
(3, 'Masculino', 1, 'E', 8, '2018-10-25', '19:00:00', NULL, NULL),

(3, 'Masculino', 1, 'E', 9, '2018-10-25', '20:30:00', NULL, NULL),
(3, 'Masculino', 1, 'E', 10, '2018-10-25', '20:30:00', NULL, NULL),
(3, 'Masculino', 1, 'E', 11, '2018-10-25', '20:30:00', NULL, NULL),
(3, 'Masculino', 1, 'E', 12, '2018-10-25', '20:30:00', NULL, NULL),

(3, 'Masculino', 1, 'E', 13, '2018-10-25', '22:00:00', NULL, NULL),
(3, 'Masculino', 1, 'E', 14, '2018-10-25', '22:00:00', NULL, NULL),
(3, 'Masculino', 1, 'E', 15, '2018-10-25', '22:00:00', NULL, NULL),
(3, 'Masculino', 1, 'E', 16, '2018-10-25', '22:00:00', NULL, NULL),

(3, 'Masculino', 1, 'E', 17, '2018-10-26', '11:00:00', NULL, NULL),
(3, 'Masculino', 1, 'E', 18, '2018-10-26', '11:00:00', NULL, NULL),
(3, 'Masculino', 1, 'E', 19, '2018-10-26', '11:00:00', NULL, NULL),
(3, 'Masculino', 1, 'E', 20, '2018-10-26', '11:00:00', NULL, NULL),

(3, 'Masculino', 1, 'E', 21, '2018-10-26', '12:30:00', NULL, NULL),
(3, 'Masculino', 1, 'E', 22, '2018-10-26', '12:30:00', NULL, NULL),
(3, 'Masculino', 1, 'E', 23, '2018-10-26', '12:30:00', NULL, NULL),
(3, 'Masculino', 1, 'E', 24, '2018-10-26', '12:30:00', NULL, NULL),

(3, 'Masculino', 1, 'E', 25, '2018-10-26', '16:00:00', NULL, NULL),
(3, 'Masculino', 1, 'E', 26, '2018-10-26', '16:00:00', NULL, NULL),
(3, 'Masculino', 1, 'E', 27, '2018-10-26', '16:00:00', NULL, NULL),
(3, 'Masculino', 1, 'E', 28, '2018-10-26', '16:00:00', NULL, NULL),

(3, 'Masculino', 1, 'E', 181, '2018-10-26', '17:30:00', NULL, NULL),
(3, 'Masculino', 1, 'E', 182, '2018-10-26', '17:30:00', NULL, NULL),
(3, 'Masculino', 1, 'E', 183, '2018-10-26', '17:30:00', NULL, NULL),
(3, 'Masculino', 1, 'E', 184, '2018-10-26', '17:30:00', NULL, NULL),

(3, 'Masculino', 1, 'E', 185, '2018-10-26', '19:00:00', NULL, NULL),
(3, 'Masculino', 1, 'E', 186, '2018-10-26', '19:00:00', NULL, NULL),
(3, 'Masculino', 1, 'E', 187, '2018-10-26', '19:00:00', NULL, NULL),
(3, 'Masculino', 1, 'E', 188, '2018-10-26', '19:00:00', NULL, NULL),

(3, 'Masculino', 1, 'E', 189, '2018-10-26', '20:30:00', NULL, NULL),
(3, 'Masculino', 1, 'E', 190, '2018-10-26', '20:30:00', NULL, NULL),
(3, 'Masculino', 1, 'E', 191, '2018-10-26', '20:30:00', NULL, NULL),
(3, 'Masculino', 1, 'E', 192, '2018-10-26', '20:30:00', NULL, NULL),

(3, 'Masculino', 1, 'E', 193, '2018-10-26', '22:00:00', NULL, NULL),
(3, 'Masculino', 1, 'E', 194, '2018-10-26', '22:00:00', NULL, NULL),
(3, 'Masculino', 1, 'E', 195, '2018-10-26', '22:00:00', NULL, NULL),
(3, 'Masculino', 1, 'E', 196, '2018-10-26', '22:00:00', NULL, NULL),

(3, 'Masculino', 1, 'E', 197, '2018-10-27', '11:00:00', NULL, NULL),
(3, 'Masculino', 1, 'E', 198, '2018-10-27', '11:00:00', NULL, NULL),
(3, 'Masculino', 1, 'E', 199, '2018-10-27', '11:00:00', NULL, NULL),
(3, 'Masculino', 1, 'E', 200, '2018-10-27', '11:00:00', NULL, NULL),

(3, 'Masculino', 1, 'E', 201, '2018-10-27', '12:30:00', NULL, NULL),
(3, 'Masculino', 1, 'E', 202, '2018-10-27', '12:30:00', NULL, NULL),
(3, 'Masculino', 1, 'E', 203, '2018-10-27', '12:30:00', NULL, NULL),
(3, 'Masculino', 1, 'E', 204, '2018-10-27', '12:30:00', NULL, NULL),

(3, 'Masculino', 1, 'E', 205, '2018-10-27', '16:00:00', NULL, NULL),
(3, 'Masculino', 1, 'E', 206, '2018-10-27', '16:00:00', NULL, NULL),
(3, 'Masculino', 1, 'E', 207, '2018-10-27', '16:00:00', NULL, NULL),
(3, 'Masculino', 1, 'E', 208, '2018-10-27', '16:00:00', NULL, NULL),

(3, 'Masculino', 1, 'E', 209, '2018-10-27', '17:30:00', NULL, NULL),
(3, 'Masculino', 1, 'E', 210, '2018-10-27', '17:30:00', NULL, NULL),
(3, 'Masculino', 1, 'E', 211, '2018-10-27', '17:30:00', NULL, NULL),
(3, 'Masculino', 1, 'E', 212, '2018-10-27', '17:30:00', NULL, NULL),

(3, 'Masculino', 1, 'E', 213, '2018-10-27', '19:00:00', NULL, NULL),
(3, 'Masculino', 1, 'E', 214, '2018-10-27', '19:00:00', NULL, NULL),
(3, 'Masculino', 1, 'E', 215, '2018-10-27', '19:00:00', NULL, NULL),
(3, 'Masculino', 1, 'E', 216, '2018-10-27', '19:00:00', NULL, NULL),

(3, 'Masculino', 1, 'E', 217, '2018-10-27', '20:30:00', NULL, NULL),
(3, 'Masculino', 1, 'E', 218, '2018-10-27', '20:30:00', NULL, NULL),

(3, 'Masculino', 1, 'F', 1, '2018-10-27', '20:30:00', NULL, NULL),
(3, 'Masculino', 1, 'F', 2, '2018-10-27', '20:30:00', NULL, NULL),

(3, 'Masculino', 1, 'F', 3, '2018-10-27', '22:00:00', NULL, NULL),
(3, 'Masculino', 1, 'F', 4, '2018-10-27', '22:00:00', NULL, NULL),
(3, 'Masculino', 1, 'F', 5, '2018-10-27', '22:00:00', NULL, NULL),
(3, 'Masculino', 1, 'F', 6, '2018-10-27', '22:00:00', NULL, NULL),

(3, 'Masculino', 1, 'F', 7, '2018-10-28', '11:00:00', NULL, NULL),
(3, 'Masculino', 1, 'F', 8, '2018-10-28', '11:00:00', NULL, NULL),
(3, 'Masculino', 1, 'F', 9, '2018-10-28', '11:00:00', NULL, NULL),
(3, 'Masculino', 1, 'F', 10, '2018-10-28', '11:00:00', NULL, NULL),

(3, 'Masculino', 1, 'F', 11, '2018-10-28', '12:30:00', NULL, NULL),
(3, 'Masculino', 1, 'F', 12, '2018-10-28', '12:30:00', NULL, NULL),
(3, 'Masculino', 1, 'F', 13, '2018-10-28', '12:30:00', NULL, NULL),
(3, 'Masculino', 1, 'F', 14, '2018-10-28', '12:30:00', NULL, NULL),

(3, 'Masculino', 1, 'F', 15, '2018-10-28', '16:00:00', NULL, NULL),
(3, 'Masculino', 1, 'F', 16, '2018-10-28', '16:00:00', NULL, NULL),
(3, 'Masculino', 1, 'F', 17, '2018-10-28', '16:00:00', NULL, NULL),
(3, 'Masculino', 1, 'F', 18, '2018-10-28', '16:00:00', NULL, NULL),

(3, 'Masculino', 1, 'F', 19, '2018-10-28', '17:30:00', NULL, NULL),
(3, 'Masculino', 1, 'F', 20, '2018-10-28', '17:30:00', NULL, NULL),
(3, 'Masculino', 1, 'F', 21, '2018-10-28', '17:30:00', NULL, NULL),
(3, 'Masculino', 1, 'F', 22, '2018-10-28', '17:30:00', NULL, NULL),

(3, 'Masculino', 1, 'F', 23, '2018-10-28', '19:00:00', NULL, NULL),
(3, 'Masculino', 1, 'F', 24, '2018-10-28', '19:00:00', NULL, NULL),
(3, 'Masculino', 1, 'F', 25, '2018-10-28', '19:00:00', NULL, NULL),
(3, 'Masculino', 1, 'F', 26, '2018-10-28', '19:00:00', NULL, NULL),

(3, 'Masculino', 1, 'F', 27, '2018-10-28', '20:30:00', NULL, NULL),
(3, 'Masculino', 1, 'F', 28, '2018-10-28', '20:30:00', NULL, NULL),
(3, 'Masculino', 1, 'F', 219, '2018-10-28', '20:30:00', NULL, NULL),
(3, 'Masculino', 1, 'F', 220, '2018-10-28', '20:30:00', NULL, NULL),

(3, 'Masculino', 1, 'F', 221, '2018-10-28', '22:00:00', NULL, NULL),
(3, 'Masculino', 1, 'F', 222, '2018-10-28', '22:00:00', NULL, NULL),
(3, 'Masculino', 1, 'F', 223, '2018-10-28', '22:00:00', NULL, NULL),
(3, 'Masculino', 1, 'F', 224, '2018-10-28', '22:00:00', NULL, NULL),

(3, 'Masculino', 1, 'F', 225, '2018-10-29', '11:00:00', NULL, NULL),
(3, 'Masculino', 1, 'F', 226, '2018-10-29', '11:00:00', NULL, NULL),
(3, 'Masculino', 1, 'F', 227, '2018-10-29', '11:00:00', NULL, NULL),
(3, 'Masculino', 1, 'F', 228, '2018-10-29', '11:00:00', NULL, NULL),

(3, 'Masculino', 1, 'F', 229, '2018-10-29', '12:30:00', NULL, NULL),
(3, 'Masculino', 1, 'F', 230, '2018-10-29', '12:30:00', NULL, NULL),
(3, 'Masculino', 1, 'F', 231, '2018-10-29', '12:30:00', NULL, NULL),
(3, 'Masculino', 1, 'F', 232, '2018-10-29', '12:30:00', NULL, NULL),

(3, 'Masculino', 1, 'F', 233, '2018-10-29', '16:00:00', NULL, NULL),
(3, 'Masculino', 1, 'F', 234, '2018-10-29', '16:00:00', NULL, NULL),
(3, 'Masculino', 1, 'F', 235, '2018-10-29', '16:00:00', NULL, NULL),
(3, 'Masculino', 1, 'F', 236, '2018-10-29', '16:00:00', NULL, NULL),

(3, 'Masculino', 1, 'F', 237, '2018-10-29', '17:30:00', NULL, NULL),
(3, 'Masculino', 1, 'F', 238, '2018-10-29', '17:30:00', NULL, NULL),
(3, 'Masculino', 1, 'F', 239, '2018-10-29', '17:30:00', NULL, NULL),
(3, 'Masculino', 1, 'F', 240, '2018-10-29', '17:30:00', NULL, NULL),

(3, 'Masculino', 1, 'F', 241, '2018-10-29', '19:00:00', NULL, NULL),
(3, 'Masculino', 1, 'F', 242, '2018-10-29', '19:00:00', NULL, NULL),
(3, 'Masculino', 1, 'F', 243, '2018-10-29', '19:00:00', NULL, NULL),
(3, 'Masculino', 1, 'F', 244, '2018-10-29', '19:00:00', NULL, NULL),

(3, 'Masculino', 1, 'F', 245, '2018-10-29', '20:30:00', NULL, NULL),
(3, 'Masculino', 1, 'F', 246, '2018-10-29', '20:30:00', NULL, NULL),
(3, 'Masculino', 1, 'F', 247, '2018-10-29', '20:30:00', NULL, NULL),
(3, 'Masculino', 1, 'F', 248, '2018-10-29', '20:30:00', NULL, NULL),

(3, 'Masculino', 1, 'F', 249, '2018-10-29', '22:00:00', NULL, NULL),
(3, 'Masculino', 1, 'F', 250, '2018-10-29', '22:00:00', NULL, NULL),
(3, 'Masculino', 1, 'F', 251, '2018-10-29', '22:00:00', NULL, NULL),
(3, 'Masculino', 1, 'F', 252, '2018-10-29', '22:00:00', NULL, NULL),

(3, 'Masculino', 1, 'F', 253, '2018-10-30', '11:00:00', NULL, NULL),
(3, 'Masculino', 1, 'F', 254, '2018-10-30', '11:00:00', NULL, NULL),
(3, 'Masculino', 1, 'F', 255, '2018-10-30', '11:00:00', NULL, NULL),
(3, 'Masculino', 1, 'F', 256, '2018-10-30', '11:00:00', NULL, NULL),

(3, 'Masculino', 1, 'G', 1, '2018-10-30', '12:30:00', NULL, NULL),
(3, 'Masculino', 1, 'G', 2, '2018-10-30', '12:30:00', NULL, NULL),
(3, 'Masculino', 1, 'G', 3, '2018-10-30', '12:30:00', NULL, NULL),
(3, 'Masculino', 1, 'G', 4, '2018-10-30', '12:30:00', NULL, NULL),

(3, 'Masculino', 1, 'G', 5, '2018-10-30', '16:00:00', NULL, NULL),
(3, 'Masculino', 1, 'G', 6, '2018-10-30', '16:00:00', NULL, NULL),
(3, 'Masculino', 1, 'G', 7, '2018-10-30', '16:00:00', NULL, NULL),
(3, 'Masculino', 1, 'G', 8, '2018-10-30', '16:00:00', NULL, NULL),

(3, 'Masculino', 1, 'G', 9, '2018-10-30', '17:30:00', NULL, NULL),
(3, 'Masculino', 1, 'G', 10, '2018-10-30', '17:30:00', NULL, NULL),
(3, 'Masculino', 1, 'G', 11, '2018-10-30', '17:30:00', NULL, NULL),
(3, 'Masculino', 1, 'G', 12, '2018-10-30', '17:30:00', NULL, NULL),

(3, 'Masculino', 1, 'G', 13, '2018-10-30', '19:00:00', NULL, NULL),
(3, 'Masculino', 1, 'G', 14, '2018-10-30', '19:00:00', NULL, NULL),
(3, 'Masculino', 1, 'G', 15, '2018-10-30', '19:00:00', NULL, NULL),
(3, 'Masculino', 1, 'G', 16, '2018-10-30', '19:00:00', NULL, NULL),

(3, 'Masculino', 1, 'G', 17, '2018-10-30', '20:30:00', NULL, NULL),
(3, 'Masculino', 1, 'G', 18, '2018-10-30', '20:30:00', NULL, NULL),
(3, 'Masculino', 1, 'G', 19, '2018-10-30', '20:30:00', NULL, NULL),
(3, 'Masculino', 1, 'G', 20, '2018-10-30', '20:30:00', NULL, NULL),

(3, 'Masculino', 1, 'G', 21, '2018-10-30', '22:00:00', NULL, NULL),
(3, 'Masculino', 1, 'G', 22, '2018-10-30', '22:00:00', NULL, NULL),
(3, 'Masculino', 1, 'G', 23, '2018-10-30', '22:00:00', NULL, NULL),
(3, 'Masculino', 1, 'G', 24, '2018-10-30', '22:00:00', NULL, NULL),

(3, 'Masculino', 1, 'G', 25, '2018-11-1', '11:00:00', NULL, NULL),
(3, 'Masculino', 1, 'G', 26, '2018-11-1', '11:00:00', NULL, NULL),
(3, 'Masculino', 1, 'G', 27, '2018-11-1', '11:00:00', NULL, NULL),
(3, 'Masculino', 1, 'G', 28, '2018-11-1', '11:00:00', NULL, NULL),

(3, 'Masculino', 1, 'G', 257, '2018-11-1', '12:30:00', NULL, NULL),
(3, 'Masculino', 1, 'G', 258, '2018-11-1', '12:30:00', NULL, NULL),
(3, 'Masculino', 1, 'G', 259, '2018-11-1', '12:30:00', NULL, NULL),
(3, 'Masculino', 1, 'G', 260, '2018-11-1', '12:30:00', NULL, NULL),

(3, 'Masculino', 1, 'G', 261, '2018-11-1', '16:00:00', NULL, NULL),
(3, 'Masculino', 1, 'G', 262, '2018-11-1', '16:00:00', NULL, NULL),
(3, 'Masculino', 1, 'G', 263, '2018-11-1', '16:00:00', NULL, NULL),
(3, 'Masculino', 1, 'G', 264, '2018-11-1', '16:00:00', NULL, NULL),

(3, 'Masculino', 1, 'G', 265, '2018-11-1', '17:30:00', NULL, NULL),
(3, 'Masculino', 1, 'G', 266, '2018-11-1', '17:30:00', NULL, NULL),
(3, 'Masculino', 1, 'G', 267, '2018-11-1', '17:30:00', NULL, NULL),
(3, 'Masculino', 1, 'G', 268, '2018-11-1', '17:30:00', NULL, NULL),

(3, 'Masculino', 1, 'G', 269, '2018-11-1', '19:00:00', NULL, NULL),
(3, 'Masculino', 1, 'G', 270, '2018-11-1', '19:00:00', NULL, NULL),
(3, 'Masculino', 1, 'G', 271, '2018-11-1', '19:00:00', NULL, NULL),
(3, 'Masculino', 1, 'G', 272, '2018-11-1', '19:00:00', NULL, NULL),

(3, 'Masculino', 1, 'G', 273, '2018-11-1', '20:30:00', NULL, NULL),
(3, 'Masculino', 1, 'G', 274, '2018-11-1', '20:30:00', NULL, NULL),
(3, 'Masculino', 1, 'G', 275, '2018-11-1', '20:30:00', NULL, NULL),
(3, 'Masculino', 1, 'G', 276, '2018-11-1', '20:30:00', NULL, NULL),

(3, 'Masculino', 1, 'G', 277, '2018-11-1', '22:00:00', NULL, NULL),
(3, 'Masculino', 1, 'G', 278, '2018-11-1', '22:00:00', NULL, NULL),
(3, 'Masculino', 1, 'G', 279, '2018-11-1', '22:00:00', NULL, NULL),
(3, 'Masculino', 1, 'G', 280, '2018-11-1', '22:00:00', NULL, NULL),

(3, 'Masculino', 1, 'G', 281, '2018-11-2', '11:00:00', NULL, NULL),
(3, 'Masculino', 1, 'G', 282, '2018-11-2', '11:00:00', NULL, NULL),
(3, 'Masculino', 1, 'G', 283, '2018-11-2', '11:00:00', NULL, NULL),
(3, 'Masculino', 1, 'G', 284, '2018-11-2', '11:00:00', NULL, NULL),

(3, 'Masculino', 1, 'G', 285, '2018-11-2', '12:30:00', NULL, NULL),
(3, 'Masculino', 1, 'G', 286, '2018-11-2', '12:30:00', NULL, NULL),
(3, 'Masculino', 1, 'G', 287, '2018-11-2', '12:30:00', NULL, NULL),
(3, 'Masculino', 1, 'G', 288, '2018-11-2', '12:30:00', NULL, NULL),

(3, 'Masculino', 1, 'G', 289, '2018-11-2', '16:00:00', NULL, NULL),
(3, 'Masculino', 1, 'G', 290, '2018-11-2', '16:00:00', NULL, NULL),
(3, 'Masculino', 1, 'G', 291, '2018-11-2', '16:00:00', NULL, NULL),
(3, 'Masculino', 1, 'G', 292, '2018-11-2', '16:00:00', NULL, NULL),

(3, 'Masculino', 1, 'G', 293, '2018-11-2', '17:30:00', NULL, NULL),
(3, 'Masculino', 1, 'G', 294, '2018-11-2', '17:30:00', NULL, NULL),

(3, 'Masculino', 1, 'H', 1, '2018-11-2', '17:30:00', NULL, NULL),
(3, 'Masculino', 1, 'H', 2, '2018-11-2', '17:30:00', NULL, NULL),

(3, 'Masculino', 1, 'H', 3, '2018-11-2', '19:00:00', NULL, NULL),
(3, 'Masculino', 1, 'H', 4, '2018-11-2', '19:00:00', NULL, NULL),
(3, 'Masculino', 1, 'H', 5, '2018-11-2', '19:00:00', NULL, NULL),
(3, 'Masculino', 1, 'H', 6, '2018-11-2', '19:00:00', NULL, NULL),

(3, 'Masculino', 1, 'H', 7, '2018-11-2', '20:30:00', NULL, NULL),
(3, 'Masculino', 1, 'H', 8, '2018-11-2', '20:30:00', NULL, NULL),
(3, 'Masculino', 1, 'H', 9, '2018-11-2', '20:30:00', NULL, NULL),
(3, 'Masculino', 1, 'H', 10, '2018-11-2', '20:30:00', NULL, NULL),

(3, 'Masculino', 1, 'H', 11, '2018-11-2', '22:00:00', NULL, NULL),
(3, 'Masculino', 1, 'H', 12, '2018-11-2', '22:00:00', NULL, NULL),
(3, 'Masculino', 1, 'H', 13, '2018-11-2', '22:00:00', NULL, NULL),
(3, 'Masculino', 1, 'H', 14, '2018-11-2', '22:00:00', NULL, NULL),

(3, 'Masculino', 1, 'H', 15, '2018-11-3', '11:00:00', NULL, NULL),
(3, 'Masculino', 1, 'H', 16, '2018-11-3', '11:00:00', NULL, NULL),
(3, 'Masculino', 1, 'H', 17, '2018-11-3', '11:00:00', NULL, NULL),
(3, 'Masculino', 1, 'H', 18, '2018-11-3', '11:00:00', NULL, NULL),

(3, 'Masculino', 1, 'H', 19, '2018-11-3', '12:30:00', NULL, NULL),
(3, 'Masculino', 1, 'H', 20, '2018-11-3', '12:30:00', NULL, NULL),
(3, 'Masculino', 1, 'H', 21, '2018-11-3', '12:30:00', NULL, NULL),
(3, 'Masculino', 1, 'H', 22, '2018-11-3', '12:30:00', NULL, NULL),

(3, 'Masculino', 1, 'H', 23, '2018-11-3', '16:00:00', NULL, NULL),
(3, 'Masculino', 1, 'H', 24, '2018-11-3', '16:00:00', NULL, NULL),
(3, 'Masculino', 1, 'H', 25, '2018-11-3', '16:00:00', NULL, NULL),
(3, 'Masculino', 1, 'H', 26, '2018-11-3', '16:00:00', NULL, NULL),

(3, 'Masculino', 1, 'H', 27, '2018-11-3', '17:30:00', NULL, NULL),
(3, 'Masculino', 1, 'H', 28, '2018-11-3', '17:30:00', NULL, NULL),
(3, 'Masculino', 1, 'H', 295, '2018-11-3', '17:30:00', NULL, NULL),
(3, 'Masculino', 1, 'H', 296, '2018-11-3', '17:30:00', NULL, NULL),

(3, 'Masculino', 1, 'H', 297, '2018-11-3', '19:00:00', NULL, NULL),
(3, 'Masculino', 1, 'H', 298, '2018-11-3', '19:00:00', NULL, NULL),
(3, 'Masculino', 1, 'H', 299, '2018-11-3', '19:00:00', NULL, NULL),
(3, 'Masculino', 1, 'H', 300, '2018-11-3', '19:00:00', NULL, NULL),

(3, 'Masculino', 1, 'H', 301, '2018-11-3', '20:30:00', NULL, NULL),
(3, 'Masculino', 1, 'H', 302, '2018-11-3', '20:30:00', NULL, NULL),
(3, 'Masculino', 1, 'H', 303, '2018-11-3', '20:30:00', NULL, NULL),
(3, 'Masculino', 1, 'H', 304, '2018-11-3', '20:30:00', NULL, NULL),

(3, 'Masculino', 1, 'H', 305, '2018-11-3', '22:00:00', NULL, NULL),
(3, 'Masculino', 1, 'H', 306, '2018-11-3', '22:00:00', NULL, NULL),
(3, 'Masculino', 1, 'H', 307, '2018-11-3', '22:00:00', NULL, NULL),
(3, 'Masculino', 1, 'H', 308, '2018-11-3', '22:00:00', NULL, NULL),

(3, 'Masculino', 1, 'H', 309, '2018-11-4', '11:00:00', NULL, NULL),
(3, 'Masculino', 1, 'H', 310, '2018-11-4', '11:00:00', NULL, NULL),
(3, 'Masculino', 1, 'H', 311, '2018-11-4', '11:00:00', NULL, NULL),
(3, 'Masculino', 1, 'H', 312, '2018-11-4', '11:00:00', NULL, NULL),

(3, 'Masculino', 1, 'H', 313, '2018-11-4', '12:30:00', NULL, NULL),
(3, 'Masculino', 1, 'H', 314, '2018-11-4', '12:30:00', NULL, NULL),
(3, 'Masculino', 1, 'H', 315, '2018-11-4', '12:30:00', NULL, NULL),
(3, 'Masculino', 1, 'H', 316, '2018-11-4', '12:30:00', NULL, NULL),

(3, 'Masculino', 1, 'H', 317, '2018-11-4', '16:00:00', NULL, NULL),
(3, 'Masculino', 1, 'H', 318, '2018-11-4', '16:00:00', NULL, NULL),
(3, 'Masculino', 1, 'H', 319, '2018-11-4', '16:00:00', NULL, NULL),
(3, 'Masculino', 1, 'H', 320, '2018-11-4', '16:00:00', NULL, NULL),

(3, 'Masculino', 1, 'H', 321, '2018-11-4', '17:30:00', NULL, NULL),
(3, 'Masculino', 1, 'H', 322, '2018-11-4', '17:30:00', NULL, NULL),
(3, 'Masculino', 1, 'H', 323, '2018-11-4', '17:30:00', NULL, NULL),
(3, 'Masculino', 1, 'H', 324, '2018-11-4', '17:30:00', NULL, NULL),

(3, 'Masculino', 1, 'H', 325, '2018-11-4', '19:00:00', NULL, NULL),
(3, 'Masculino', 1, 'H', 326, '2018-11-4', '19:00:00', NULL, NULL),
(3, 'Masculino', 1, 'H', 327, '2018-11-4', '19:00:00', NULL, NULL),
(3, 'Masculino', 1, 'H', 328, '2018-11-4', '19:00:00', NULL, NULL),

(3, 'Masculino', 1, 'H', 329, '2018-11-4', '20:30:00', NULL, NULL),
(3, 'Masculino', 1, 'H', 330, '2018-11-4', '20:30:00', NULL, NULL),
(3, 'Masculino', 1, 'H', 331, '2018-11-4', '20:30:00', NULL, NULL),
(3, 'Masculino', 1, 'H', 332, '2018-11-4', '20:30:00', NULL, NULL);





-- --------------------------------------------------------
--
-- Volcado de datos para la tabla `enfrentamiento`
--

INSERT INTO `enfrentamiento` (`IdCampeonato`, `Tipo`, `Nivel`, `Letra`, `NumEnfrentamiento`, `NumPareja`, `ResultadoSet1`, `ResultadoSet2`, `ResultadoSet3`, `EstadoPropuesta`) VALUES
(3, 'Masculino', 1, 'A', 1, 1, 6, 6, 0, 3),
(3, 'Masculino', 1, 'A', 1, 2, 4, 3, 0, 3),
(3, 'Masculino', 1, 'A', 2, 1, 4, 6, 6, 3),
(3, 'Masculino', 1, 'A', 2, 3, 6, 1, 0, 3),
(3, 'Masculino', 1, 'A', 3, 1, 6, 1, 2, 3),
(3, 'Masculino', 1, 'A', 3, 4, 0, 6, 6, 3),
(3, 'Masculino', 1, 'A', 4, 1, 7, 6, 0, 3),
(3, 'Masculino', 1, 'A', 4, 5, 5, 0, 0, 3),
(3, 'Masculino', 1, 'A', 5, 1, 6, 4, 6, 3),
(3, 'Masculino', 1, 'A', 5, 6, 3, 6, 0, 3),
(3, 'Masculino', 1, 'A', 6, 1, 3, 2, 0, 3),
(3, 'Masculino', 1, 'A', 6, 7, 6, 6, 0, 3),
(3, 'Masculino', 1, 'A', 7, 1, 6, 6, 0, 3),
(3, 'Masculino', 1, 'A', 7, 8, 4, 3, 0, 3),
(3, 'Masculino', 1, 'A', 8, 2, 6, 3, 0, 3),
(3, 'Masculino', 1, 'A', 8, 3, 3, 6, 6, 3),
(3, 'Masculino', 1, 'A', 9, 2, 0, 6, 3, 3),
(3, 'Masculino', 1, 'A', 9, 4, 6, 2, 6, 3),
(3, 'Masculino', 1, 'A', 10, 2, 6, 2, 4, 3),
(3, 'Masculino', 1, 'A', 10, 5, 3, 6, 6, 3),
(3, 'Masculino', 1, 'A', 11, 2, 6, 6, 0, 3),
(3, 'Masculino', 1, 'A', 11, 6, 0, 0, 0, 3),
(3, 'Masculino', 1, 'A', 12, 2, 6, 6, 0, 3),
(3, 'Masculino', 1, 'A', 12, 7, 2, 1, 0, 3),
(3, 'Masculino', 1, 'A', 13, 2, 6, 6, 0, 3),
(3, 'Masculino', 1, 'A', 13, 8, 3, 4, 0, 3),
(3, 'Masculino', 1, 'A', 14, 3, 6, 3, 6, 3),
(3, 'Masculino', 1, 'A', 14, 4, 4, 6, 3, 3),
(3, 'Masculino', 1, 'A', 15, 3, 1, 2, 0, 3),
(3, 'Masculino', 1, 'A', 15, 5, 6, 6, 0, 3),
(3, 'Masculino', 1, 'A', 16, 3, 6, 6, 0, 3),
(3, 'Masculino', 1, 'A', 16, 6, 2, 0, 0, 3),
(3, 'Masculino', 1, 'A', 17, 3, 2, 4, 0, 3),
(3, 'Masculino', 1, 'A', 17, 7, 6, 6, 0, 3),
(3, 'Masculino', 1, 'A', 18, 3, 4, 3, 0, 3),
(3, 'Masculino', 1, 'A', 18, 8, 6, 6, 0, 3),
(3, 'Masculino', 1, 'A', 19, 4, 4, 6, 3, 3),
(3, 'Masculino', 1, 'A', 19, 5, 6, 3, 6, 3),
(3, 'Masculino', 1, 'A', 20, 4, 6, 6, 0, 3),
(3, 'Masculino', 1, 'A', 20, 6, 0, 0, 0, 3),
(3, 'Masculino', 1, 'A', 21, 4, NULL, NULL, NULL, 0),
(3, 'Masculino', 1, 'A', 21, 7, NULL, NULL, NULL, 0),
(3, 'Masculino', 1, 'A', 22, 4, 4, 3, 0, 3),
(3, 'Masculino', 1, 'A', 22, 8, 6, 6, 0, 3),
(3, 'Masculino', 1, 'A', 23, 5, 4, 6, 2, 3),
(3, 'Masculino', 1, 'A', 23, 6, 6, 4, 6, 3),
(3, 'Masculino', 1, 'A', 24, 5, 4, 3, 0, 3),
(3, 'Masculino', 1, 'A', 24, 7, 6, 6, 0, 3),
(3, 'Masculino', 1, 'A', 25, 5, 6, 6, 0, 3),
(3, 'Masculino', 1, 'A', 25, 8, 4, 2, 0, 3),
(3, 'Masculino', 1, 'A', 26, 6, 3, 6, 6, 3),
(3, 'Masculino', 1, 'A', 26, 7, 6, 3, 0, 3),
(3, 'Masculino', 1, 'A', 27, 6, 6, 2, 6, 3),
(3, 'Masculino', 1, 'A', 27, 8, 3, 6, 3, 3),
(3, 'Masculino', 1, 'A', 28, 7, 6, 6, 0, 3),
(3, 'Masculino', 1, 'A', 28, 8, 3, 4, 0, 3),
(3, 'Masculino', 1, 'A', 29, 1, 6, 6, 0, 3),
(3, 'Masculino', 1, 'A', 29, 65, 3, 3, 0, 3),
(3, 'Masculino', 1, 'A', 30, 2, 3, 2, 0, 3),
(3, 'Masculino', 1, 'A', 30, 65, 6, 6, 0, 3),
(3, 'Masculino', 1, 'A', 31, 3, 4, 4, 0, 3),
(3, 'Masculino', 1, 'A', 31, 65, 6, 6, 0, 3),
(3, 'Masculino', 1, 'A', 32, 4, 6, 3, 4, 3),
(3, 'Masculino', 1, 'A', 32, 65, 2, 6, 6, 3),
(3, 'Masculino', 1, 'A', 33, 5, 3, 4, 0, 3),
(3, 'Masculino', 1, 'A', 33, 65, 6, 6, 0, 3),
(3, 'Masculino', 1, 'A', 34, 6, 6, 6, 0, 3),
(3, 'Masculino', 1, 'A', 34, 65, 3, 2, 0, 3),
(3, 'Masculino', 1, 'A', 35, 7, 6, 3, 3, 3),
(3, 'Masculino', 1, 'A', 35, 65, 3, 6, 6, 3),
(3, 'Masculino', 1, 'A', 36, 8, NULL, NULL, NULL, 0),
(3, 'Masculino', 1, 'A', 36, 65, NULL, NULL, NULL, 0),
(3, 'Masculino', 1, 'A', 37, 1, 3, 2, 0, 3),
(3, 'Masculino', 1, 'A', 37, 66, 6, 6, 0, 3),
(3, 'Masculino', 1, 'A', 38, 2, 6, 6, 0, 3),
(3, 'Masculino', 1, 'A', 38, 66, 2, 4, 0, 3),
(3, 'Masculino', 1, 'A', 39, 3, 6, 6, 0, 3),
(3, 'Masculino', 1, 'A', 39, 66, 3, 2, 0, 3),
(3, 'Masculino', 1, 'A', 40, 4, 6, 6, 0, 3),
(3, 'Masculino', 1, 'A', 40, 66, 3, 2, 0, 3),
(3, 'Masculino', 1, 'A', 41, 5, 3, 2, 0, 3),
(3, 'Masculino', 1, 'A', 41, 66, 6, 6, 0, 3),
(3, 'Masculino', 1, 'A', 42, 6, 6, 4, 3, 3),
(3, 'Masculino', 1, 'A', 42, 66, 3, 6, 6, 3),
(3, 'Masculino', 1, 'A', 43, 7, 4, 3, 0, 3),
(3, 'Masculino', 1, 'A', 43, 66, 6, 6, 0, 3),
(3, 'Masculino', 1, 'A', 44, 8, 6, 6, 0, 3),
(3, 'Masculino', 1, 'A', 44, 66, 3, 2, 0, 3),
(3, 'Masculino', 1, 'A', 45, 65, 3, 2, 0, 3),
(3, 'Masculino', 1, 'A', 45, 66, 6, 6, 0, 3),
(3, 'Masculino', 1, 'A', 46, 1, 6, 6, 0, 3),
(3, 'Masculino', 1, 'A', 46, 67, 3, 2, 0, 3),
(3, 'Masculino', 1, 'A', 47, 2, 3, 2, 0, 3),
(3, 'Masculino', 1, 'A', 47, 67, 6, 6, 0, 3),
(3, 'Masculino', 1, 'A', 48, 3, 3, 2, 0, 3),
(3, 'Masculino', 1, 'A', 48, 67, 6, 6, 0, 3),
(3, 'Masculino', 1, 'A', 49, 4, 4, 3, 0, 3),
(3, 'Masculino', 1, 'A', 49, 67, 6, 6, 0, 3),
(3, 'Masculino', 1, 'A', 50, 5, 6, 6, 0, 3),
(3, 'Masculino', 1, 'A', 50, 67, 3, 3, 0, 3),
(3, 'Masculino', 1, 'A', 51, 6, 6, 6, 0, 3),
(3, 'Masculino', 1, 'A', 51, 67, 2, 3, 0, 3),
(3, 'Masculino', 1, 'A', 52, 7, 6, 6, 0, 3),
(3, 'Masculino', 1, 'A', 52, 67, 4, 2, 0, 3),
(3, 'Masculino', 1, 'A', 53, 8, 6, 6, 0, 3),
(3, 'Masculino', 1, 'A', 53, 67, 3, 4, 0, 3),
(3, 'Masculino', 1, 'A', 54, 65, 3, 3, 0, 3),
(3, 'Masculino', 1, 'A', 54, 67, 6, 6, 0, 3),
(3, 'Masculino', 1, 'A', 55, 66, 4, 6, 4, 3),
(3, 'Masculino', 1, 'A', 55, 67, 6, 2, 6, 3),
(3, 'Masculino', 1, 'A', 56, 1, 3, 5, 0, 3),
(3, 'Masculino', 1, 'A', 56, 68, 6, 7, 0, 3),
(3, 'Masculino', 1, 'A', 57, 2, 3, 4, 0, 3),
(3, 'Masculino', 1, 'A', 57, 68, 6, 6, 0, 3),
(3, 'Masculino', 1, 'A', 58, 3, 6, 6, 0, 3),
(3, 'Masculino', 1, 'A', 58, 68, 4, 3, 0, 3),
(3, 'Masculino', 1, 'A', 59, 4, 3, 4, 0, 3),
(3, 'Masculino', 1, 'A', 59, 68, 6, 6, 0, 3),
(3, 'Masculino', 1, 'A', 60, 5, 5, 3, 0, 3),
(3, 'Masculino', 1, 'A', 60, 68, 7, 6, 0, 3),
(3, 'Masculino', 1, 'A', 61, 6, 6, 6, 0, 3),
(3, 'Masculino', 1, 'A', 61, 68, 1, 4, 0, 3),
(3, 'Masculino', 1, 'A', 62, 7, 6, 6, 0, 3),
(3, 'Masculino', 1, 'A', 62, 68, 3, 4, 0, 3),
(3, 'Masculino', 1, 'A', 63, 8, 3, 2, 0, 3),
(3, 'Masculino', 1, 'A', 63, 68, 6, 6, 0, 3),
(3, 'Masculino', 1, 'A', 64, 65, 3, 4, 0, 3),
(3, 'Masculino', 1, 'A', 64, 68, 6, 6, 0, 3),
(3, 'Masculino', 1, 'A', 65, 66, 6, 6, 0, 3),
(3, 'Masculino', 1, 'A', 65, 68, 3, 1, 0, 3),
(3, 'Masculino', 1, 'A', 66, 67, 6, 4, 5, 3),
(3, 'Masculino', 1, 'A', 66, 68, 3, 6, 7, 3),

(3, 'Masculino', 1, 'B', 1, 9, NULL, NULL, NULL, 0),
(3, 'Masculino', 1, 'B', 1, 10, NULL, NULL, NULL, 0),
(3, 'Masculino', 1, 'B', 2, 9, NULL, NULL, NULL, 0),
(3, 'Masculino', 1, 'B', 2, 11, NULL, NULL, NULL, 0),
(3, 'Masculino', 1, 'B', 3, 9, NULL, NULL, NULL, 0),
(3, 'Masculino', 1, 'B', 3, 12, NULL, NULL, NULL, 0),
(3, 'Masculino', 1, 'B', 4, 9, NULL, NULL, NULL, 0),
(3, 'Masculino', 1, 'B', 4, 13, NULL, NULL, NULL, 0),
(3, 'Masculino', 1, 'B', 5, 9, NULL, NULL, NULL, 0),
(3, 'Masculino', 1, 'B', 5, 14, NULL, NULL, NULL, 0),
(3, 'Masculino', 1, 'B', 6, 9, NULL, NULL, NULL, 0),
(3, 'Masculino', 1, 'B', 6, 15, NULL, NULL, NULL, 0),
(3, 'Masculino', 1, 'B', 7, 9, NULL, NULL, NULL, 0),
(3, 'Masculino', 1, 'B', 7, 16, NULL, NULL, NULL, 0),
(3, 'Masculino', 1, 'B', 8, 10, NULL, NULL, NULL, 0),
(3, 'Masculino', 1, 'B', 8, 11, NULL, NULL, NULL, 0),
(3, 'Masculino', 1, 'B', 9, 10, NULL, NULL, NULL, 0),
(3, 'Masculino', 1, 'B', 9, 12, NULL, NULL, NULL, 0),
(3, 'Masculino', 1, 'B', 10, 10, NULL, NULL, NULL, 0),
(3, 'Masculino', 1, 'B', 10, 13, NULL, NULL, NULL, 0),
(3, 'Masculino', 1, 'B', 11, 10, NULL, NULL, NULL, 0),
(3, 'Masculino', 1, 'B', 11, 14, NULL, NULL, NULL, 0),
(3, 'Masculino', 1, 'B', 12, 10, NULL, NULL, NULL, 0),
(3, 'Masculino', 1, 'B', 12, 15, NULL, NULL, NULL, 0),
(3, 'Masculino', 1, 'B', 13, 10, NULL, NULL, NULL, 0),
(3, 'Masculino', 1, 'B', 13, 16, NULL, NULL, NULL, 0),
(3, 'Masculino', 1, 'B', 14, 11, NULL, NULL, NULL, 0),
(3, 'Masculino', 1, 'B', 14, 12, NULL, NULL, NULL, 0),
(3, 'Masculino', 1, 'B', 15, 11, NULL, NULL, NULL, 0),
(3, 'Masculino', 1, 'B', 15, 13, NULL, NULL, NULL, 0),
(3, 'Masculino', 1, 'B', 16, 11, NULL, NULL, NULL, 0),
(3, 'Masculino', 1, 'B', 16, 14, NULL, NULL, NULL, 0),
(3, 'Masculino', 1, 'B', 17, 11, NULL, NULL, NULL, 0),
(3, 'Masculino', 1, 'B', 17, 15, NULL, NULL, NULL, 0),
(3, 'Masculino', 1, 'B', 18, 11, NULL, NULL, NULL, 0),
(3, 'Masculino', 1, 'B', 18, 16, NULL, NULL, NULL, 0),
(3, 'Masculino', 1, 'B', 19, 12, NULL, NULL, NULL, 0),
(3, 'Masculino', 1, 'B', 19, 13, NULL, NULL, NULL, 0),
(3, 'Masculino', 1, 'B', 20, 12, NULL, NULL, NULL, 0),
(3, 'Masculino', 1, 'B', 20, 14, NULL, NULL, NULL, 0),
(3, 'Masculino', 1, 'B', 21, 12, NULL, NULL, NULL, 0),
(3, 'Masculino', 1, 'B', 21, 15, NULL, NULL, NULL, 0),
(3, 'Masculino', 1, 'B', 22, 12, NULL, NULL, NULL, 0),
(3, 'Masculino', 1, 'B', 22, 16, NULL, NULL, NULL, 0),
(3, 'Masculino', 1, 'B', 23, 13, NULL, NULL, NULL, 0),
(3, 'Masculino', 1, 'B', 23, 14, NULL, NULL, NULL, 0),
(3, 'Masculino', 1, 'B', 24, 13, NULL, NULL, NULL, 0),
(3, 'Masculino', 1, 'B', 24, 15, NULL, NULL, NULL, 0),
(3, 'Masculino', 1, 'B', 25, 13, NULL, NULL, NULL, 0),
(3, 'Masculino', 1, 'B', 25, 16, NULL, NULL, NULL, 0),
(3, 'Masculino', 1, 'B', 26, 14, NULL, NULL, NULL, 0),
(3, 'Masculino', 1, 'B', 26, 15, NULL, NULL, NULL, 0),
(3, 'Masculino', 1, 'B', 27, 14, NULL, NULL, NULL, 0),
(3, 'Masculino', 1, 'B', 27, 16, NULL, NULL, NULL, 0),
(3, 'Masculino', 1, 'B', 28, 15, NULL, NULL, NULL, 0),
(3, 'Masculino', 1, 'B', 28, 16, NULL, NULL, NULL, 0),
(3, 'Masculino', 1, 'B', 67, 9, NULL, NULL, NULL, 0),
(3, 'Masculino', 1, 'B', 67, 69, NULL, NULL, NULL, 0),
(3, 'Masculino', 1, 'B', 68, 10, NULL, NULL, NULL, 0),
(3, 'Masculino', 1, 'B', 68, 69, NULL, NULL, NULL, 0),
(3, 'Masculino', 1, 'B', 69, 11, NULL, NULL, NULL, 0),
(3, 'Masculino', 1, 'B', 69, 69, NULL, NULL, NULL, 0),
(3, 'Masculino', 1, 'B', 70, 12, NULL, NULL, NULL, 0),
(3, 'Masculino', 1, 'B', 70, 69, NULL, NULL, NULL, 0),
(3, 'Masculino', 1, 'B', 71, 13, NULL, NULL, NULL, 0),
(3, 'Masculino', 1, 'B', 71, 69, NULL, NULL, NULL, 0),
(3, 'Masculino', 1, 'B', 72, 14, NULL, NULL, NULL, 0),
(3, 'Masculino', 1, 'B', 72, 69, NULL, NULL, NULL, 0),
(3, 'Masculino', 1, 'B', 73, 15, NULL, NULL, NULL, 0),
(3, 'Masculino', 1, 'B', 73, 69, NULL, NULL, NULL, 0),
(3, 'Masculino', 1, 'B', 74, 16, NULL, NULL, NULL, 0),
(3, 'Masculino', 1, 'B', 74, 69, NULL, NULL, NULL, 0),
(3, 'Masculino', 1, 'B', 75, 9, NULL, NULL, NULL, 0),
(3, 'Masculino', 1, 'B', 75, 70, NULL, NULL, NULL, 0),
(3, 'Masculino', 1, 'B', 76, 10, NULL, NULL, NULL, 0),
(3, 'Masculino', 1, 'B', 76, 70, NULL, NULL, NULL, 0),
(3, 'Masculino', 1, 'B', 77, 11, NULL, NULL, NULL, 0),
(3, 'Masculino', 1, 'B', 77, 70, NULL, NULL, NULL, 0),
(3, 'Masculino', 1, 'B', 78, 12, NULL, NULL, NULL, 0),
(3, 'Masculino', 1, 'B', 78, 70, NULL, NULL, NULL, 0),
(3, 'Masculino', 1, 'B', 79, 13, NULL, NULL, NULL, 0),
(3, 'Masculino', 1, 'B', 79, 70, NULL, NULL, NULL, 0),
(3, 'Masculino', 1, 'B', 80, 14, NULL, NULL, NULL, 0),
(3, 'Masculino', 1, 'B', 80, 70, NULL, NULL, NULL, 0),
(3, 'Masculino', 1, 'B', 81, 15, NULL, NULL, NULL, 0),
(3, 'Masculino', 1, 'B', 81, 70, NULL, NULL, NULL, 0),
(3, 'Masculino', 1, 'B', 82, 16, NULL, NULL, NULL, 0),
(3, 'Masculino', 1, 'B', 82, 70, NULL, NULL, NULL, 0),
(3, 'Masculino', 1, 'B', 83, 69, NULL, NULL, NULL, 0),
(3, 'Masculino', 1, 'B', 83, 70, NULL, NULL, NULL, 0),
(3, 'Masculino', 1, 'B', 84, 9, NULL, NULL, NULL, 0),
(3, 'Masculino', 1, 'B', 84, 71, NULL, NULL, NULL, 0),
(3, 'Masculino', 1, 'B', 85, 10, NULL, NULL, NULL, 0),
(3, 'Masculino', 1, 'B', 85, 71, NULL, NULL, NULL, 0),
(3, 'Masculino', 1, 'B', 86, 11, NULL, NULL, NULL, 0),
(3, 'Masculino', 1, 'B', 86, 71, NULL, NULL, NULL, 0),
(3, 'Masculino', 1, 'B', 87, 12, NULL, NULL, NULL, 0),
(3, 'Masculino', 1, 'B', 87, 71, NULL, NULL, NULL, 0),
(3, 'Masculino', 1, 'B', 88, 13, NULL, NULL, NULL, 0),
(3, 'Masculino', 1, 'B', 88, 71, NULL, NULL, NULL, 0),
(3, 'Masculino', 1, 'B', 89, 14, NULL, NULL, NULL, 0),
(3, 'Masculino', 1, 'B', 89, 71, NULL, NULL, NULL, 0),
(3, 'Masculino', 1, 'B', 90, 15, NULL, NULL, NULL, 0),
(3, 'Masculino', 1, 'B', 90, 71, NULL, NULL, NULL, 0),
(3, 'Masculino', 1, 'B', 91, 16, NULL, NULL, NULL, 0),
(3, 'Masculino', 1, 'B', 91, 71, NULL, NULL, NULL, 0),
(3, 'Masculino', 1, 'B', 92, 69, NULL, NULL, NULL, 0),
(3, 'Masculino', 1, 'B', 92, 71, NULL, NULL, NULL, 0),
(3, 'Masculino', 1, 'B', 93, 70, NULL, NULL, NULL, 0),
(3, 'Masculino', 1, 'B', 93, 71, NULL, NULL, NULL, 0),
(3, 'Masculino', 1, 'B', 94, 9, NULL, NULL, NULL, 0),
(3, 'Masculino', 1, 'B', 94, 72, NULL, NULL, NULL, 0),
(3, 'Masculino', 1, 'B', 95, 10, NULL, NULL, NULL, 0),
(3, 'Masculino', 1, 'B', 95, 72, NULL, NULL, NULL, 0),
(3, 'Masculino', 1, 'B', 96, 11, NULL, NULL, NULL, 0),
(3, 'Masculino', 1, 'B', 96, 72, NULL, NULL, NULL, 0),
(3, 'Masculino', 1, 'B', 97, 12, NULL, NULL, NULL, 0),
(3, 'Masculino', 1, 'B', 97, 72, NULL, NULL, NULL, 0),
(3, 'Masculino', 1, 'B', 98, 13, NULL, NULL, NULL, 0),
(3, 'Masculino', 1, 'B', 98, 72, NULL, NULL, NULL, 0),
(3, 'Masculino', 1, 'B', 99, 14, NULL, NULL, NULL, 0),
(3, 'Masculino', 1, 'B', 99, 72, NULL, NULL, NULL, 0),
(3, 'Masculino', 1, 'B', 100, 15, NULL, NULL, NULL, 0),
(3, 'Masculino', 1, 'B', 100, 72, NULL, NULL, NULL, 0),
(3, 'Masculino', 1, 'B', 101, 16, NULL, NULL, NULL, 0),
(3, 'Masculino', 1, 'B', 101, 72, NULL, NULL, NULL, 0),
(3, 'Masculino', 1, 'B', 102, 69, NULL, NULL, NULL, 0),
(3, 'Masculino', 1, 'B', 102, 72, NULL, NULL, NULL, 0),
(3, 'Masculino', 1, 'B', 103, 70, NULL, NULL, NULL, 0),
(3, 'Masculino', 1, 'B', 103, 72, NULL, NULL, NULL, 0),
(3, 'Masculino', 1, 'B', 104, 71, NULL, NULL, NULL, 0),
(3, 'Masculino', 1, 'B', 104, 72, NULL, NULL, NULL, 0),
(3, 'Masculino', 1, 'C', 1, 17, NULL, NULL, NULL, 0),
(3, 'Masculino', 1, 'C', 1, 18, NULL, NULL, NULL, 0),
(3, 'Masculino', 1, 'C', 2, 17, NULL, NULL, NULL, 0),
(3, 'Masculino', 1, 'C', 2, 19, NULL, NULL, NULL, 0),
(3, 'Masculino', 1, 'C', 3, 17, NULL, NULL, NULL, 0),
(3, 'Masculino', 1, 'C', 3, 20, NULL, NULL, NULL, 0),
(3, 'Masculino', 1, 'C', 4, 17, NULL, NULL, NULL, 0),
(3, 'Masculino', 1, 'C', 4, 21, NULL, NULL, NULL, 0),
(3, 'Masculino', 1, 'C', 5, 17, NULL, NULL, NULL, 0),
(3, 'Masculino', 1, 'C', 5, 22, NULL, NULL, NULL, 0),
(3, 'Masculino', 1, 'C', 6, 17, NULL, NULL, NULL, 0),
(3, 'Masculino', 1, 'C', 6, 23, NULL, NULL, NULL, 0),
(3, 'Masculino', 1, 'C', 7, 17, NULL, NULL, NULL, 0),
(3, 'Masculino', 1, 'C', 7, 24, NULL, NULL, NULL, 0),
(3, 'Masculino', 1, 'C', 8, 18, NULL, NULL, NULL, 0),
(3, 'Masculino', 1, 'C', 8, 19, NULL, NULL, NULL, 0),
(3, 'Masculino', 1, 'C', 9, 18, NULL, NULL, NULL, 0),
(3, 'Masculino', 1, 'C', 9, 20, NULL, NULL, NULL, 0),
(3, 'Masculino', 1, 'C', 10, 18, NULL, NULL, NULL, 0),
(3, 'Masculino', 1, 'C', 10, 21, NULL, NULL, NULL, 0),
(3, 'Masculino', 1, 'C', 11, 18, NULL, NULL, NULL, 0),
(3, 'Masculino', 1, 'C', 11, 22, NULL, NULL, NULL, 0),
(3, 'Masculino', 1, 'C', 12, 18, NULL, NULL, NULL, 0),
(3, 'Masculino', 1, 'C', 12, 23, NULL, NULL, NULL, 0),
(3, 'Masculino', 1, 'C', 13, 18, NULL, NULL, NULL, 0),
(3, 'Masculino', 1, 'C', 13, 24, NULL, NULL, NULL, 0),
(3, 'Masculino', 1, 'C', 14, 19, NULL, NULL, NULL, 0),
(3, 'Masculino', 1, 'C', 14, 20, NULL, NULL, NULL, 0),
(3, 'Masculino', 1, 'C', 15, 19, NULL, NULL, NULL, 0),
(3, 'Masculino', 1, 'C', 15, 21, NULL, NULL, NULL, 0),
(3, 'Masculino', 1, 'C', 16, 19, NULL, NULL, NULL, 0),
(3, 'Masculino', 1, 'C', 16, 22, NULL, NULL, NULL, 0),
(3, 'Masculino', 1, 'C', 17, 19, NULL, NULL, NULL, 0),
(3, 'Masculino', 1, 'C', 17, 23, NULL, NULL, NULL, 0),
(3, 'Masculino', 1, 'C', 18, 19, NULL, NULL, NULL, 0),
(3, 'Masculino', 1, 'C', 18, 24, NULL, NULL, NULL, 0),
(3, 'Masculino', 1, 'C', 19, 20, NULL, NULL, NULL, 0),
(3, 'Masculino', 1, 'C', 19, 21, NULL, NULL, NULL, 0),
(3, 'Masculino', 1, 'C', 20, 20, NULL, NULL, NULL, 0),
(3, 'Masculino', 1, 'C', 20, 22, NULL, NULL, NULL, 0),
(3, 'Masculino', 1, 'C', 21, 20, NULL, NULL, NULL, 0),
(3, 'Masculino', 1, 'C', 21, 23, NULL, NULL, NULL, 0),
(3, 'Masculino', 1, 'C', 22, 20, NULL, NULL, NULL, 0),
(3, 'Masculino', 1, 'C', 22, 24, NULL, NULL, NULL, 0),
(3, 'Masculino', 1, 'C', 23, 21, NULL, NULL, NULL, 0),
(3, 'Masculino', 1, 'C', 23, 22, NULL, NULL, NULL, 0),
(3, 'Masculino', 1, 'C', 24, 21, NULL, NULL, NULL, 0),
(3, 'Masculino', 1, 'C', 24, 23, NULL, NULL, NULL, 0),
(3, 'Masculino', 1, 'C', 25, 21, NULL, NULL, NULL, 0),
(3, 'Masculino', 1, 'C', 25, 24, NULL, NULL, NULL, 0),
(3, 'Masculino', 1, 'C', 26, 22, NULL, NULL, NULL, 0),
(3, 'Masculino', 1, 'C', 26, 23, NULL, NULL, NULL, 0),
(3, 'Masculino', 1, 'C', 27, 22, NULL, NULL, NULL, 0),
(3, 'Masculino', 1, 'C', 27, 24, NULL, NULL, NULL, 0),
(3, 'Masculino', 1, 'C', 28, 23, NULL, NULL, NULL, 0),
(3, 'Masculino', 1, 'C', 28, 24, NULL, NULL, NULL, 0),
(3, 'Masculino', 1, 'C', 105, 17, NULL, NULL, NULL, 0),
(3, 'Masculino', 1, 'C', 105, 73, NULL, NULL, NULL, 0),
(3, 'Masculino', 1, 'C', 106, 18, NULL, NULL, NULL, 0),
(3, 'Masculino', 1, 'C', 106, 73, NULL, NULL, NULL, 0),
(3, 'Masculino', 1, 'C', 107, 19, NULL, NULL, NULL, 0),
(3, 'Masculino', 1, 'C', 107, 73, NULL, NULL, NULL, 0),
(3, 'Masculino', 1, 'C', 108, 20, NULL, NULL, NULL, 0),
(3, 'Masculino', 1, 'C', 108, 73, NULL, NULL, NULL, 0),
(3, 'Masculino', 1, 'C', 109, 21, NULL, NULL, NULL, 0),
(3, 'Masculino', 1, 'C', 109, 73, NULL, NULL, NULL, 0),
(3, 'Masculino', 1, 'C', 110, 22, NULL, NULL, NULL, 0),
(3, 'Masculino', 1, 'C', 110, 73, NULL, NULL, NULL, 0),
(3, 'Masculino', 1, 'C', 111, 23, NULL, NULL, NULL, 0),
(3, 'Masculino', 1, 'C', 111, 73, NULL, NULL, NULL, 0),
(3, 'Masculino', 1, 'C', 112, 24, NULL, NULL, NULL, 0),
(3, 'Masculino', 1, 'C', 112, 73, NULL, NULL, NULL, 0),
(3, 'Masculino', 1, 'C', 113, 17, NULL, NULL, NULL, 0),
(3, 'Masculino', 1, 'C', 113, 74, NULL, NULL, NULL, 0),
(3, 'Masculino', 1, 'C', 114, 18, NULL, NULL, NULL, 0),
(3, 'Masculino', 1, 'C', 114, 74, NULL, NULL, NULL, 0),
(3, 'Masculino', 1, 'C', 115, 19, NULL, NULL, NULL, 0),
(3, 'Masculino', 1, 'C', 115, 74, NULL, NULL, NULL, 0),
(3, 'Masculino', 1, 'C', 116, 20, NULL, NULL, NULL, 0),
(3, 'Masculino', 1, 'C', 116, 74, NULL, NULL, NULL, 0),
(3, 'Masculino', 1, 'C', 117, 21, NULL, NULL, NULL, 0),
(3, 'Masculino', 1, 'C', 117, 74, NULL, NULL, NULL, 0),
(3, 'Masculino', 1, 'C', 118, 22, NULL, NULL, NULL, 0),
(3, 'Masculino', 1, 'C', 118, 74, NULL, NULL, NULL, 0),
(3, 'Masculino', 1, 'C', 119, 23, NULL, NULL, NULL, 0),
(3, 'Masculino', 1, 'C', 119, 74, NULL, NULL, NULL, 0),
(3, 'Masculino', 1, 'C', 120, 24, NULL, NULL, NULL, 0),
(3, 'Masculino', 1, 'C', 120, 74, NULL, NULL, NULL, 0),
(3, 'Masculino', 1, 'C', 121, 73, NULL, NULL, NULL, 0),
(3, 'Masculino', 1, 'C', 121, 74, NULL, NULL, NULL, 0),
(3, 'Masculino', 1, 'C', 122, 17, NULL, NULL, NULL, 0),
(3, 'Masculino', 1, 'C', 122, 75, NULL, NULL, NULL, 0),
(3, 'Masculino', 1, 'C', 123, 18, NULL, NULL, NULL, 0),
(3, 'Masculino', 1, 'C', 123, 75, NULL, NULL, NULL, 0),
(3, 'Masculino', 1, 'C', 124, 19, NULL, NULL, NULL, 0),
(3, 'Masculino', 1, 'C', 124, 75, NULL, NULL, NULL, 0),
(3, 'Masculino', 1, 'C', 125, 20, NULL, NULL, NULL, 0),
(3, 'Masculino', 1, 'C', 125, 75, NULL, NULL, NULL, 0),
(3, 'Masculino', 1, 'C', 126, 21, NULL, NULL, NULL, 0),
(3, 'Masculino', 1, 'C', 126, 75, NULL, NULL, NULL, 0),
(3, 'Masculino', 1, 'C', 127, 22, NULL, NULL, NULL, 0),
(3, 'Masculino', 1, 'C', 127, 75, NULL, NULL, NULL, 0),
(3, 'Masculino', 1, 'C', 128, 23, NULL, NULL, NULL, 0),
(3, 'Masculino', 1, 'C', 128, 75, NULL, NULL, NULL, 0),
(3, 'Masculino', 1, 'C', 129, 24, NULL, NULL, NULL, 0),
(3, 'Masculino', 1, 'C', 129, 75, NULL, NULL, NULL, 0),
(3, 'Masculino', 1, 'C', 130, 73, NULL, NULL, NULL, 0),
(3, 'Masculino', 1, 'C', 130, 75, NULL, NULL, NULL, 0),
(3, 'Masculino', 1, 'C', 131, 74, NULL, NULL, NULL, 0),
(3, 'Masculino', 1, 'C', 131, 75, NULL, NULL, NULL, 0),
(3, 'Masculino', 1, 'C', 132, 17, NULL, NULL, NULL, 0),
(3, 'Masculino', 1, 'C', 132, 76, NULL, NULL, NULL, 0),
(3, 'Masculino', 1, 'C', 133, 18, NULL, NULL, NULL, 0),
(3, 'Masculino', 1, 'C', 133, 76, NULL, NULL, NULL, 0),
(3, 'Masculino', 1, 'C', 134, 19, NULL, NULL, NULL, 0),
(3, 'Masculino', 1, 'C', 134, 76, NULL, NULL, NULL, 0),
(3, 'Masculino', 1, 'C', 135, 20, NULL, NULL, NULL, 0),
(3, 'Masculino', 1, 'C', 135, 76, NULL, NULL, NULL, 0),
(3, 'Masculino', 1, 'C', 136, 21, NULL, NULL, NULL, 0),
(3, 'Masculino', 1, 'C', 136, 76, NULL, NULL, NULL, 0),
(3, 'Masculino', 1, 'C', 137, 22, NULL, NULL, NULL, 0),
(3, 'Masculino', 1, 'C', 137, 76, NULL, NULL, NULL, 0),
(3, 'Masculino', 1, 'C', 138, 23, NULL, NULL, NULL, 0),
(3, 'Masculino', 1, 'C', 138, 76, NULL, NULL, NULL, 0),
(3, 'Masculino', 1, 'C', 139, 24, NULL, NULL, NULL, 0),
(3, 'Masculino', 1, 'C', 139, 76, NULL, NULL, NULL, 0),
(3, 'Masculino', 1, 'C', 140, 73, NULL, NULL, NULL, 0),
(3, 'Masculino', 1, 'C', 140, 76, NULL, NULL, NULL, 0),
(3, 'Masculino', 1, 'C', 141, 74, NULL, NULL, NULL, 0),
(3, 'Masculino', 1, 'C', 141, 76, NULL, NULL, NULL, 0),
(3, 'Masculino', 1, 'C', 142, 75, NULL, NULL, NULL, 0),
(3, 'Masculino', 1, 'C', 142, 76, NULL, NULL, NULL, 0),
(3, 'Masculino', 1, 'D', 1, 25, NULL, NULL, NULL, 0),
(3, 'Masculino', 1, 'D', 1, 26, NULL, NULL, NULL, 0),
(3, 'Masculino', 1, 'D', 2, 25, NULL, NULL, NULL, 0),
(3, 'Masculino', 1, 'D', 2, 27, NULL, NULL, NULL, 0),
(3, 'Masculino', 1, 'D', 3, 25, NULL, NULL, NULL, 0),
(3, 'Masculino', 1, 'D', 3, 28, NULL, NULL, NULL, 0),
(3, 'Masculino', 1, 'D', 4, 25, NULL, NULL, NULL, 0),
(3, 'Masculino', 1, 'D', 4, 29, NULL, NULL, NULL, 0),
(3, 'Masculino', 1, 'D', 5, 25, NULL, NULL, NULL, 0),
(3, 'Masculino', 1, 'D', 5, 30, NULL, NULL, NULL, 0),
(3, 'Masculino', 1, 'D', 6, 25, NULL, NULL, NULL, 0),
(3, 'Masculino', 1, 'D', 6, 31, NULL, NULL, NULL, 0),
(3, 'Masculino', 1, 'D', 7, 25, NULL, NULL, NULL, 0),
(3, 'Masculino', 1, 'D', 7, 32, NULL, NULL, NULL, 0),
(3, 'Masculino', 1, 'D', 8, 26, NULL, NULL, NULL, 0),
(3, 'Masculino', 1, 'D', 8, 27, NULL, NULL, NULL, 0),
(3, 'Masculino', 1, 'D', 9, 26, NULL, NULL, NULL, 0),
(3, 'Masculino', 1, 'D', 9, 28, NULL, NULL, NULL, 0),
(3, 'Masculino', 1, 'D', 10, 26, NULL, NULL, NULL, 0),
(3, 'Masculino', 1, 'D', 10, 29, NULL, NULL, NULL, 0),
(3, 'Masculino', 1, 'D', 11, 26, NULL, NULL, NULL, 0),
(3, 'Masculino', 1, 'D', 11, 30, NULL, NULL, NULL, 0),
(3, 'Masculino', 1, 'D', 12, 26, NULL, NULL, NULL, 0),
(3, 'Masculino', 1, 'D', 12, 31, NULL, NULL, NULL, 0),
(3, 'Masculino', 1, 'D', 13, 26, NULL, NULL, NULL, 0),
(3, 'Masculino', 1, 'D', 13, 32, NULL, NULL, NULL, 0),
(3, 'Masculino', 1, 'D', 14, 27, NULL, NULL, NULL, 0),
(3, 'Masculino', 1, 'D', 14, 28, NULL, NULL, NULL, 0),
(3, 'Masculino', 1, 'D', 15, 27, NULL, NULL, NULL, 0),
(3, 'Masculino', 1, 'D', 15, 29, NULL, NULL, NULL, 0),
(3, 'Masculino', 1, 'D', 16, 27, NULL, NULL, NULL, 0),
(3, 'Masculino', 1, 'D', 16, 30, NULL, NULL, NULL, 0),
(3, 'Masculino', 1, 'D', 17, 27, NULL, NULL, NULL, 0),
(3, 'Masculino', 1, 'D', 17, 31, NULL, NULL, NULL, 0),
(3, 'Masculino', 1, 'D', 18, 27, NULL, NULL, NULL, 0),
(3, 'Masculino', 1, 'D', 18, 32, NULL, NULL, NULL, 0),
(3, 'Masculino', 1, 'D', 19, 28, NULL, NULL, NULL, 0),
(3, 'Masculino', 1, 'D', 19, 29, NULL, NULL, NULL, 0),
(3, 'Masculino', 1, 'D', 20, 28, NULL, NULL, NULL, 0),
(3, 'Masculino', 1, 'D', 20, 30, NULL, NULL, NULL, 0),
(3, 'Masculino', 1, 'D', 21, 28, NULL, NULL, NULL, 0),
(3, 'Masculino', 1, 'D', 21, 31, NULL, NULL, NULL, 0),
(3, 'Masculino', 1, 'D', 22, 28, NULL, NULL, NULL, 0),
(3, 'Masculino', 1, 'D', 22, 32, NULL, NULL, NULL, 0),
(3, 'Masculino', 1, 'D', 23, 29, NULL, NULL, NULL, 0),
(3, 'Masculino', 1, 'D', 23, 30, NULL, NULL, NULL, 0),
(3, 'Masculino', 1, 'D', 24, 29, NULL, NULL, NULL, 0),
(3, 'Masculino', 1, 'D', 24, 31, NULL, NULL, NULL, 0),
(3, 'Masculino', 1, 'D', 25, 29, NULL, NULL, NULL, 0),
(3, 'Masculino', 1, 'D', 25, 32, NULL, NULL, NULL, 0),
(3, 'Masculino', 1, 'D', 26, 30, NULL, NULL, NULL, 0),
(3, 'Masculino', 1, 'D', 26, 31, NULL, NULL, NULL, 0),
(3, 'Masculino', 1, 'D', 27, 30, NULL, NULL, NULL, 0),
(3, 'Masculino', 1, 'D', 27, 32, NULL, NULL, NULL, 0),
(3, 'Masculino', 1, 'D', 28, 31, NULL, NULL, NULL, 0),
(3, 'Masculino', 1, 'D', 28, 32, NULL, NULL, NULL, 0),
(3, 'Masculino', 1, 'D', 143, 25, NULL, NULL, NULL, 0),
(3, 'Masculino', 1, 'D', 143, 77, NULL, NULL, NULL, 0),
(3, 'Masculino', 1, 'D', 144, 26, NULL, NULL, NULL, 0),
(3, 'Masculino', 1, 'D', 144, 77, NULL, NULL, NULL, 0),
(3, 'Masculino', 1, 'D', 145, 27, NULL, NULL, NULL, 0),
(3, 'Masculino', 1, 'D', 145, 77, NULL, NULL, NULL, 0),
(3, 'Masculino', 1, 'D', 146, 28, NULL, NULL, NULL, 0),
(3, 'Masculino', 1, 'D', 146, 77, NULL, NULL, NULL, 0),
(3, 'Masculino', 1, 'D', 147, 29, NULL, NULL, NULL, 0),
(3, 'Masculino', 1, 'D', 147, 77, NULL, NULL, NULL, 0),
(3, 'Masculino', 1, 'D', 148, 30, NULL, NULL, NULL, 0),
(3, 'Masculino', 1, 'D', 148, 77, NULL, NULL, NULL, 0),
(3, 'Masculino', 1, 'D', 149, 31, NULL, NULL, NULL, 0),
(3, 'Masculino', 1, 'D', 149, 77, NULL, NULL, NULL, 0),
(3, 'Masculino', 1, 'D', 150, 32, NULL, NULL, NULL, 0),
(3, 'Masculino', 1, 'D', 150, 77, NULL, NULL, NULL, 0),
(3, 'Masculino', 1, 'D', 151, 25, NULL, NULL, NULL, 0),
(3, 'Masculino', 1, 'D', 151, 78, NULL, NULL, NULL, 0),
(3, 'Masculino', 1, 'D', 152, 26, NULL, NULL, NULL, 0),
(3, 'Masculino', 1, 'D', 152, 78, NULL, NULL, NULL, 0),
(3, 'Masculino', 1, 'D', 153, 27, NULL, NULL, NULL, 0),
(3, 'Masculino', 1, 'D', 153, 78, NULL, NULL, NULL, 0),
(3, 'Masculino', 1, 'D', 154, 28, NULL, NULL, NULL, 0),
(3, 'Masculino', 1, 'D', 154, 78, NULL, NULL, NULL, 0),
(3, 'Masculino', 1, 'D', 155, 29, NULL, NULL, NULL, 0),
(3, 'Masculino', 1, 'D', 155, 78, NULL, NULL, NULL, 0),
(3, 'Masculino', 1, 'D', 156, 30, NULL, NULL, NULL, 0),
(3, 'Masculino', 1, 'D', 156, 78, NULL, NULL, NULL, 0),
(3, 'Masculino', 1, 'D', 157, 31, NULL, NULL, NULL, 0),
(3, 'Masculino', 1, 'D', 157, 78, NULL, NULL, NULL, 0),
(3, 'Masculino', 1, 'D', 158, 32, NULL, NULL, NULL, 0),
(3, 'Masculino', 1, 'D', 158, 78, NULL, NULL, NULL, 0),
(3, 'Masculino', 1, 'D', 159, 77, NULL, NULL, NULL, 0),
(3, 'Masculino', 1, 'D', 159, 78, NULL, NULL, NULL, 0),
(3, 'Masculino', 1, 'D', 160, 25, NULL, NULL, NULL, 0),
(3, 'Masculino', 1, 'D', 160, 79, NULL, NULL, NULL, 0),
(3, 'Masculino', 1, 'D', 161, 26, NULL, NULL, NULL, 0),
(3, 'Masculino', 1, 'D', 161, 79, NULL, NULL, NULL, 0),
(3, 'Masculino', 1, 'D', 162, 27, NULL, NULL, NULL, 0),
(3, 'Masculino', 1, 'D', 162, 79, NULL, NULL, NULL, 0),
(3, 'Masculino', 1, 'D', 163, 28, NULL, NULL, NULL, 0),
(3, 'Masculino', 1, 'D', 163, 79, NULL, NULL, NULL, 0),
(3, 'Masculino', 1, 'D', 164, 29, NULL, NULL, NULL, 0),
(3, 'Masculino', 1, 'D', 164, 79, NULL, NULL, NULL, 0),
(3, 'Masculino', 1, 'D', 165, 30, NULL, NULL, NULL, 0),
(3, 'Masculino', 1, 'D', 165, 79, NULL, NULL, NULL, 0),
(3, 'Masculino', 1, 'D', 166, 31, NULL, NULL, NULL, 0),
(3, 'Masculino', 1, 'D', 166, 79, NULL, NULL, NULL, 0),
(3, 'Masculino', 1, 'D', 167, 32, NULL, NULL, NULL, 0),
(3, 'Masculino', 1, 'D', 167, 79, NULL, NULL, NULL, 0),
(3, 'Masculino', 1, 'D', 168, 77, NULL, NULL, NULL, 0),
(3, 'Masculino', 1, 'D', 168, 79, NULL, NULL, NULL, 0),
(3, 'Masculino', 1, 'D', 169, 78, NULL, NULL, NULL, 0),
(3, 'Masculino', 1, 'D', 169, 79, NULL, NULL, NULL, 0),
(3, 'Masculino', 1, 'D', 170, 25, NULL, NULL, NULL, 0),
(3, 'Masculino', 1, 'D', 170, 80, NULL, NULL, NULL, 0),
(3, 'Masculino', 1, 'D', 171, 26, NULL, NULL, NULL, 0),
(3, 'Masculino', 1, 'D', 171, 80, NULL, NULL, NULL, 0),
(3, 'Masculino', 1, 'D', 172, 27, NULL, NULL, NULL, 0),
(3, 'Masculino', 1, 'D', 172, 80, NULL, NULL, NULL, 0),
(3, 'Masculino', 1, 'D', 173, 28, NULL, NULL, NULL, 0),
(3, 'Masculino', 1, 'D', 173, 80, NULL, NULL, NULL, 0),
(3, 'Masculino', 1, 'D', 174, 29, NULL, NULL, NULL, 0),
(3, 'Masculino', 1, 'D', 174, 80, NULL, NULL, NULL, 0),
(3, 'Masculino', 1, 'D', 175, 30, NULL, NULL, NULL, 0),
(3, 'Masculino', 1, 'D', 175, 80, NULL, NULL, NULL, 0),
(3, 'Masculino', 1, 'D', 176, 31, NULL, NULL, NULL, 0),
(3, 'Masculino', 1, 'D', 176, 80, NULL, NULL, NULL, 0),
(3, 'Masculino', 1, 'D', 177, 32, NULL, NULL, NULL, 0),
(3, 'Masculino', 1, 'D', 177, 80, NULL, NULL, NULL, 0),
(3, 'Masculino', 1, 'D', 178, 77, NULL, NULL, NULL, 0),
(3, 'Masculino', 1, 'D', 178, 80, NULL, NULL, NULL, 0),
(3, 'Masculino', 1, 'D', 179, 78, NULL, NULL, NULL, 0),
(3, 'Masculino', 1, 'D', 179, 80, NULL, NULL, NULL, 0),
(3, 'Masculino', 1, 'D', 180, 79, NULL, NULL, NULL, 0),
(3, 'Masculino', 1, 'D', 180, 80, NULL, NULL, NULL, 0),
(3, 'Masculino', 1, 'E', 1, 33, NULL, NULL, NULL, 0),
(3, 'Masculino', 1, 'E', 1, 34, NULL, NULL, NULL, 0),
(3, 'Masculino', 1, 'E', 2, 33, NULL, NULL, NULL, 0),
(3, 'Masculino', 1, 'E', 2, 35, NULL, NULL, NULL, 0),
(3, 'Masculino', 1, 'E', 3, 33, NULL, NULL, NULL, 0),
(3, 'Masculino', 1, 'E', 3, 36, NULL, NULL, NULL, 0),
(3, 'Masculino', 1, 'E', 4, 33, NULL, NULL, NULL, 0),
(3, 'Masculino', 1, 'E', 4, 37, NULL, NULL, NULL, 0),
(3, 'Masculino', 1, 'E', 5, 33, NULL, NULL, NULL, 0),
(3, 'Masculino', 1, 'E', 5, 38, NULL, NULL, NULL, 0),
(3, 'Masculino', 1, 'E', 6, 33, NULL, NULL, NULL, 0),
(3, 'Masculino', 1, 'E', 6, 39, NULL, NULL, NULL, 0),
(3, 'Masculino', 1, 'E', 7, 33, NULL, NULL, NULL, 0),
(3, 'Masculino', 1, 'E', 7, 40, NULL, NULL, NULL, 0),
(3, 'Masculino', 1, 'E', 8, 34, NULL, NULL, NULL, 0),
(3, 'Masculino', 1, 'E', 8, 35, NULL, NULL, NULL, 0),
(3, 'Masculino', 1, 'E', 9, 34, NULL, NULL, NULL, 0),
(3, 'Masculino', 1, 'E', 9, 36, NULL, NULL, NULL, 0),
(3, 'Masculino', 1, 'E', 10, 34, NULL, NULL, NULL, 0),
(3, 'Masculino', 1, 'E', 10, 37, NULL, NULL, NULL, 0),
(3, 'Masculino', 1, 'E', 11, 34, NULL, NULL, NULL, 0),
(3, 'Masculino', 1, 'E', 11, 38, NULL, NULL, NULL, 0),
(3, 'Masculino', 1, 'E', 12, 34, NULL, NULL, NULL, 0),
(3, 'Masculino', 1, 'E', 12, 39, NULL, NULL, NULL, 0),
(3, 'Masculino', 1, 'E', 13, 34, NULL, NULL, NULL, 0),
(3, 'Masculino', 1, 'E', 13, 40, NULL, NULL, NULL, 0),
(3, 'Masculino', 1, 'E', 14, 35, NULL, NULL, NULL, 0),
(3, 'Masculino', 1, 'E', 14, 36, NULL, NULL, NULL, 0),
(3, 'Masculino', 1, 'E', 15, 35, NULL, NULL, NULL, 0),
(3, 'Masculino', 1, 'E', 15, 37, NULL, NULL, NULL, 0),
(3, 'Masculino', 1, 'E', 16, 35, NULL, NULL, NULL, 0),
(3, 'Masculino', 1, 'E', 16, 38, NULL, NULL, NULL, 0),
(3, 'Masculino', 1, 'E', 17, 35, NULL, NULL, NULL, 0),
(3, 'Masculino', 1, 'E', 17, 39, NULL, NULL, NULL, 0),
(3, 'Masculino', 1, 'E', 18, 35, NULL, NULL, NULL, 0),
(3, 'Masculino', 1, 'E', 18, 40, NULL, NULL, NULL, 0),
(3, 'Masculino', 1, 'E', 19, 36, NULL, NULL, NULL, 0),
(3, 'Masculino', 1, 'E', 19, 37, NULL, NULL, NULL, 0),
(3, 'Masculino', 1, 'E', 20, 36, NULL, NULL, NULL, 0),
(3, 'Masculino', 1, 'E', 20, 38, NULL, NULL, NULL, 0),
(3, 'Masculino', 1, 'E', 21, 36, NULL, NULL, NULL, 0),
(3, 'Masculino', 1, 'E', 21, 39, NULL, NULL, NULL, 0),
(3, 'Masculino', 1, 'E', 22, 36, NULL, NULL, NULL, 0),
(3, 'Masculino', 1, 'E', 22, 40, NULL, NULL, NULL, 0),
(3, 'Masculino', 1, 'E', 23, 37, NULL, NULL, NULL, 0),
(3, 'Masculino', 1, 'E', 23, 38, NULL, NULL, NULL, 0),
(3, 'Masculino', 1, 'E', 24, 37, NULL, NULL, NULL, 0),
(3, 'Masculino', 1, 'E', 24, 39, NULL, NULL, NULL, 0),
(3, 'Masculino', 1, 'E', 25, 37, NULL, NULL, NULL, 0),
(3, 'Masculino', 1, 'E', 25, 40, NULL, NULL, NULL, 0),
(3, 'Masculino', 1, 'E', 26, 38, NULL, NULL, NULL, 0),
(3, 'Masculino', 1, 'E', 26, 39, NULL, NULL, NULL, 0),
(3, 'Masculino', 1, 'E', 27, 38, NULL, NULL, NULL, 0),
(3, 'Masculino', 1, 'E', 27, 40, NULL, NULL, NULL, 0),
(3, 'Masculino', 1, 'E', 28, 39, NULL, NULL, NULL, 0),
(3, 'Masculino', 1, 'E', 28, 40, NULL, NULL, NULL, 0),
(3, 'Masculino', 1, 'E', 181, 33, NULL, NULL, NULL, 0),
(3, 'Masculino', 1, 'E', 181, 81, NULL, NULL, NULL, 0),
(3, 'Masculino', 1, 'E', 182, 34, NULL, NULL, NULL, 0),
(3, 'Masculino', 1, 'E', 182, 81, NULL, NULL, NULL, 0),
(3, 'Masculino', 1, 'E', 183, 35, NULL, NULL, NULL, 0),
(3, 'Masculino', 1, 'E', 183, 81, NULL, NULL, NULL, 0),
(3, 'Masculino', 1, 'E', 184, 36, NULL, NULL, NULL, 0),
(3, 'Masculino', 1, 'E', 184, 81, NULL, NULL, NULL, 0),
(3, 'Masculino', 1, 'E', 185, 37, NULL, NULL, NULL, 0),
(3, 'Masculino', 1, 'E', 185, 81, NULL, NULL, NULL, 0),
(3, 'Masculino', 1, 'E', 186, 38, NULL, NULL, NULL, 0),
(3, 'Masculino', 1, 'E', 186, 81, NULL, NULL, NULL, 0),
(3, 'Masculino', 1, 'E', 187, 39, NULL, NULL, NULL, 0),
(3, 'Masculino', 1, 'E', 187, 81, NULL, NULL, NULL, 0),
(3, 'Masculino', 1, 'E', 188, 40, NULL, NULL, NULL, 0),
(3, 'Masculino', 1, 'E', 188, 81, NULL, NULL, NULL, 0),
(3, 'Masculino', 1, 'E', 189, 33, NULL, NULL, NULL, 0),
(3, 'Masculino', 1, 'E', 189, 82, NULL, NULL, NULL, 0),
(3, 'Masculino', 1, 'E', 190, 34, NULL, NULL, NULL, 0),
(3, 'Masculino', 1, 'E', 190, 82, NULL, NULL, NULL, 0),
(3, 'Masculino', 1, 'E', 191, 35, NULL, NULL, NULL, 0),
(3, 'Masculino', 1, 'E', 191, 82, NULL, NULL, NULL, 0),
(3, 'Masculino', 1, 'E', 192, 36, NULL, NULL, NULL, 0),
(3, 'Masculino', 1, 'E', 192, 82, NULL, NULL, NULL, 0),
(3, 'Masculino', 1, 'E', 193, 37, NULL, NULL, NULL, 0),
(3, 'Masculino', 1, 'E', 193, 82, NULL, NULL, NULL, 0),
(3, 'Masculino', 1, 'E', 194, 38, NULL, NULL, NULL, 0),
(3, 'Masculino', 1, 'E', 194, 82, NULL, NULL, NULL, 0),
(3, 'Masculino', 1, 'E', 195, 39, NULL, NULL, NULL, 0),
(3, 'Masculino', 1, 'E', 195, 82, NULL, NULL, NULL, 0),
(3, 'Masculino', 1, 'E', 196, 40, NULL, NULL, NULL, 0),
(3, 'Masculino', 1, 'E', 196, 82, NULL, NULL, NULL, 0),
(3, 'Masculino', 1, 'E', 197, 81, NULL, NULL, NULL, 0),
(3, 'Masculino', 1, 'E', 197, 82, NULL, NULL, NULL, 0),
(3, 'Masculino', 1, 'E', 198, 33, NULL, NULL, NULL, 0),
(3, 'Masculino', 1, 'E', 198, 83, NULL, NULL, NULL, 0),
(3, 'Masculino', 1, 'E', 199, 34, NULL, NULL, NULL, 0),
(3, 'Masculino', 1, 'E', 199, 83, NULL, NULL, NULL, 0),
(3, 'Masculino', 1, 'E', 200, 35, NULL, NULL, NULL, 0),
(3, 'Masculino', 1, 'E', 200, 83, NULL, NULL, NULL, 0),
(3, 'Masculino', 1, 'E', 201, 36, NULL, NULL, NULL, 0),
(3, 'Masculino', 1, 'E', 201, 83, NULL, NULL, NULL, 0),
(3, 'Masculino', 1, 'E', 202, 37, NULL, NULL, NULL, 0),
(3, 'Masculino', 1, 'E', 202, 83, NULL, NULL, NULL, 0),
(3, 'Masculino', 1, 'E', 203, 38, NULL, NULL, NULL, 0),
(3, 'Masculino', 1, 'E', 203, 83, NULL, NULL, NULL, 0),
(3, 'Masculino', 1, 'E', 204, 39, NULL, NULL, NULL, 0),
(3, 'Masculino', 1, 'E', 204, 83, NULL, NULL, NULL, 0),
(3, 'Masculino', 1, 'E', 205, 40, NULL, NULL, NULL, 0),
(3, 'Masculino', 1, 'E', 205, 83, NULL, NULL, NULL, 0),
(3, 'Masculino', 1, 'E', 206, 81, NULL, NULL, NULL, 0),
(3, 'Masculino', 1, 'E', 206, 83, NULL, NULL, NULL, 0),
(3, 'Masculino', 1, 'E', 207, 82, NULL, NULL, NULL, 0),
(3, 'Masculino', 1, 'E', 207, 83, NULL, NULL, NULL, 0),
(3, 'Masculino', 1, 'E', 208, 33, NULL, NULL, NULL, 0),
(3, 'Masculino', 1, 'E', 208, 84, NULL, NULL, NULL, 0),
(3, 'Masculino', 1, 'E', 209, 34, NULL, NULL, NULL, 0),
(3, 'Masculino', 1, 'E', 209, 84, NULL, NULL, NULL, 0),
(3, 'Masculino', 1, 'E', 210, 35, NULL, NULL, NULL, 0),
(3, 'Masculino', 1, 'E', 210, 84, NULL, NULL, NULL, 0),
(3, 'Masculino', 1, 'E', 211, 36, NULL, NULL, NULL, 0),
(3, 'Masculino', 1, 'E', 211, 84, NULL, NULL, NULL, 0),
(3, 'Masculino', 1, 'E', 212, 37, NULL, NULL, NULL, 0),
(3, 'Masculino', 1, 'E', 212, 84, NULL, NULL, NULL, 0),
(3, 'Masculino', 1, 'E', 213, 38, NULL, NULL, NULL, 0),
(3, 'Masculino', 1, 'E', 213, 84, NULL, NULL, NULL, 0),
(3, 'Masculino', 1, 'E', 214, 39, NULL, NULL, NULL, 0),
(3, 'Masculino', 1, 'E', 214, 84, NULL, NULL, NULL, 0),
(3, 'Masculino', 1, 'E', 215, 40, NULL, NULL, NULL, 0),
(3, 'Masculino', 1, 'E', 215, 84, NULL, NULL, NULL, 0),
(3, 'Masculino', 1, 'E', 216, 81, NULL, NULL, NULL, 0),
(3, 'Masculino', 1, 'E', 216, 84, NULL, NULL, NULL, 0),
(3, 'Masculino', 1, 'E', 217, 82, NULL, NULL, NULL, 0),
(3, 'Masculino', 1, 'E', 217, 84, NULL, NULL, NULL, 0),
(3, 'Masculino', 1, 'E', 218, 83, NULL, NULL, NULL, 0),
(3, 'Masculino', 1, 'E', 218, 84, NULL, NULL, NULL, 0),
(3, 'Masculino', 1, 'F', 1, 41, NULL, NULL, NULL, 0),
(3, 'Masculino', 1, 'F', 1, 42, NULL, NULL, NULL, 0),
(3, 'Masculino', 1, 'F', 2, 41, NULL, NULL, NULL, 0),
(3, 'Masculino', 1, 'F', 2, 43, NULL, NULL, NULL, 0),
(3, 'Masculino', 1, 'F', 3, 41, NULL, NULL, NULL, 0),
(3, 'Masculino', 1, 'F', 3, 44, NULL, NULL, NULL, 0),
(3, 'Masculino', 1, 'F', 4, 41, NULL, NULL, NULL, 0),
(3, 'Masculino', 1, 'F', 4, 45, NULL, NULL, NULL, 0),
(3, 'Masculino', 1, 'F', 5, 41, NULL, NULL, NULL, 0),
(3, 'Masculino', 1, 'F', 5, 46, NULL, NULL, NULL, 0),
(3, 'Masculino', 1, 'F', 6, 41, NULL, NULL, NULL, 0),
(3, 'Masculino', 1, 'F', 6, 47, NULL, NULL, NULL, 0),
(3, 'Masculino', 1, 'F', 7, 41, NULL, NULL, NULL, 0),
(3, 'Masculino', 1, 'F', 7, 48, NULL, NULL, NULL, 0),
(3, 'Masculino', 1, 'F', 8, 42, NULL, NULL, NULL, 0),
(3, 'Masculino', 1, 'F', 8, 43, NULL, NULL, NULL, 0),
(3, 'Masculino', 1, 'F', 9, 42, NULL, NULL, NULL, 0),
(3, 'Masculino', 1, 'F', 9, 44, NULL, NULL, NULL, 0),
(3, 'Masculino', 1, 'F', 10, 42, NULL, NULL, NULL, 0),
(3, 'Masculino', 1, 'F', 10, 45, NULL, NULL, NULL, 0),
(3, 'Masculino', 1, 'F', 11, 42, NULL, NULL, NULL, 0),
(3, 'Masculino', 1, 'F', 11, 46, NULL, NULL, NULL, 0),
(3, 'Masculino', 1, 'F', 12, 42, NULL, NULL, NULL, 0),
(3, 'Masculino', 1, 'F', 12, 47, NULL, NULL, NULL, 0),
(3, 'Masculino', 1, 'F', 13, 42, NULL, NULL, NULL, 0),
(3, 'Masculino', 1, 'F', 13, 48, NULL, NULL, NULL, 0),
(3, 'Masculino', 1, 'F', 14, 43, NULL, NULL, NULL, 0),
(3, 'Masculino', 1, 'F', 14, 44, NULL, NULL, NULL, 0),
(3, 'Masculino', 1, 'F', 15, 43, NULL, NULL, NULL, 0),
(3, 'Masculino', 1, 'F', 15, 45, NULL, NULL, NULL, 0),
(3, 'Masculino', 1, 'F', 16, 43, NULL, NULL, NULL, 0),
(3, 'Masculino', 1, 'F', 16, 46, NULL, NULL, NULL, 0),
(3, 'Masculino', 1, 'F', 17, 43, NULL, NULL, NULL, 0),
(3, 'Masculino', 1, 'F', 17, 47, NULL, NULL, NULL, 0),
(3, 'Masculino', 1, 'F', 18, 43, NULL, NULL, NULL, 0),
(3, 'Masculino', 1, 'F', 18, 48, NULL, NULL, NULL, 0),
(3, 'Masculino', 1, 'F', 19, 44, NULL, NULL, NULL, 0),
(3, 'Masculino', 1, 'F', 19, 45, NULL, NULL, NULL, 0),
(3, 'Masculino', 1, 'F', 20, 44, NULL, NULL, NULL, 0),
(3, 'Masculino', 1, 'F', 20, 46, NULL, NULL, NULL, 0),
(3, 'Masculino', 1, 'F', 21, 44, NULL, NULL, NULL, 0),
(3, 'Masculino', 1, 'F', 21, 47, NULL, NULL, NULL, 0),
(3, 'Masculino', 1, 'F', 22, 44, NULL, NULL, NULL, 0),
(3, 'Masculino', 1, 'F', 22, 48, NULL, NULL, NULL, 0),
(3, 'Masculino', 1, 'F', 23, 45, NULL, NULL, NULL, 0),
(3, 'Masculino', 1, 'F', 23, 46, NULL, NULL, NULL, 0),
(3, 'Masculino', 1, 'F', 24, 45, NULL, NULL, NULL, 0),
(3, 'Masculino', 1, 'F', 24, 47, NULL, NULL, NULL, 0),
(3, 'Masculino', 1, 'F', 25, 45, NULL, NULL, NULL, 0),
(3, 'Masculino', 1, 'F', 25, 48, NULL, NULL, NULL, 0),
(3, 'Masculino', 1, 'F', 26, 46, NULL, NULL, NULL, 0),
(3, 'Masculino', 1, 'F', 26, 47, NULL, NULL, NULL, 0),
(3, 'Masculino', 1, 'F', 27, 46, NULL, NULL, NULL, 0),
(3, 'Masculino', 1, 'F', 27, 48, NULL, NULL, NULL, 0),
(3, 'Masculino', 1, 'F', 28, 47, NULL, NULL, NULL, 0),
(3, 'Masculino', 1, 'F', 28, 48, NULL, NULL, NULL, 0),
(3, 'Masculino', 1, 'F', 219, 41, NULL, NULL, NULL, 0),
(3, 'Masculino', 1, 'F', 219, 85, NULL, NULL, NULL, 0),
(3, 'Masculino', 1, 'F', 220, 42, NULL, NULL, NULL, 0),
(3, 'Masculino', 1, 'F', 220, 85, NULL, NULL, NULL, 0),
(3, 'Masculino', 1, 'F', 221, 43, NULL, NULL, NULL, 0),
(3, 'Masculino', 1, 'F', 221, 85, NULL, NULL, NULL, 0),
(3, 'Masculino', 1, 'F', 222, 44, NULL, NULL, NULL, 0),
(3, 'Masculino', 1, 'F', 222, 85, NULL, NULL, NULL, 0),
(3, 'Masculino', 1, 'F', 223, 45, NULL, NULL, NULL, 0),
(3, 'Masculino', 1, 'F', 223, 85, NULL, NULL, NULL, 0),
(3, 'Masculino', 1, 'F', 224, 46, NULL, NULL, NULL, 0),
(3, 'Masculino', 1, 'F', 224, 85, NULL, NULL, NULL, 0),
(3, 'Masculino', 1, 'F', 225, 47, NULL, NULL, NULL, 0),
(3, 'Masculino', 1, 'F', 225, 85, NULL, NULL, NULL, 0),
(3, 'Masculino', 1, 'F', 226, 48, NULL, NULL, NULL, 0),
(3, 'Masculino', 1, 'F', 226, 85, NULL, NULL, NULL, 0),
(3, 'Masculino', 1, 'F', 227, 41, NULL, NULL, NULL, 0),
(3, 'Masculino', 1, 'F', 227, 86, NULL, NULL, NULL, 0),
(3, 'Masculino', 1, 'F', 228, 42, NULL, NULL, NULL, 0),
(3, 'Masculino', 1, 'F', 228, 86, NULL, NULL, NULL, 0),
(3, 'Masculino', 1, 'F', 229, 43, NULL, NULL, NULL, 0),
(3, 'Masculino', 1, 'F', 229, 86, NULL, NULL, NULL, 0),
(3, 'Masculino', 1, 'F', 230, 44, NULL, NULL, NULL, 0),
(3, 'Masculino', 1, 'F', 230, 86, NULL, NULL, NULL, 0),
(3, 'Masculino', 1, 'F', 231, 45, NULL, NULL, NULL, 0),
(3, 'Masculino', 1, 'F', 231, 86, NULL, NULL, NULL, 0),
(3, 'Masculino', 1, 'F', 232, 46, NULL, NULL, NULL, 0),
(3, 'Masculino', 1, 'F', 232, 86, NULL, NULL, NULL, 0),
(3, 'Masculino', 1, 'F', 233, 47, NULL, NULL, NULL, 0),
(3, 'Masculino', 1, 'F', 233, 86, NULL, NULL, NULL, 0),
(3, 'Masculino', 1, 'F', 234, 48, NULL, NULL, NULL, 0),
(3, 'Masculino', 1, 'F', 234, 86, NULL, NULL, NULL, 0),
(3, 'Masculino', 1, 'F', 235, 85, NULL, NULL, NULL, 0),
(3, 'Masculino', 1, 'F', 235, 86, NULL, NULL, NULL, 0),
(3, 'Masculino', 1, 'F', 236, 41, NULL, NULL, NULL, 0),
(3, 'Masculino', 1, 'F', 236, 87, NULL, NULL, NULL, 0),
(3, 'Masculino', 1, 'F', 237, 42, NULL, NULL, NULL, 0),
(3, 'Masculino', 1, 'F', 237, 87, NULL, NULL, NULL, 0),
(3, 'Masculino', 1, 'F', 238, 43, NULL, NULL, NULL, 0),
(3, 'Masculino', 1, 'F', 238, 87, NULL, NULL, NULL, 0),
(3, 'Masculino', 1, 'F', 239, 44, NULL, NULL, NULL, 0),
(3, 'Masculino', 1, 'F', 239, 87, NULL, NULL, NULL, 0),
(3, 'Masculino', 1, 'F', 240, 45, NULL, NULL, NULL, 0),
(3, 'Masculino', 1, 'F', 240, 87, NULL, NULL, NULL, 0),
(3, 'Masculino', 1, 'F', 241, 46, NULL, NULL, NULL, 0),
(3, 'Masculino', 1, 'F', 241, 87, NULL, NULL, NULL, 0),
(3, 'Masculino', 1, 'F', 242, 47, NULL, NULL, NULL, 0),
(3, 'Masculino', 1, 'F', 242, 87, NULL, NULL, NULL, 0),
(3, 'Masculino', 1, 'F', 243, 48, NULL, NULL, NULL, 0),
(3, 'Masculino', 1, 'F', 243, 87, NULL, NULL, NULL, 0),
(3, 'Masculino', 1, 'F', 244, 85, NULL, NULL, NULL, 0),
(3, 'Masculino', 1, 'F', 244, 87, NULL, NULL, NULL, 0),
(3, 'Masculino', 1, 'F', 245, 86, NULL, NULL, NULL, 0),
(3, 'Masculino', 1, 'F', 245, 87, NULL, NULL, NULL, 0),
(3, 'Masculino', 1, 'F', 246, 41, NULL, NULL, NULL, 0),
(3, 'Masculino', 1, 'F', 246, 88, NULL, NULL, NULL, 0),
(3, 'Masculino', 1, 'F', 247, 42, NULL, NULL, NULL, 0),
(3, 'Masculino', 1, 'F', 247, 88, NULL, NULL, NULL, 0),
(3, 'Masculino', 1, 'F', 248, 43, NULL, NULL, NULL, 0),
(3, 'Masculino', 1, 'F', 248, 88, NULL, NULL, NULL, 0),
(3, 'Masculino', 1, 'F', 249, 44, NULL, NULL, NULL, 0),
(3, 'Masculino', 1, 'F', 249, 88, NULL, NULL, NULL, 0),
(3, 'Masculino', 1, 'F', 250, 45, NULL, NULL, NULL, 0),
(3, 'Masculino', 1, 'F', 250, 88, NULL, NULL, NULL, 0),
(3, 'Masculino', 1, 'F', 251, 46, NULL, NULL, NULL, 0),
(3, 'Masculino', 1, 'F', 251, 88, NULL, NULL, NULL, 0),
(3, 'Masculino', 1, 'F', 252, 47, NULL, NULL, NULL, 0),
(3, 'Masculino', 1, 'F', 252, 88, NULL, NULL, NULL, 0),
(3, 'Masculino', 1, 'F', 253, 48, NULL, NULL, NULL, 0),
(3, 'Masculino', 1, 'F', 253, 88, NULL, NULL, NULL, 0),
(3, 'Masculino', 1, 'F', 254, 85, NULL, NULL, NULL, 0),
(3, 'Masculino', 1, 'F', 254, 88, NULL, NULL, NULL, 0),
(3, 'Masculino', 1, 'F', 255, 86, NULL, NULL, NULL, 0),
(3, 'Masculino', 1, 'F', 255, 88, NULL, NULL, NULL, 0),
(3, 'Masculino', 1, 'F', 256, 87, NULL, NULL, NULL, 0),
(3, 'Masculino', 1, 'F', 256, 88, NULL, NULL, NULL, 0),
(3, 'Masculino', 1, 'G', 1, 49, NULL, NULL, NULL, 0),
(3, 'Masculino', 1, 'G', 1, 50, NULL, NULL, NULL, 0),
(3, 'Masculino', 1, 'G', 2, 49, NULL, NULL, NULL, 0),
(3, 'Masculino', 1, 'G', 2, 51, NULL, NULL, NULL, 0),
(3, 'Masculino', 1, 'G', 3, 49, NULL, NULL, NULL, 0),
(3, 'Masculino', 1, 'G', 3, 52, NULL, NULL, NULL, 0),
(3, 'Masculino', 1, 'G', 4, 49, NULL, NULL, NULL, 0),
(3, 'Masculino', 1, 'G', 4, 53, NULL, NULL, NULL, 0),
(3, 'Masculino', 1, 'G', 5, 49, NULL, NULL, NULL, 0),
(3, 'Masculino', 1, 'G', 5, 54, NULL, NULL, NULL, 0),
(3, 'Masculino', 1, 'G', 6, 49, NULL, NULL, NULL, 0),
(3, 'Masculino', 1, 'G', 6, 55, NULL, NULL, NULL, 0),
(3, 'Masculino', 1, 'G', 7, 49, NULL, NULL, NULL, 0),
(3, 'Masculino', 1, 'G', 7, 56, NULL, NULL, NULL, 0),
(3, 'Masculino', 1, 'G', 8, 50, NULL, NULL, NULL, 0),
(3, 'Masculino', 1, 'G', 8, 51, NULL, NULL, NULL, 0),
(3, 'Masculino', 1, 'G', 9, 50, NULL, NULL, NULL, 0),
(3, 'Masculino', 1, 'G', 9, 52, NULL, NULL, NULL, 0),
(3, 'Masculino', 1, 'G', 10, 50, NULL, NULL, NULL, 0),
(3, 'Masculino', 1, 'G', 10, 53, NULL, NULL, NULL, 0),
(3, 'Masculino', 1, 'G', 11, 50, NULL, NULL, NULL, 0),
(3, 'Masculino', 1, 'G', 11, 54, NULL, NULL, NULL, 0),
(3, 'Masculino', 1, 'G', 12, 50, NULL, NULL, NULL, 0),
(3, 'Masculino', 1, 'G', 12, 55, NULL, NULL, NULL, 0),
(3, 'Masculino', 1, 'G', 13, 50, NULL, NULL, NULL, 0),
(3, 'Masculino', 1, 'G', 13, 56, NULL, NULL, NULL, 0),
(3, 'Masculino', 1, 'G', 14, 51, NULL, NULL, NULL, 0),
(3, 'Masculino', 1, 'G', 14, 52, NULL, NULL, NULL, 0),
(3, 'Masculino', 1, 'G', 15, 51, NULL, NULL, NULL, 0),
(3, 'Masculino', 1, 'G', 15, 53, NULL, NULL, NULL, 0),
(3, 'Masculino', 1, 'G', 16, 51, NULL, NULL, NULL, 0),
(3, 'Masculino', 1, 'G', 16, 54, NULL, NULL, NULL, 0),
(3, 'Masculino', 1, 'G', 17, 51, NULL, NULL, NULL, 0),
(3, 'Masculino', 1, 'G', 17, 55, NULL, NULL, NULL, 0),
(3, 'Masculino', 1, 'G', 18, 51, NULL, NULL, NULL, 0),
(3, 'Masculino', 1, 'G', 18, 56, NULL, NULL, NULL, 0),
(3, 'Masculino', 1, 'G', 19, 52, NULL, NULL, NULL, 0),
(3, 'Masculino', 1, 'G', 19, 53, NULL, NULL, NULL, 0),
(3, 'Masculino', 1, 'G', 20, 52, NULL, NULL, NULL, 0),
(3, 'Masculino', 1, 'G', 20, 54, NULL, NULL, NULL, 0),
(3, 'Masculino', 1, 'G', 21, 52, NULL, NULL, NULL, 0),
(3, 'Masculino', 1, 'G', 21, 55, NULL, NULL, NULL, 0),
(3, 'Masculino', 1, 'G', 22, 52, NULL, NULL, NULL, 0),
(3, 'Masculino', 1, 'G', 22, 56, NULL, NULL, NULL, 0),
(3, 'Masculino', 1, 'G', 23, 53, NULL, NULL, NULL, 0),
(3, 'Masculino', 1, 'G', 23, 54, NULL, NULL, NULL, 0),
(3, 'Masculino', 1, 'G', 24, 53, NULL, NULL, NULL, 0),
(3, 'Masculino', 1, 'G', 24, 55, NULL, NULL, NULL, 0),
(3, 'Masculino', 1, 'G', 25, 53, NULL, NULL, NULL, 0),
(3, 'Masculino', 1, 'G', 25, 56, NULL, NULL, NULL, 0),
(3, 'Masculino', 1, 'G', 26, 54, NULL, NULL, NULL, 0),
(3, 'Masculino', 1, 'G', 26, 55, NULL, NULL, NULL, 0),
(3, 'Masculino', 1, 'G', 27, 54, NULL, NULL, NULL, 0),
(3, 'Masculino', 1, 'G', 27, 56, NULL, NULL, NULL, 0),
(3, 'Masculino', 1, 'G', 28, 55, NULL, NULL, NULL, 0),
(3, 'Masculino', 1, 'G', 28, 56, NULL, NULL, NULL, 0),
(3, 'Masculino', 1, 'G', 257, 49, NULL, NULL, NULL, 0),
(3, 'Masculino', 1, 'G', 257, 89, NULL, NULL, NULL, 0),
(3, 'Masculino', 1, 'G', 258, 50, NULL, NULL, NULL, 0),
(3, 'Masculino', 1, 'G', 258, 89, NULL, NULL, NULL, 0),
(3, 'Masculino', 1, 'G', 259, 51, NULL, NULL, NULL, 0),
(3, 'Masculino', 1, 'G', 259, 89, NULL, NULL, NULL, 0),
(3, 'Masculino', 1, 'G', 260, 52, NULL, NULL, NULL, 0),
(3, 'Masculino', 1, 'G', 260, 89, NULL, NULL, NULL, 0),
(3, 'Masculino', 1, 'G', 261, 53, NULL, NULL, NULL, 0),
(3, 'Masculino', 1, 'G', 261, 89, NULL, NULL, NULL, 0),
(3, 'Masculino', 1, 'G', 262, 54, NULL, NULL, NULL, 0),
(3, 'Masculino', 1, 'G', 262, 89, NULL, NULL, NULL, 0),
(3, 'Masculino', 1, 'G', 263, 55, NULL, NULL, NULL, 0),
(3, 'Masculino', 1, 'G', 263, 89, NULL, NULL, NULL, 0),
(3, 'Masculino', 1, 'G', 264, 56, NULL, NULL, NULL, 0),
(3, 'Masculino', 1, 'G', 264, 89, NULL, NULL, NULL, 0),
(3, 'Masculino', 1, 'G', 265, 49, NULL, NULL, NULL, 0),
(3, 'Masculino', 1, 'G', 265, 90, NULL, NULL, NULL, 0),
(3, 'Masculino', 1, 'G', 266, 50, NULL, NULL, NULL, 0),
(3, 'Masculino', 1, 'G', 266, 90, NULL, NULL, NULL, 0),
(3, 'Masculino', 1, 'G', 267, 51, NULL, NULL, NULL, 0),
(3, 'Masculino', 1, 'G', 267, 90, NULL, NULL, NULL, 0),
(3, 'Masculino', 1, 'G', 268, 52, NULL, NULL, NULL, 0),
(3, 'Masculino', 1, 'G', 268, 90, NULL, NULL, NULL, 0),
(3, 'Masculino', 1, 'G', 269, 53, NULL, NULL, NULL, 0),
(3, 'Masculino', 1, 'G', 269, 90, NULL, NULL, NULL, 0),
(3, 'Masculino', 1, 'G', 270, 54, NULL, NULL, NULL, 0),
(3, 'Masculino', 1, 'G', 270, 90, NULL, NULL, NULL, 0),
(3, 'Masculino', 1, 'G', 271, 55, NULL, NULL, NULL, 0),
(3, 'Masculino', 1, 'G', 271, 90, NULL, NULL, NULL, 0),
(3, 'Masculino', 1, 'G', 272, 56, NULL, NULL, NULL, 0),
(3, 'Masculino', 1, 'G', 272, 90, NULL, NULL, NULL, 0),
(3, 'Masculino', 1, 'G', 273, 89, NULL, NULL, NULL, 0),
(3, 'Masculino', 1, 'G', 273, 90, NULL, NULL, NULL, 0),
(3, 'Masculino', 1, 'G', 274, 49, NULL, NULL, NULL, 0),
(3, 'Masculino', 1, 'G', 274, 91, NULL, NULL, NULL, 0),
(3, 'Masculino', 1, 'G', 275, 50, NULL, NULL, NULL, 0),
(3, 'Masculino', 1, 'G', 275, 91, NULL, NULL, NULL, 0),
(3, 'Masculino', 1, 'G', 276, 51, NULL, NULL, NULL, 0),
(3, 'Masculino', 1, 'G', 276, 91, NULL, NULL, NULL, 0),
(3, 'Masculino', 1, 'G', 277, 52, NULL, NULL, NULL, 0),
(3, 'Masculino', 1, 'G', 277, 91, NULL, NULL, NULL, 0),
(3, 'Masculino', 1, 'G', 278, 53, NULL, NULL, NULL, 0),
(3, 'Masculino', 1, 'G', 278, 91, NULL, NULL, NULL, 0),
(3, 'Masculino', 1, 'G', 279, 54, NULL, NULL, NULL, 0),
(3, 'Masculino', 1, 'G', 279, 91, NULL, NULL, NULL, 0),
(3, 'Masculino', 1, 'G', 280, 55, NULL, NULL, NULL, 0),
(3, 'Masculino', 1, 'G', 280, 91, NULL, NULL, NULL, 0),
(3, 'Masculino', 1, 'G', 281, 56, NULL, NULL, NULL, 0),
(3, 'Masculino', 1, 'G', 281, 91, NULL, NULL, NULL, 0),
(3, 'Masculino', 1, 'G', 282, 89, NULL, NULL, NULL, 0),
(3, 'Masculino', 1, 'G', 282, 91, NULL, NULL, NULL, 0),
(3, 'Masculino', 1, 'G', 283, 90, NULL, NULL, NULL, 0),
(3, 'Masculino', 1, 'G', 283, 91, NULL, NULL, NULL, 0),
(3, 'Masculino', 1, 'G', 284, 49, NULL, NULL, NULL, 0),
(3, 'Masculino', 1, 'G', 284, 92, NULL, NULL, NULL, 0),
(3, 'Masculino', 1, 'G', 285, 50, NULL, NULL, NULL, 0),
(3, 'Masculino', 1, 'G', 285, 92, NULL, NULL, NULL, 0),
(3, 'Masculino', 1, 'G', 286, 51, NULL, NULL, NULL, 0),
(3, 'Masculino', 1, 'G', 286, 92, NULL, NULL, NULL, 0),
(3, 'Masculino', 1, 'G', 287, 52, NULL, NULL, NULL, 0),
(3, 'Masculino', 1, 'G', 287, 92, NULL, NULL, NULL, 0),
(3, 'Masculino', 1, 'G', 288, 53, NULL, NULL, NULL, 0),
(3, 'Masculino', 1, 'G', 288, 92, NULL, NULL, NULL, 0),
(3, 'Masculino', 1, 'G', 289, 54, NULL, NULL, NULL, 0),
(3, 'Masculino', 1, 'G', 289, 92, NULL, NULL, NULL, 0),
(3, 'Masculino', 1, 'G', 290, 55, NULL, NULL, NULL, 0),
(3, 'Masculino', 1, 'G', 290, 92, NULL, NULL, NULL, 0),
(3, 'Masculino', 1, 'G', 291, 56, NULL, NULL, NULL, 0),
(3, 'Masculino', 1, 'G', 291, 92, NULL, NULL, NULL, 0),
(3, 'Masculino', 1, 'G', 292, 89, NULL, NULL, NULL, 0),
(3, 'Masculino', 1, 'G', 292, 92, NULL, NULL, NULL, 0),
(3, 'Masculino', 1, 'G', 293, 90, NULL, NULL, NULL, 0),
(3, 'Masculino', 1, 'G', 293, 92, NULL, NULL, NULL, 0),
(3, 'Masculino', 1, 'G', 294, 91, NULL, NULL, NULL, 0),
(3, 'Masculino', 1, 'G', 294, 92, NULL, NULL, NULL, 0),
(3, 'Masculino', 1, 'H', 1, 57, NULL, NULL, NULL, 0),
(3, 'Masculino', 1, 'H', 1, 58, NULL, NULL, NULL, 0),
(3, 'Masculino', 1, 'H', 2, 57, NULL, NULL, NULL, 0),
(3, 'Masculino', 1, 'H', 2, 59, NULL, NULL, NULL, 0),
(3, 'Masculino', 1, 'H', 3, 57, NULL, NULL, NULL, 0),
(3, 'Masculino', 1, 'H', 3, 60, NULL, NULL, NULL, 0),
(3, 'Masculino', 1, 'H', 4, 57, NULL, NULL, NULL, 0),
(3, 'Masculino', 1, 'H', 4, 61, NULL, NULL, NULL, 0),
(3, 'Masculino', 1, 'H', 5, 57, NULL, NULL, NULL, 0),
(3, 'Masculino', 1, 'H', 5, 62, NULL, NULL, NULL, 0),
(3, 'Masculino', 1, 'H', 6, 57, NULL, NULL, NULL, 0),
(3, 'Masculino', 1, 'H', 6, 63, NULL, NULL, NULL, 0),
(3, 'Masculino', 1, 'H', 7, 57, NULL, NULL, NULL, 0),
(3, 'Masculino', 1, 'H', 7, 64, NULL, NULL, NULL, 0),
(3, 'Masculino', 1, 'H', 8, 58, NULL, NULL, NULL, 0),
(3, 'Masculino', 1, 'H', 8, 59, NULL, NULL, NULL, 0),
(3, 'Masculino', 1, 'H', 9, 58, NULL, NULL, NULL, 0),
(3, 'Masculino', 1, 'H', 9, 60, NULL, NULL, NULL, 0),
(3, 'Masculino', 1, 'H', 10, 58, NULL, NULL, NULL, 0),
(3, 'Masculino', 1, 'H', 10, 61, NULL, NULL, NULL, 0),
(3, 'Masculino', 1, 'H', 11, 58, NULL, NULL, NULL, 0),
(3, 'Masculino', 1, 'H', 11, 62, NULL, NULL, NULL, 0),
(3, 'Masculino', 1, 'H', 12, 58, NULL, NULL, NULL, 0),
(3, 'Masculino', 1, 'H', 12, 63, NULL, NULL, NULL, 0),
(3, 'Masculino', 1, 'H', 13, 58, NULL, NULL, NULL, 0),
(3, 'Masculino', 1, 'H', 13, 64, NULL, NULL, NULL, 0),
(3, 'Masculino', 1, 'H', 14, 59, NULL, NULL, NULL, 0),
(3, 'Masculino', 1, 'H', 14, 60, NULL, NULL, NULL, 0),
(3, 'Masculino', 1, 'H', 15, 59, NULL, NULL, NULL, 0),
(3, 'Masculino', 1, 'H', 15, 61, NULL, NULL, NULL, 0),
(3, 'Masculino', 1, 'H', 16, 59, NULL, NULL, NULL, 0),
(3, 'Masculino', 1, 'H', 16, 62, NULL, NULL, NULL, 0),
(3, 'Masculino', 1, 'H', 17, 59, NULL, NULL, NULL, 0),
(3, 'Masculino', 1, 'H', 17, 63, NULL, NULL, NULL, 0);
INSERT INTO `enfrentamiento` (`IdCampeonato`, `Tipo`, `Nivel`, `Letra`, `NumEnfrentamiento`, `NumPareja`, `ResultadoSet1`, `ResultadoSet2`, `ResultadoSet3`, `EstadoPropuesta`) VALUES
(3, 'Masculino', 1, 'H', 18, 59, NULL, NULL, NULL, 0),
(3, 'Masculino', 1, 'H', 18, 64, NULL, NULL, NULL, 0),
(3, 'Masculino', 1, 'H', 19, 60, NULL, NULL, NULL, 0),
(3, 'Masculino', 1, 'H', 19, 61, NULL, NULL, NULL, 0),
(3, 'Masculino', 1, 'H', 20, 60, NULL, NULL, NULL, 0),
(3, 'Masculino', 1, 'H', 20, 62, NULL, NULL, NULL, 0),
(3, 'Masculino', 1, 'H', 21, 60, NULL, NULL, NULL, 0),
(3, 'Masculino', 1, 'H', 21, 63, NULL, NULL, NULL, 0),
(3, 'Masculino', 1, 'H', 22, 60, NULL, NULL, NULL, 0),
(3, 'Masculino', 1, 'H', 22, 64, NULL, NULL, NULL, 0),
(3, 'Masculino', 1, 'H', 23, 61, NULL, NULL, NULL, 0),
(3, 'Masculino', 1, 'H', 23, 62, NULL, NULL, NULL, 0),
(3, 'Masculino', 1, 'H', 24, 61, NULL, NULL, NULL, 0),
(3, 'Masculino', 1, 'H', 24, 63, NULL, NULL, NULL, 0),
(3, 'Masculino', 1, 'H', 25, 61, NULL, NULL, NULL, 0),
(3, 'Masculino', 1, 'H', 25, 64, NULL, NULL, NULL, 0),
(3, 'Masculino', 1, 'H', 26, 62, NULL, NULL, NULL, 0),
(3, 'Masculino', 1, 'H', 26, 63, NULL, NULL, NULL, 0),
(3, 'Masculino', 1, 'H', 27, 62, NULL, NULL, NULL, 0),
(3, 'Masculino', 1, 'H', 27, 64, NULL, NULL, NULL, 0),
(3, 'Masculino', 1, 'H', 28, 63, NULL, NULL, NULL, 0),
(3, 'Masculino', 1, 'H', 28, 64, NULL, NULL, NULL, 0),
(3, 'Masculino', 1, 'H', 295, 57, NULL, NULL, NULL, 0),
(3, 'Masculino', 1, 'H', 295, 93, NULL, NULL, NULL, 0),
(3, 'Masculino', 1, 'H', 296, 58, NULL, NULL, NULL, 0),
(3, 'Masculino', 1, 'H', 296, 93, NULL, NULL, NULL, 0),
(3, 'Masculino', 1, 'H', 297, 59, NULL, NULL, NULL, 0),
(3, 'Masculino', 1, 'H', 297, 93, NULL, NULL, NULL, 0),
(3, 'Masculino', 1, 'H', 298, 60, NULL, NULL, NULL, 0),
(3, 'Masculino', 1, 'H', 298, 93, NULL, NULL, NULL, 0),
(3, 'Masculino', 1, 'H', 299, 61, NULL, NULL, NULL, 0),
(3, 'Masculino', 1, 'H', 299, 93, NULL, NULL, NULL, 0),
(3, 'Masculino', 1, 'H', 300, 62, NULL, NULL, NULL, 0),
(3, 'Masculino', 1, 'H', 300, 93, NULL, NULL, NULL, 0),
(3, 'Masculino', 1, 'H', 301, 63, NULL, NULL, NULL, 0),
(3, 'Masculino', 1, 'H', 301, 93, NULL, NULL, NULL, 0),
(3, 'Masculino', 1, 'H', 302, 64, NULL, NULL, NULL, 0),
(3, 'Masculino', 1, 'H', 302, 93, NULL, NULL, NULL, 0),
(3, 'Masculino', 1, 'H', 303, 57, NULL, NULL, NULL, 0),
(3, 'Masculino', 1, 'H', 303, 94, NULL, NULL, NULL, 0),
(3, 'Masculino', 1, 'H', 304, 58, NULL, NULL, NULL, 0),
(3, 'Masculino', 1, 'H', 304, 94, NULL, NULL, NULL, 0),
(3, 'Masculino', 1, 'H', 305, 59, NULL, NULL, NULL, 0),
(3, 'Masculino', 1, 'H', 305, 94, NULL, NULL, NULL, 0),
(3, 'Masculino', 1, 'H', 306, 60, NULL, NULL, NULL, 0),
(3, 'Masculino', 1, 'H', 306, 94, NULL, NULL, NULL, 0),
(3, 'Masculino', 1, 'H', 307, 61, NULL, NULL, NULL, 0),
(3, 'Masculino', 1, 'H', 307, 94, NULL, NULL, NULL, 0),
(3, 'Masculino', 1, 'H', 308, 62, NULL, NULL, NULL, 0),
(3, 'Masculino', 1, 'H', 308, 94, NULL, NULL, NULL, 0),
(3, 'Masculino', 1, 'H', 309, 63, NULL, NULL, NULL, 0),
(3, 'Masculino', 1, 'H', 309, 94, NULL, NULL, NULL, 0),
(3, 'Masculino', 1, 'H', 310, 64, NULL, NULL, NULL, 0),
(3, 'Masculino', 1, 'H', 310, 94, NULL, NULL, NULL, 0),
(3, 'Masculino', 1, 'H', 311, 93, NULL, NULL, NULL, 0),
(3, 'Masculino', 1, 'H', 311, 94, NULL, NULL, NULL, 0),
(3, 'Masculino', 1, 'H', 312, 57, NULL, NULL, NULL, 0),
(3, 'Masculino', 1, 'H', 312, 95, NULL, NULL, NULL, 0),
(3, 'Masculino', 1, 'H', 313, 58, NULL, NULL, NULL, 0),
(3, 'Masculino', 1, 'H', 313, 95, NULL, NULL, NULL, 0),
(3, 'Masculino', 1, 'H', 314, 59, NULL, NULL, NULL, 0),
(3, 'Masculino', 1, 'H', 314, 95, NULL, NULL, NULL, 0),
(3, 'Masculino', 1, 'H', 315, 60, NULL, NULL, NULL, 0),
(3, 'Masculino', 1, 'H', 315, 95, NULL, NULL, NULL, 0),
(3, 'Masculino', 1, 'H', 316, 61, NULL, NULL, NULL, 0),
(3, 'Masculino', 1, 'H', 316, 95, NULL, NULL, NULL, 0),
(3, 'Masculino', 1, 'H', 317, 62, NULL, NULL, NULL, 0),
(3, 'Masculino', 1, 'H', 317, 95, NULL, NULL, NULL, 0),
(3, 'Masculino', 1, 'H', 318, 63, NULL, NULL, NULL, 0),
(3, 'Masculino', 1, 'H', 318, 95, NULL, NULL, NULL, 0),
(3, 'Masculino', 1, 'H', 319, 64, NULL, NULL, NULL, 0),
(3, 'Masculino', 1, 'H', 319, 95, NULL, NULL, NULL, 0),
(3, 'Masculino', 1, 'H', 320, 93, NULL, NULL, NULL, 0),
(3, 'Masculino', 1, 'H', 320, 95, NULL, NULL, NULL, 0),
(3, 'Masculino', 1, 'H', 321, 94, NULL, NULL, NULL, 0),
(3, 'Masculino', 1, 'H', 321, 95, NULL, NULL, NULL, 0),
(3, 'Masculino', 1, 'H', 322, 57, NULL, NULL, NULL, 0),
(3, 'Masculino', 1, 'H', 322, 96, NULL, NULL, NULL, 0),
(3, 'Masculino', 1, 'H', 323, 58, NULL, NULL, NULL, 0),
(3, 'Masculino', 1, 'H', 323, 96, NULL, NULL, NULL, 0),
(3, 'Masculino', 1, 'H', 324, 59, NULL, NULL, NULL, 0),
(3, 'Masculino', 1, 'H', 324, 96, NULL, NULL, NULL, 0),
(3, 'Masculino', 1, 'H', 325, 60, NULL, NULL, NULL, 0),
(3, 'Masculino', 1, 'H', 325, 96, NULL, NULL, NULL, 0),
(3, 'Masculino', 1, 'H', 326, 61, NULL, NULL, NULL, 0),
(3, 'Masculino', 1, 'H', 326, 96, NULL, NULL, NULL, 0),
(3, 'Masculino', 1, 'H', 327, 62, NULL, NULL, NULL, 0),
(3, 'Masculino', 1, 'H', 327, 96, NULL, NULL, NULL, 0),
(3, 'Masculino', 1, 'H', 328, 63, NULL, NULL, NULL, 0),
(3, 'Masculino', 1, 'H', 328, 96, NULL, NULL, NULL, 0),
(3, 'Masculino', 1, 'H', 329, 64, NULL, NULL, NULL, 0),
(3, 'Masculino', 1, 'H', 329, 96, NULL, NULL, NULL, 0),
(3, 'Masculino', 1, 'H', 330, 93, NULL, NULL, NULL, 0),
(3, 'Masculino', 1, 'H', 330, 96, NULL, NULL, NULL, 0),
(3, 'Masculino', 1, 'H', 331, 94, NULL, NULL, NULL, 0),
(3, 'Masculino', 1, 'H', 331, 96, NULL, NULL, NULL, 0),
(3, 'Masculino', 1, 'H', 332, 95, NULL, NULL, NULL, 0),
(3, 'Masculino', 1, 'H', 332, 96, NULL, NULL, NULL, 0);



--
-- Volcado de datos para la tabla `reserva`
--

INSERT INTO `reserva` (`Usuario_Dni`, `Pista_idPista`, `Pista_Fecha`, `Pista_Hora`) VALUES

('52349896X', 1, '2018-11-23', '12:30'),
('50890587M', 1, '2018-11-23', '17:30'),

('52349896X', 1, '2018-11-23', '22:00'),
('50890587M', 1, '2018-11-23', '19:00'),
('37570953Q', 1, '2018-11-25', '20:30'),
('74663639G', 1, '2018-11-26', '17:30'),
('82156546V', 1, '2018-11-24', '16:00'),
('56024330X', 1, '2018-11-24', '12:30'),
('45469088C', 1, '2018-11-25', '16:00'),
('45469088C', 1, '2018-11-26', '17:30'),
('45469088C', 1, '2018-11-27', '19:00'),
('45469088C', 1, '2018-11-27', '20:30'),
('45469088C', 1, '2018-11-27', '22:00');

 
SET SQL_MODE=@OLD_SQL_MODE;
SET FOREIGN_KEY_CHECKS=@OLD_FOREIGN_KEY_CHECKS;
SET UNIQUE_CHECKS=@OLD_UNIQUE_CHECKS;
