-- MySQL Script generated by MySQL Workbench
-- Tue Oct 23 18:10:16 2018
-- Model: New Model    Version: 1.0
-- MySQL Workbench Forward Engineering

SET @OLD_UNIQUE_CHECKS=@@UNIQUE_CHECKS, UNIQUE_CHECKS=0;
SET @OLD_FOREIGN_KEY_CHECKS=@@FOREIGN_KEY_CHECKS, FOREIGN_KEY_CHECKS=0;
SET @OLD_SQL_MODE=@@SQL_MODE, SQL_MODE='ONLY_FULL_GROUP_BY,STRICT_TRANS_TABLES,NO_ZERO_IN_DATE,NO_ZERO_DATE,ERROR_FOR_DIVISION_BY_ZERO,NO_ENGINE_SUBSTITUTION';

-- -----------------------------------------------------
-- Schema AbpBase
-- -----------------------------------------------------
DROP SCHEMA IF EXISTS `AbpBase` ;

-- -----------------------------------------------------
-- Schema AbpBase
-- -----------------------------------------------------
CREATE SCHEMA IF NOT EXISTS `AbpBase` DEFAULT CHARACTER SET utf8 ;
USE `AbpBase` ;

-- -----------------------------------------------------
-- Table `AbpBase`.`Pista`
-- -----------------------------------------------------
DROP TABLE IF EXISTS `AbpBase`.`Pista` ;

CREATE TABLE IF NOT EXISTS `AbpBase`.`Pista` (
  `idPista` INT NOT NULL,
  `Fecha` DATE NOT NULL,
  `Hora` TIME NOT NULL,
  `Disponibilidad` TINYINT NOT NULL,
  PRIMARY KEY (`idPista`, `Fecha`, `Hora`))
ENGINE = InnoDB;


-- -----------------------------------------------------
-- Table `AbpBase`.`Usuario`
-- -----------------------------------------------------
DROP TABLE IF EXISTS `AbpBase`.`Usuario` ;

CREATE TABLE IF NOT EXISTS `AbpBase`.`Usuario` (
  `Dni` VARCHAR(12) NOT NULL,
  `Login` VARCHAR(25) NOT NULL,
  `Password` VARCHAR(128) NOT NULL,
  `Nombre` VARCHAR(30) NOT NULL,
  `Apellidos` VARCHAR(45) NOT NULL,
  `Sexo` VARCHAR(6) CHARACTER SET 'armscii8' NOT NULL,
  `Tipo` VARCHAR(12) NOT NULL,
  `Telefono` VARCHAR(14) NOT NULL,
  PRIMARY KEY (`Dni`),
  UNIQUE INDEX `Login_UNIQUE` (`Login` ASC) )
ENGINE = InnoDB;



-- -----------------------------------------------------
-- Table `AbpBase`.`Campeonato`
-- -----------------------------------------------------
DROP TABLE IF EXISTS `AbpBase`.`Campeonato` ;

CREATE TABLE IF NOT EXISTS `AbpBase`.`Campeonato` (
  `IdCampeonato` INT NOT NULL,
  `FechaIni` DATETIME NOT NULL,
  `FechaFin` DATETIME NOT NULL,
  PRIMARY KEY (`IdCampeonato`))
ENGINE = InnoDB;


-- -----------------------------------------------------
-- Table `AbpBase`.`Categoría`
-- -----------------------------------------------------
DROP TABLE IF EXISTS `AbpBase`.`Categoria` ;

CREATE TABLE IF NOT EXISTS `AbpBase`.`Categoria` (
  `IdCampeonato` INT NOT NULL,
  `Tipo` VARCHAR(9) NOT NULL,
  `Nivel` INT NOT NULL,
  PRIMARY KEY (`IdCampeonato`, `Tipo`, `Nivel`),
  CONSTRAINT `fk_cat_campeonato`
    FOREIGN KEY (`IdCampeonato`)
    REFERENCES `AbpBase`.`Campeonato` (`IdCampeonato`)
    ON DELETE NO ACTION
    ON UPDATE NO ACTION)
ENGINE = InnoDB;


-- -----------------------------------------------------
-- Table `AbpBase`.`Pareja`
-- -----------------------------------------------------
DROP TABLE IF EXISTS `AbpBase`.`Pareja` ;

CREATE TABLE IF NOT EXISTS `AbpBase`.`Pareja` (
  `idCampeonato` INT NOT NULL,
  `Tipo` VARCHAR(9) NOT NULL,
  `Nivel` INT NOT NULL,
  `NumPareja` INT NOT NULL,
  `Capitan` VARCHAR(12) NOT NULL,
  PRIMARY KEY (`idCampeonato`, `Tipo`, `Nivel`, `NumPareja`),
  CONSTRAINT `fk_par_cat`
    FOREIGN KEY (`idCampeonato` , `Tipo` , `Nivel`)
    REFERENCES `AbpBase`.`Categoria` (`IdCampeonato` , `Tipo` , `Nivel`)
    ON DELETE NO ACTION
    ON UPDATE NO ACTION)
ENGINE = InnoDB;


-- -----------------------------------------------------
-- Table `AbpBase`.`Grupo`
-- -----------------------------------------------------
DROP TABLE IF EXISTS `AbpBase`.`Grupo` ;

CREATE TABLE IF NOT EXISTS `AbpBase`.`Grupo` (
  `IdCampeonato` INT NOT NULL,
  `Tipo` VARCHAR(9) NOT NULL,
  `Nivel` INT NOT NULL,
  `Letra` CHAR NOT NULL,
  PRIMARY KEY (`IdCampeonato`, `Tipo`, `Nivel`, `Letra`),
  CONSTRAINT `fk_cat_grupo`
    FOREIGN KEY (`IdCampeonato` , `Tipo` , `Nivel`)
    REFERENCES `AbpBase`.`Categoria` (`IdCampeonato` , `Tipo` , `Nivel`)
    ON DELETE NO ACTION
    ON UPDATE NO ACTION)
ENGINE = InnoDB;


-- -----------------------------------------------------
-- Table `AbpBase`.`Partido`
-- -----------------------------------------------------
DROP TABLE IF EXISTS `AbpBase`.`Partido` ;

CREATE TABLE IF NOT EXISTS `AbpBase`.`Partido` (
  `IdCampeonato` INT NOT NULL,
  `Tipo` VARCHAR(8) NOT NULL,
  `Nivel` INT NOT NULL,
  `Grupo_Letra` CHAR NOT NULL,
  `NumEnfrentamiento` INT NOT NULL,
  `Fecha` DATE NOT NULL,
  `Hora` TIME NULL,
  PRIMARY KEY (`IdCampeonato`, `Tipo`, `Nivel`, `Grupo_Letra`, `NumEnfrentamiento`),
  CONSTRAINT `fk_partido_grupo`
    FOREIGN KEY (`IdCampeonato` , `Tipo` , `Nivel` , `Grupo_Letra`)
    REFERENCES `AbpBase`.`Grupo` (`IdCampeonato` , `Tipo` , `Nivel` , `Letra`)
    ON DELETE NO ACTION
    ON UPDATE NO ACTION)
ENGINE = InnoDB;


-- -----------------------------------------------------
-- Table `AbpBase`.`Promociones`
-- -----------------------------------------------------
DROP TABLE IF EXISTS `AbpBase`.`Promociones` ;

CREATE TABLE IF NOT EXISTS `AbpBase`.`Promociones` (
  `Fecha` DATE NOT NULL,
  `Hora` TIME NOT NULL,
  PRIMARY KEY (`Fecha`, `Hora`))
ENGINE = InnoDB;


-- -----------------------------------------------------
-- Table `AbpBase`.`IncripcionPromociones`
-- -----------------------------------------------------
DROP TABLE IF EXISTS `AbpBase`.`IncripcionPromociones` ;

CREATE TABLE IF NOT EXISTS `AbpBase`.`IncripcionPromociones` (
  `Usuario_Dni` VARCHAR(12) NOT NULL,
  `Promociones_Fecha` DATE NOT NULL,
  `Promociones_Hora` TIME NOT NULL,
  PRIMARY KEY (`Usuario_Dni`, `Promociones_Fecha`, `Promociones_Hora`),
  INDEX `fk_Usuario_has_Promociones_Promociones1_idx` (`Promociones_Fecha` ASC, `Promociones_Hora` ASC) ,
  INDEX `fk_Usuario_has_Promociones_Usuario1_idx` (`Usuario_Dni` ASC) ,
  CONSTRAINT `fk_Usuario_has_Promociones_Usuario1`
    FOREIGN KEY (`Usuario_Dni`)
    REFERENCES `AbpBase`.`Usuario` (`Dni`)
    ON DELETE NO ACTION
    ON UPDATE NO ACTION,
  CONSTRAINT `fk_Usuario_has_Promociones_Promociones1`
    FOREIGN KEY (`Promociones_Fecha` , `Promociones_Hora`)
    REFERENCES `AbpBase`.`Promociones` (`Fecha` , `Hora`)
    ON DELETE NO ACTION
    ON UPDATE NO ACTION)
ENGINE = InnoDB;


-- -----------------------------------------------------
-- Table `AbpBase`.`UsuarioParejas`
-- -----------------------------------------------------
DROP TABLE IF EXISTS `AbpBase`.`UsuarioParejas` ;

CREATE TABLE IF NOT EXISTS `AbpBase`.`UsuarioParejas` (
  `Usuario_Dni` VARCHAR(12) NOT NULL,
  `Pareja_idCampeonato` INT NOT NULL,
  `Pareja_Tipo` VARCHAR(9) NOT NULL,
  `Pareja_Nivel` INT NOT NULL,
  `Pareja_NumPareja` INT NOT NULL,
  PRIMARY KEY (`Usuario_Dni`, `Pareja_idCampeonato`, `Pareja_Tipo`, `Pareja_Nivel`, `Pareja_NumPareja`),
  INDEX `fk_Usuario_has_Pareja_Pareja1_idx` (`Pareja_idCampeonato` ASC, `Pareja_Tipo` ASC, `Pareja_Nivel` ASC, `Pareja_NumPareja` ASC) ,
  INDEX `fk_Usuario_has_Pareja_Usuario1_idx` (`Usuario_Dni` ASC) ,
  CONSTRAINT `fk_Usuario_has_Pareja_Usuario1`
    FOREIGN KEY (`Usuario_Dni`)
    REFERENCES `AbpBase`.`Usuario` (`Dni`)
    ON DELETE NO ACTION
    ON UPDATE NO ACTION,
  CONSTRAINT `fk_Usuario_has_Pareja_Pareja1`
    FOREIGN KEY (`Pareja_idCampeonato` , `Pareja_Tipo` , `Pareja_Nivel` , `Pareja_NumPareja`)
    REFERENCES `AbpBase`.`Pareja` (`idCampeonato` , `Tipo` , `Nivel` , `NumPareja`)
    ON DELETE NO ACTION
    ON UPDATE NO ACTION)
ENGINE = InnoDB;


-- -----------------------------------------------------
-- Table `AbpBase`.`Enfrentamiento`
-- -----------------------------------------------------
DROP TABLE IF EXISTS `AbpBase`.`Enfrentamiento` ;

CREATE TABLE IF NOT EXISTS `AbpBase`.`Enfrentamiento` (
  `IdCampeonato` INT NOT NULL,
  `Tipo` VARCHAR(9) NOT NULL,
  `Nivel` INT NOT NULL,
  `Letra` CHAR NOT NULL,
  `NumEnfrentamiento` INT NOT NULL,
  `NumPareja` INT NOT NULL,
  `Resultado` VARCHAR(25) NULL,
  PRIMARY KEY (`IdCampeonato`, `Tipo`, `Nivel`, `Letra`, `NumEnfrentamiento`, `NumPareja`),
  INDEX `fk_Pareja_has_Partido_Pareja1_idx` (`IdCampeonato` ASC, `Tipo` ASC, `Nivel` ASC, `NumPareja` ASC) ,
  CONSTRAINT `fk_Pareja_has_Partido_Pareja1`
    FOREIGN KEY (`IdCampeonato` , `Tipo` , `Nivel` , `NumPareja`)
    REFERENCES `AbpBase`.`Pareja` (`idCampeonato` , `Tipo` , `Nivel` , `NumPareja`)
    ON DELETE NO ACTION
    ON UPDATE NO ACTION,
  CONSTRAINT `fk_Pareja_has_Partido_Partido1`
    FOREIGN KEY (`IdCampeonato` , `Tipo` , `Nivel` , `Letra` , `NumEnfrentamiento`)
    REFERENCES `AbpBase`.`Partido` (`IdCampeonato` , `Tipo` , `Nivel` , `Grupo_Letra` , `NumEnfrentamiento`)
    ON DELETE NO ACTION
    ON UPDATE NO ACTION)
ENGINE = InnoDB;


-- -----------------------------------------------------
-- Table `AbpBase`.`Reserva`
-- -----------------------------------------------------
DROP TABLE IF EXISTS `AbpBase`.`Reserva` ;

CREATE TABLE IF NOT EXISTS `AbpBase`.`Reserva` (
  `Usuario_Dni` VARCHAR(12) NOT NULL,
  `Pista_idPista` INT NOT NULL,
  `Pista_Fecha` DATE NOT NULL,
  `Pista_Hora` TIME NOT NULL,
  PRIMARY KEY (`Usuario_Dni`, `Pista_idPista`, `Pista_Fecha`, `Pista_Hora`),
  INDEX `fk_Usuario_has_Pista_Pista1_idx` (`Pista_idPista` ASC, `Pista_Fecha` ASC, `Pista_Hora` ASC) ,
  INDEX `fk_Usuario_has_Pista_Usuario1_idx` (`Usuario_Dni` ASC) ,
  CONSTRAINT `fk_Usuario_has_Pista_Usuario1`
    FOREIGN KEY (`Usuario_Dni`)
    REFERENCES `AbpBase`.`Usuario` (`Dni`)
    ON DELETE NO ACTION
    ON UPDATE NO ACTION,
  CONSTRAINT `fk_Usuario_has_Pista_Pista1`
    FOREIGN KEY (`Pista_idPista` , `Pista_Fecha` , `Pista_Hora`)
    REFERENCES `AbpBase`.`Pista` (`idPista` , `Fecha` , `Hora`)
    ON DELETE NO ACTION
    ON UPDATE NO ACTION)
ENGINE = InnoDB;

USE `AbpBase` ;

-- -----------------------------------------------------
-- Placeholder table for view `AbpBase`.`Clasificacion`
-- -----------------------------------------------------
CREATE TABLE IF NOT EXISTS `AbpBase`.`Clasificacion` (`IdCampeonato` INT, `Tipo` INT, `Nivel` INT, `Letra` INT, `Login` INT);

-- -----------------------------------------------------
-- View `AbpBase`.`Clasificacion`
-- -----------------------------------------------------
DROP TABLE IF EXISTS `AbpBase`.`Clasificacion`;
DROP VIEW IF EXISTS `AbpBase`.`Clasificacion` ;
USE `AbpBase`;
CREATE OR REPLACE VIEW `Clasificacion` AS select E.IdCampeonato,E.Tipo,E.Nivel,E.Letra,E.NumEnfrentamiento,E.NumPareja,U.Login 
from Enfrentamiento E, UsuarioParejas UP, Usuario U 
where UP.Pareja_idCampeonato = E.IdCampeonato AND UP.Pareja_Tipo=E.Tipo AND UP.Pareja_Nivel=E.Nivel AND UP.Pareja_NumPareja=E.NumPareja AND U.Dni=UP.Usuario_Dni;



--
-- Volcado de datos para la tabla `categoria`
--
INSERT INTO `categoria` (`IdCampeonato`, `Tipo`, `Nivel`) VALUES
(1, 'Femenino', 1),
(1, 'Masculino', 1),
(1, 'Mixto', 1),
(2, 'Femenino', 1),
(2, 'Femenino', 2),
(2, 'Masculino', 1);


--
-- Volcado de datos para la tabla `grupo`
--

INSERT INTO `grupo` (`IdCampeonato`, `Tipo`, `Nivel`, `Letra`) VALUES
(1, 'Femenino', 1, 'A'),
(1, 'Masculino', 1, 'A'),
(1, 'Mixto', 1, 'A'),
(2, 'Femenino', 2, 'A'),
(2, 'Masculino', 1, 'A');

--
-- Volcado de datos para la tabla `pareja`
--

INSERT INTO `pareja` (`idCampeonato`, `Tipo`, `Nivel`, `NumPareja`, `Capitan`) VALUES
(1, 'Femenino', 1, 1, 'laila'),
(1, 'Femenino', 1, 2, 'leile'),
(1, 'Masculino', 1, 1, 'jaglez'),
(1, 'Masculino', 1, 2, 'mfdiaz');

--
-- Volcado de datos para la tabla `partido`
--

INSERT INTO `partido` (`IdCampeonato`, `Tipo`, `Nivel`, `Grupo_Letra`, `NumEnfrentamiento`, `Fecha`, `Hora`) VALUES 
('1', 'Femenino', '1', 'A', '1', '2018-10-24', NULL),
 ('1', 'Femenino', '1', 'A', '2', '2018-10-24', NULL), 
 ('1', 'Mixto', '1', 'A', '1', '2018-10-24', NULL), 
 ('1', 'Mixto', '1', 'A', '2', '2018-10-24', NULL);
--
-- Volcado de datos para la tabla `usuario`
--

INSERT INTO `usuario` (`Dni`, `Login`, `Password`, `Nombre`, `Apellidos`, `Sexo`, `Tipo`, `Telefono`) VALUES
('12345678A', 'leile', '06d1641fd3eb1d0589a6e6c83', 'leile', 'le lei', 'Mujer', 'user', '114658797'),
('12345678B', 'luilu', 'cccfea6bb17ed97626af780bd', 'luilu', 'lu lui', 'Mujer', 'user', '452168792'),
('12345678P', 'laila', 'f30618ed64655812746272636', 'laila', 'la lai', 'Mujer', 'user', '123456789'),
('13447465Q', 'jaglez', '47747a3f07debbd856020e280', 'Jacobo', 'Gonzalez Gonzalez', 'Hombre', 'trainer', '765890434'),
('34321546F', 'davurin', '9de928ec1ef8601960385d3ef', 'David', 'Prieto Lopez', 'Hombre', 'user', '443534545'),
('45144479X', 'avcid3', 'c5975a14c491c06bdea25d3a4', 'Alejandro', 'Vila Cid', 'Hombre', 'admin', '647864184'),
('67676121D', 'analia', '72da240e19db5b286c1f725b9', 'Analia', 'Lourenzo X', 'Mujer', 'user', '666333666'),
('97871245Y', 'mfdiaz', '54cd358904ef041d1e89b6c73', 'Miguel', 'Ferreiro Diaz', 'Hombre', 'admin', '687654987');

--
-- Volcado de datos para la tabla `usuarioparejas`
--

INSERT INTO `usuarioparejas` (`Usuario_Dni`, `Pareja_idCampeonato`, `Pareja_Tipo`, `Pareja_Nivel`, `Pareja_NumPareja`) VALUES
('12345678A', 1, 'Femenino', 1, 2),
('12345678B', 1, 'Femenino', 1, 2),
('12345678P', 1, 'Femenino', 1, 1),
('13447465Q', 1, 'Masculino', 1, 1),
('34321546F', 1, 'Masculino', 1, 1),
('45144479X', 1, 'Masculino', 1, 2),
('67676121D', 1, 'Femenino', 1, 1),
('97871245Y', 1, 'Masculino', 1, 2);

--
-- Volcado de datos para la tabla `campeonato`
--

INSERT INTO `campeonato` (`IdCampeonato`, `FechaIni`, `FechaFin`) VALUES
(1, '2018-10-23 09:00:00', '2018-10-31 23:00:00'),
(2, '2018-10-25 10:00:00', '2018-10-27 23:00:00');

--
-- Volcado de datos para la tabla `incripcionpromociones`
--

INSERT INTO `incripcionpromociones` (`Usuario_Dni`, `Promociones_Fecha`, `Promociones_Hora`) VALUES
('13447465Q', '2018-10-23', '16:00:00'),
('97871245Y', '2018-10-23', '12:30:00');

--
-- Volcado de datos para la tabla `pista`
--

INSERT INTO `pista` (`idPista`, `Fecha`, `Hora`, `Disponibilidad`) VALUES
(1, '2018-10-23', '11:00:00', 1),
(1, '2018-10-23', '12:30:00', 1),
(1, '2018-10-23', '16:00:00', 1),
(1, '2018-10-23', '17:30:00', 1),
(1, '2018-10-23', '19:00:00', 1),
(1, '2018-10-23', '20:30:00', 1),
(1, '2018-10-23', '22:00:00', 1),
(1, '2018-10-24', '11:00:00', 1),
(1, '2018-10-24', '12:30:00', 1),
(1, '2018-10-24', '16:00:00', 1),
(1, '2018-10-24', '17:30:00', 1),
(1, '2018-10-24', '19:00:00', 1),
(1, '2018-10-24', '20:30:00', 1),
(1, '2018-10-24', '22:00:00', 1),
(1, '2018-10-25', '11:00:00', 1),
(1, '2018-10-25', '12:30:00', 1),
(1, '2018-10-25', '16:00:00', 1),
(1, '2018-10-25', '17:30:00', 1),
(1, '2018-10-25', '19:00:00', 1),
(1, '2018-10-25', '20:30:00', 1),
(1, '2018-10-25', '22:00:00', 1),
(1, '2018-10-26', '11:00:00', 1),
(1, '2018-10-26', '12:30:00', 1),
(1, '2018-10-26', '16:00:00', 1),
(1, '2018-10-26', '17:30:00', 1),
(1, '2018-10-26', '19:00:00', 1),
(1, '2018-10-26', '20:30:00', 1),
(1, '2018-10-26', '22:00:00', 1),
(1, '2018-10-27', '11:00:00', 1),
(1, '2018-10-27', '12:30:00', 1),
(1, '2018-10-27', '16:00:00', 1),
(1, '2018-10-27', '17:30:00', 1),
(1, '2018-10-27', '19:00:00', 1),
(1, '2018-10-27', '20:30:00', 1),
(1, '2018-10-27', '22:00:00', 1),
(1, '2018-10-28', '11:00:00', 1),
(1, '2018-10-28', '12:30:00', 1),
(1, '2018-10-28', '16:00:00', 1),
(1, '2018-10-28', '17:30:00', 1),
(1, '2018-10-28', '19:00:00', 1),
(1, '2018-10-28', '20:30:00', 1),
(1, '2018-10-28', '22:00:00', 1),
(1, '2018-10-29', '11:00:00', 1),
(1, '2018-10-29', '12:30:00', 1),
(1, '2018-10-29', '16:00:00', 1),
(1, '2018-10-29', '17:30:00', 1),
(1, '2018-10-29', '19:00:00', 1),
(1, '2018-10-29', '20:30:00', 1),
(1, '2018-10-29', '22:00:00', 1),
(2, '2018-10-23', '11:00:00', 1),
(2, '2018-10-23', '12:30:00', 1),
(2, '2018-10-23', '16:00:00', 1),
(2, '2018-10-23', '17:30:00', 1),
(2, '2018-10-23', '19:00:00', 1),
(2, '2018-10-23', '20:30:00', 1),
(2, '2018-10-23', '22:00:00', 1),
(2, '2018-10-24', '11:00:00', 1),
(2, '2018-10-24', '12:30:00', 1),
(2, '2018-10-24', '16:00:00', 1),
(2, '2018-10-24', '17:30:00', 1),
(2, '2018-10-24', '19:00:00', 1),
(2, '2018-10-24', '20:30:00', 1),
(2, '2018-10-24', '22:00:00', 1),
(2, '2018-10-25', '11:00:00', 1),
(2, '2018-10-25', '12:30:00', 1),
(2, '2018-10-25', '16:00:00', 1),
(2, '2018-10-25', '17:30:00', 1),
(2, '2018-10-25', '19:00:00', 1),
(2, '2018-10-25', '20:30:00', 1),
(2, '2018-10-25', '22:00:00', 1),
(2, '2018-10-26', '11:00:00', 1),
(2, '2018-10-26', '12:30:00', 1),
(2, '2018-10-26', '16:00:00', 1),
(2, '2018-10-26', '17:30:00', 1),
(2, '2018-10-26', '19:00:00', 1),
(2, '2018-10-26', '20:30:00', 1),
(2, '2018-10-26', '22:00:00', 1),
(2, '2018-10-27', '11:00:00', 1),
(2, '2018-10-27', '12:30:00', 1),
(2, '2018-10-27', '16:00:00', 1),
(2, '2018-10-27', '17:30:00', 1),
(2, '2018-10-27', '19:00:00', 1),
(2, '2018-10-27', '20:30:00', 1),
(2, '2018-10-27', '22:00:00', 1),
(2, '2018-10-28', '11:00:00', 1),
(2, '2018-10-28', '12:30:00', 1),
(2, '2018-10-28', '16:00:00', 1),
(2, '2018-10-28', '17:30:00', 1),
(2, '2018-10-28', '19:00:00', 1),
(2, '2018-10-28', '20:30:00', 1),
(2, '2018-10-28', '22:00:00', 1),
(2, '2018-10-29', '11:00:00', 1),
(2, '2018-10-29', '12:30:00', 1),
(2, '2018-10-29', '16:00:00', 1),
(2, '2018-10-29', '17:30:00', 1),
(2, '2018-10-29', '19:00:00', 1),
(2, '2018-10-29', '20:30:00', 1),
(2, '2018-10-29', '22:00:00', 1),
(3, '2018-10-23', '11:00:00', 1),
(3, '2018-10-23', '12:30:00', 1),
(3, '2018-10-23', '16:00:00', 1),
(3, '2018-10-23', '17:30:00', 1),
(3, '2018-10-23', '19:00:00', 1),
(3, '2018-10-23', '20:30:00', 1),
(3, '2018-10-23', '22:00:00', 1),
(3, '2018-10-24', '11:00:00', 1),
(3, '2018-10-24', '12:30:00', 1),
(3, '2018-10-24', '16:00:00', 1),
(3, '2018-10-24', '17:30:00', 1),
(3, '2018-10-24', '19:00:00', 1),
(3, '2018-10-24', '20:30:00', 1),
(3, '2018-10-24', '22:00:00', 1),
(3, '2018-10-25', '11:00:00', 1),
(3, '2018-10-25', '12:30:00', 1),
(3, '2018-10-25', '16:00:00', 1),
(3, '2018-10-25', '17:30:00', 1),
(3, '2018-10-25', '19:00:00', 1),
(3, '2018-10-25', '20:30:00', 1),
(3, '2018-10-25', '22:00:00', 1),
(3, '2018-10-26', '11:00:00', 1),
(3, '2018-10-26', '12:30:00', 1),
(3, '2018-10-26', '16:00:00', 1),
(3, '2018-10-26', '17:30:00', 1),
(3, '2018-10-26', '19:00:00', 1),
(3, '2018-10-26', '20:30:00', 1),
(3, '2018-10-26', '22:00:00', 1),
(3, '2018-10-27', '11:00:00', 1),
(3, '2018-10-27', '12:30:00', 1),
(3, '2018-10-27', '16:00:00', 1),
(3, '2018-10-27', '17:30:00', 1),
(3, '2018-10-27', '19:00:00', 1),
(3, '2018-10-27', '20:30:00', 1),
(3, '2018-10-27', '22:00:00', 1),
(3, '2018-10-28', '11:00:00', 1),
(3, '2018-10-28', '12:30:00', 1),
(3, '2018-10-28', '16:00:00', 1),
(3, '2018-10-28', '17:30:00', 1),
(3, '2018-10-28', '19:00:00', 1),
(3, '2018-10-28', '20:30:00', 1),
(3, '2018-10-28', '22:00:00', 1),
(3, '2018-10-29', '11:00:00', 1),
(3, '2018-10-29', '12:30:00', 1),
(3, '2018-10-29', '16:00:00', 1),
(3, '2018-10-29', '17:30:00', 1),
(3, '2018-10-29', '19:00:00', 1),
(3, '2018-10-29', '20:30:00', 1),
(3, '2018-10-29', '22:00:00', 1),
(4, '2018-10-23', '11:00:00', 1),
(4, '2018-10-23', '12:30:00', 1),
(4, '2018-10-23', '16:00:00', 1),
(4, '2018-10-23', '17:30:00', 1),
(4, '2018-10-23', '19:00:00', 1),
(4, '2018-10-23', '20:30:00', 1),
(4, '2018-10-23', '22:00:00', 1),
(4, '2018-10-24', '11:00:00', 1),
(4, '2018-10-24', '12:30:00', 1),
(4, '2018-10-24', '16:00:00', 1),
(4, '2018-10-24', '17:30:00', 1),
(4, '2018-10-24', '19:00:00', 1),
(4, '2018-10-24', '20:30:00', 1),
(4, '2018-10-24', '22:00:00', 1),
(4, '2018-10-25', '11:00:00', 1),
(4, '2018-10-25', '12:30:00', 1),
(4, '2018-10-25', '16:00:00', 1),
(4, '2018-10-25', '17:30:00', 1),
(4, '2018-10-25', '19:00:00', 1),
(4, '2018-10-25', '20:30:00', 1),
(4, '2018-10-25', '22:00:00', 1),
(4, '2018-10-26', '11:00:00', 1),
(4, '2018-10-26', '12:30:00', 1),
(4, '2018-10-26', '16:00:00', 1),
(4, '2018-10-26', '17:30:00', 1),
(4, '2018-10-26', '19:00:00', 1),
(4, '2018-10-26', '20:30:00', 1),
(4, '2018-10-26', '22:00:00', 1),
(4, '2018-10-27', '11:00:00', 1),
(4, '2018-10-27', '12:30:00', 1),
(4, '2018-10-27', '16:00:00', 1),
(4, '2018-10-27', '17:30:00', 1),
(4, '2018-10-27', '19:00:00', 1),
(4, '2018-10-27', '20:30:00', 1),
(4, '2018-10-27', '22:00:00', 1),
(4, '2018-10-28', '11:00:00', 1),
(4, '2018-10-28', '12:30:00', 1),
(4, '2018-10-28', '16:00:00', 1),
(4, '2018-10-28', '17:30:00', 1),
(4, '2018-10-28', '19:00:00', 1),
(4, '2018-10-28', '20:30:00', 1),
(4, '2018-10-28', '22:00:00', 1),
(4, '2018-10-29', '11:00:00', 1),
(4, '2018-10-29', '12:30:00', 1),
(4, '2018-10-29', '16:00:00', 1),
(4, '2018-10-29', '17:30:00', 1),
(4, '2018-10-29', '19:00:00', 1),
(4, '2018-10-29', '20:30:00', 1),
(4, '2018-10-29', '22:00:00', 1);

--
-- Volcado de datos para la tabla `promociones`
--

INSERT INTO `promociones` (`Fecha`, `Hora`) VALUES
('2018-10-23', '12:30:00'),
('2018-10-23', '16:00:00');

--
-- Volcado de datos para la tabla `reserva`
--

INSERT INTO `reserva` (`Usuario_Dni`, `Pista_idPista`, `Pista_Fecha`, `Pista_Hora`) VALUES
('45144479X', 1, '2018-10-23', '11:00:00'),
('97871245Y', 1, '2018-10-23', '17:30:00');

INSERT INTO `enfrentamiento` (`IdCampeonato`, `Tipo`, `Nivel`, `Letra`, `NumEnfrentamiento`, `NumPareja`, `Resultado`) VALUES 
('1', 'Femenino', '1', 'A', '1', '1', NULL),
 ('1', 'Femenino', '1', 'A', '1', '2', NULL),
 ('1', 'Femenino', '1', 'A', '2', '1', NULL),
 ('1', 'Femenino', '1', 'A', '2', '2', NULL);
 
 
SET SQL_MODE=@OLD_SQL_MODE;
SET FOREIGN_KEY_CHECKS=@OLD_FOREIGN_KEY_CHECKS;
SET UNIQUE_CHECKS=@OLD_UNIQUE_CHECKS;
