-- MySQL Script generated by MySQL Workbench
-- Tue Oct 23 18:10:16 2018
-- Model: New Model    Version: 1.0
-- MySQL Workbench Forward Engineering

SET @OLD_UNIQUE_CHECKS=@@UNIQUE_CHECKS, UNIQUE_CHECKS=0;
SET @OLD_FOREIGN_KEY_CHECKS=@@FOREIGN_KEY_CHECKS, FOREIGN_KEY_CHECKS=0;
SET @OLD_SQL_MODE=@@SQL_MODE, SQL_MODE='ONLY_FULL_GROUP_BY,STRICT_TRANS_TABLES,NO_ZERO_IN_DATE,NO_ZERO_DATE,ERROR_FOR_DIVISION_BY_ZERO,NO_ENGINE_SUBSTITUTION';

-- -----------------------------------------------------
-- Schema AbpBase
-- -----------------------------------------------------
DROP SCHEMA IF EXISTS `AbpBase` ;

-- -----------------------------------------------------
-- Schema AbpBase
-- -----------------------------------------------------
CREATE SCHEMA IF NOT EXISTS `AbpBase` DEFAULT CHARACTER SET utf8 ;
USE `AbpBase` ;

GRANT USAGE ON * . * TO `user`@`localhost`;
	DROP USER `user`@`localhost`;


CREATE USER IF NOT EXISTS `user`@`localhost` IDENTIFIED BY 'pass';
GRANT USAGE ON *.* TO `user`@`localhost` REQUIRE NONE WITH MAX_QUERIES_PER_HOUR 0 MAX_CONNECTIONS_PER_HOUR 0 MAX_UPDATES_PER_HOUR 0 MAX_USER_CONNECTIONS 0;
GRANT ALL PRIVILEGES ON `abpbase`.* TO `user`@`localhost` WITH GRANT OPTION;

-- -----------------------------------------------------
-- Table `AbpBase`.`Pista`
-- -----------------------------------------------------
DROP TABLE IF EXISTS `AbpBase`.`Pista` ;

CREATE TABLE IF NOT EXISTS `AbpBase`.`Pista` (
  `idPista` INT NOT NULL,
  `Fecha` DATE NOT NULL,
  `Hora` TIME NOT NULL,
  `Disponibilidad` TINYINT NOT NULL,
  PRIMARY KEY (`idPista`, `Fecha`, `Hora`))
ENGINE = InnoDB;


-- -----------------------------------------------------
-- Table `AbpBase`.`Usuario`
-- -----------------------------------------------------
DROP TABLE IF EXISTS `AbpBase`.`Usuario` ;

CREATE TABLE IF NOT EXISTS `AbpBase`.`Usuario` (
  `Dni` VARCHAR(12) NOT NULL,
  `Login` VARCHAR(25) NOT NULL,
  `Password` VARCHAR(128) NOT NULL,
  `Nombre` VARCHAR(30) NOT NULL,
  `Apellidos` VARCHAR(45) NOT NULL,
  `Sexo` VARCHAR(6) CHARACTER SET 'armscii8' NOT NULL,
  `Tipo` VARCHAR(12) NOT NULL,
  `Telefono` VARCHAR(14) NOT NULL,
  PRIMARY KEY (`Dni`),
  UNIQUE INDEX `Login_UNIQUE` (`Login` ASC) )
ENGINE = InnoDB;



-- -----------------------------------------------------
-- Table `AbpBase`.`Campeonato`
-- -----------------------------------------------------
DROP TABLE IF EXISTS `AbpBase`.`Campeonato` ;

CREATE TABLE IF NOT EXISTS `AbpBase`.`Campeonato` (
  `IdCampeonato` INT NOT NULL,
  `FechaIni` DATE NOT NULL,
  `HoraIni` TIME NOT NULL,
  `FechaFin` DATE NOT NULL,
  `HoraFin` TIME NOT NULL,
  PRIMARY KEY (`IdCampeonato`))
ENGINE = InnoDB;


-- -----------------------------------------------------
-- Table `AbpBase`.`Categoría`
-- -----------------------------------------------------
DROP TABLE IF EXISTS `AbpBase`.`Categoria` ;

CREATE TABLE IF NOT EXISTS `AbpBase`.`Categoria` (
  `IdCampeonato` INT NOT NULL,
  `Tipo` VARCHAR(10) NOT NULL,
  `Nivel` INT NOT NULL,
  PRIMARY KEY (`IdCampeonato`, `Tipo`, `Nivel`),
  CONSTRAINT `fk_cat_campeonato`
    FOREIGN KEY (`IdCampeonato`)
    REFERENCES `AbpBase`.`Campeonato` (`IdCampeonato`)
    ON DELETE NO ACTION
    ON UPDATE NO ACTION)
ENGINE = InnoDB;


-- -----------------------------------------------------
-- Table `AbpBase`.`Pareja`
-- -----------------------------------------------------
DROP TABLE IF EXISTS `AbpBase`.`Pareja` ;

CREATE TABLE IF NOT EXISTS `AbpBase`.`Pareja` (
  `idCampeonato` INT NOT NULL,
  `Tipo` VARCHAR(10) NOT NULL,
  `Nivel` INT NOT NULL,
  `NumPareja` INT NOT NULL,
  `Capitan` VARCHAR(12) NOT NULL,
  PRIMARY KEY (`idCampeonato`, `Tipo`, `Nivel`, `NumPareja`),
  CONSTRAINT `fk_par_cat`
    FOREIGN KEY (`idCampeonato` , `Tipo` , `Nivel`)
    REFERENCES `AbpBase`.`Categoria` (`IdCampeonato` , `Tipo` , `Nivel`)
    ON DELETE NO ACTION
    ON UPDATE NO ACTION)
ENGINE = InnoDB;


-- -----------------------------------------------------
-- Table `AbpBase`.`Grupo`
-- -----------------------------------------------------
DROP TABLE IF EXISTS `AbpBase`.`Grupo` ;

CREATE TABLE IF NOT EXISTS `AbpBase`.`Grupo` (
  `IdCampeonato` INT NOT NULL,
  `Tipo` VARCHAR(10) NOT NULL,
  `Nivel` INT NOT NULL,
  `Letra` CHAR NOT NULL,
  PRIMARY KEY (`IdCampeonato`, `Tipo`, `Nivel`, `Letra`),
  CONSTRAINT `fk_cat_grupo`
    FOREIGN KEY (`IdCampeonato` , `Tipo` , `Nivel`)
    REFERENCES `AbpBase`.`Categoria` (`IdCampeonato` , `Tipo` , `Nivel`)
    ON DELETE NO ACTION
    ON UPDATE NO ACTION)
ENGINE = InnoDB;


-- -----------------------------------------------------
-- Table `AbpBase`.`Partido`
-- -----------------------------------------------------
DROP TABLE IF EXISTS `AbpBase`.`Partido` ;

CREATE TABLE IF NOT EXISTS `AbpBase`.`Partido` (
  `IdCampeonato` INT NOT NULL,
  `Tipo` VARCHAR(10) NOT NULL,
  `Nivel` INT NOT NULL,
  `Grupo_Letra` CHAR NOT NULL,
  `NumEnfrentamiento` INT NOT NULL,
  `Fecha` DATE NULL,
  `Hora` TIME NULL,
  PRIMARY KEY (`IdCampeonato`, `Tipo`, `Nivel`, `Grupo_Letra`, `NumEnfrentamiento`),
  CONSTRAINT `fk_partido_grupo`
    FOREIGN KEY (`IdCampeonato` , `Tipo` , `Nivel` , `Grupo_Letra`)
    REFERENCES `AbpBase`.`Grupo` (`IdCampeonato` , `Tipo` , `Nivel` , `Letra`)
    ON DELETE NO ACTION
    ON UPDATE NO ACTION)
ENGINE = InnoDB;


-- -----------------------------------------------------
-- Table `AbpBase`.`Promociones`
-- -----------------------------------------------------
DROP TABLE IF EXISTS `AbpBase`.`Promociones` ;

CREATE TABLE IF NOT EXISTS `AbpBase`.`Promociones` (
  `Fecha` DATE NOT NULL,
  `Hora` TIME NOT NULL,
  PRIMARY KEY (`Fecha`, `Hora`))
ENGINE = InnoDB;


-- -----------------------------------------------------
-- Table `AbpBase`.`InscripcionPromociones`
-- -----------------------------------------------------
DROP TABLE IF EXISTS `AbpBase`.`InscripcionPromociones` ;

CREATE TABLE IF NOT EXISTS `AbpBase`.`InscripcionPromociones` (
  `Usuario_Dni` VARCHAR(12) NOT NULL,
  `Promociones_Fecha` DATE NOT NULL,
  `Promociones_Hora` TIME NOT NULL,
  PRIMARY KEY (`Usuario_Dni`, `Promociones_Fecha`, `Promociones_Hora`),
  INDEX `fk_Usuario_has_Promociones_Promociones1_idx` (`Promociones_Fecha` ASC, `Promociones_Hora` ASC) ,
  INDEX `fk_Usuario_has_Promociones_Usuario1_idx` (`Usuario_Dni` ASC) ,
  CONSTRAINT `fk_Usuario_has_Promociones_Usuario1`
    FOREIGN KEY (`Usuario_Dni`)
    REFERENCES `AbpBase`.`Usuario` (`Dni`)
    ON DELETE NO ACTION
    ON UPDATE NO ACTION,
  CONSTRAINT `fk_Usuario_has_Promociones_Promociones1`
    FOREIGN KEY (`Promociones_Fecha` , `Promociones_Hora`)
    REFERENCES `AbpBase`.`Promociones` (`Fecha` , `Hora`)
    ON DELETE NO ACTION
    ON UPDATE NO ACTION)
ENGINE = InnoDB;


-- -----------------------------------------------------
-- Table `AbpBase`.`UsuarioParejas`
-- -----------------------------------------------------
DROP TABLE IF EXISTS `AbpBase`.`UsuarioParejas` ;

CREATE TABLE IF NOT EXISTS `AbpBase`.`UsuarioParejas` (
  `Usuario_Dni` VARCHAR(12) NOT NULL,
  `Pareja_idCampeonato` INT NOT NULL,
  `Pareja_Tipo` VARCHAR(10) NOT NULL,
  `Pareja_Nivel` INT NOT NULL,
  `Pareja_NumPareja` INT NOT NULL,
  PRIMARY KEY (`Usuario_Dni`, `Pareja_idCampeonato`, `Pareja_Tipo`, `Pareja_Nivel`, `Pareja_NumPareja`),
  INDEX `fk_Usuario_has_Pareja_Pareja1_idx` (`Pareja_idCampeonato` ASC, `Pareja_Tipo` ASC, `Pareja_Nivel` ASC, `Pareja_NumPareja` ASC) ,
  INDEX `fk_Usuario_has_Pareja_Usuario1_idx` (`Usuario_Dni` ASC) ,
  CONSTRAINT `fk_Usuario_has_Pareja_Usuario1`
    FOREIGN KEY (`Usuario_Dni`)
    REFERENCES `AbpBase`.`Usuario` (`Dni`)
    ON DELETE NO ACTION
    ON UPDATE NO ACTION,
  CONSTRAINT `fk_Usuario_has_Pareja_Pareja1`
    FOREIGN KEY (`Pareja_idCampeonato` , `Pareja_Tipo` , `Pareja_Nivel` , `Pareja_NumPareja`)
    REFERENCES `AbpBase`.`Pareja` (`idCampeonato` , `Tipo` , `Nivel` , `NumPareja`)
    ON DELETE NO ACTION
    ON UPDATE NO ACTION)
ENGINE = InnoDB;


-- -----------------------------------------------------
-- Table `AbpBase`.`Enfrentamiento`
-- -----------------------------------------------------
DROP TABLE IF EXISTS `AbpBase`.`Enfrentamiento` ;

CREATE TABLE IF NOT EXISTS `AbpBase`.`Enfrentamiento` (
  `IdCampeonato` INT NOT NULL,
  `Tipo` VARCHAR(10) NOT NULL,
  `Nivel` INT NOT NULL,
  `Letra` CHAR NOT NULL,
  `NumEnfrentamiento` INT NOT NULL,
  `NumPareja` INT NOT NULL,
  `Resultado` VARCHAR(25) NULL,
  `EstadoPropuesta` INT NOT NULL,
  PRIMARY KEY (`IdCampeonato`, `Tipo`, `Nivel`, `Letra`, `NumEnfrentamiento`, `NumPareja`),
  INDEX `fk_Pareja_has_Partido_Pareja1_idx` (`IdCampeonato` ASC, `Tipo` ASC, `Nivel` ASC, `NumPareja` ASC) ,
  CONSTRAINT `fk_Pareja_has_Partido_Pareja1`
    FOREIGN KEY (`IdCampeonato` , `Tipo` , `Nivel` , `NumPareja`)
    REFERENCES `AbpBase`.`Pareja` (`idCampeonato` , `Tipo` , `Nivel` , `NumPareja`)
    ON DELETE NO ACTION
    ON UPDATE NO ACTION,
  CONSTRAINT `fk_Pareja_has_Partido_Partido1`
    FOREIGN KEY (`IdCampeonato` , `Tipo` , `Nivel` , `Letra` , `NumEnfrentamiento`)
    REFERENCES `AbpBase`.`Partido` (`IdCampeonato` , `Tipo` , `Nivel` , `Grupo_Letra` , `NumEnfrentamiento`)
    ON DELETE NO ACTION
    ON UPDATE NO ACTION)
ENGINE = InnoDB;


-- -----------------------------------------------------
-- Table `AbpBase`.`Reserva`
-- -----------------------------------------------------
DROP TABLE IF EXISTS `AbpBase`.`Reserva` ;

CREATE TABLE IF NOT EXISTS `AbpBase`.`Reserva` (
  `Usuario_Dni` VARCHAR(12) NOT NULL,
  `Pista_idPista` INT NOT NULL,
  `Pista_Fecha` DATE NOT NULL,
  `Pista_Hora` TIME NOT NULL,
  PRIMARY KEY (`Usuario_Dni`, `Pista_idPista`, `Pista_Fecha`, `Pista_Hora`),
  INDEX `fk_Usuario_has_Pista_Pista1_idx` (`Pista_idPista` ASC, `Pista_Fecha` ASC, `Pista_Hora` ASC) ,
  INDEX `fk_Usuario_has_Pista_Usuario1_idx` (`Usuario_Dni` ASC) ,
  CONSTRAINT `fk_Usuario_has_Pista_Usuario1`
    FOREIGN KEY (`Usuario_Dni`)
    REFERENCES `AbpBase`.`Usuario` (`Dni`)
    ON DELETE NO ACTION
    ON UPDATE NO ACTION,
  CONSTRAINT `fk_Usuario_has_Pista_Pista1`
    FOREIGN KEY (`Pista_idPista` , `Pista_Fecha` , `Pista_Hora`)
    REFERENCES `AbpBase`.`Pista` (`idPista` , `Fecha` , `Hora`)
    ON DELETE NO ACTION
    ON UPDATE NO ACTION)
ENGINE = InnoDB;

USE `AbpBase` ;

-- -----------------------------------------------------
-- Placeholder table for view `AbpBase`.`Clasificacion`
-- -----------------------------------------------------
CREATE TABLE IF NOT EXISTS `AbpBase`.`Clasificacion` (`IdCampeonato` INT, `Tipo` INT, `Nivel` INT, `Letra` INT, `Login` INT);

-- -----------------------------------------------------
-- View `AbpBase`.`Clasificacion`
-- -----------------------------------------------------
DROP TABLE IF EXISTS `AbpBase`.`Clasificacion`;
DROP VIEW IF EXISTS `AbpBase`.`Clasificacion` ;
USE `AbpBase`;
CREATE OR REPLACE VIEW `Clasificacion` AS select E.IdCampeonato,E.Tipo,E.Nivel,E.Letra,E.NumEnfrentamiento,E.NumPareja,U.Login 
from Enfrentamiento E, UsuarioParejas UP, Usuario U 
where UP.Pareja_idCampeonato = E.IdCampeonato AND UP.Pareja_Tipo=E.Tipo AND UP.Pareja_Nivel=E.Nivel AND UP.Pareja_NumPareja=E.NumPareja AND U.Dni=UP.Usuario_Dni;



--
-- Volcado de datos para la tabla `categoria`
--
INSERT INTO `categoria` (`IdCampeonato`, `Tipo`, `Nivel`) VALUES
(1, 'Femenino', 1),
(2, 'Femenino', 1),
(3, 'Masculino', 1);


--
-- Volcado de datos para la tabla `grupo`
--

INSERT INTO `grupo` (`IdCampeonato`, `Tipo`, `Nivel`, `Letra`) VALUES
(3, 'Masculino', 1, 'A');

--
-- Volcado de datos para la tabla `pareja`
--

INSERT INTO `pareja` (`idCampeonato`, `Tipo`, `Nivel`, `NumPareja`, `Capitan`) VALUES
(3, 'Masculino', 1, 1, 'a'),
(3, 'Masculino', 1, 2, 'c'),
(3, 'Masculino', 1, 3, 'e'),
(3, 'Masculino', 1, 4, 'avcid0'),
(3, 'Masculino', 1, 5, 'avcid2'),
(3, 'Masculino', 1, 6, 'avcid5'),
(3, 'Masculino', 1, 7, 'avcid7'),
(3, 'Masculino', 1, 8, 'avcid9');

--
-- Volcado de datos para la tabla `partido`
--

INSERT INTO `partido` (`IdCampeonato`, `Tipo`, `Nivel`, `Grupo_Letra`, `NumEnfrentamiento`, `Fecha`, `Hora`) VALUES
(3, 'Masculino', 1, 'A', 1, NULL, NULL),
(3, 'Masculino', 1, 'A', 2, NULL, NULL),
(3, 'Masculino', 1, 'A', 3, NULL, NULL),
(3, 'Masculino', 1, 'A', 4, NULL, NULL),
(3, 'Masculino', 1, 'A', 5, NULL, NULL),
(3, 'Masculino', 1, 'A', 6, NULL, NULL),
(3, 'Masculino', 1, 'A', 7, NULL, NULL),
(3, 'Masculino', 1, 'A', 8, NULL, NULL),
(3, 'Masculino', 1, 'A', 9, NULL, NULL),
(3, 'Masculino', 1, 'A', 10, NULL, NULL),
(3, 'Masculino', 1, 'A', 11, NULL, NULL),
(3, 'Masculino', 1, 'A', 12, NULL, NULL),
(3, 'Masculino', 1, 'A', 13, NULL, NULL),
(3, 'Masculino', 1, 'A', 14, NULL, NULL),
(3, 'Masculino', 1, 'A', 15, NULL, NULL),
(3, 'Masculino', 1, 'A', 16, NULL, NULL),
(3, 'Masculino', 1, 'A', 17, NULL, NULL),
(3, 'Masculino', 1, 'A', 18, NULL, NULL),
(3, 'Masculino', 1, 'A', 19, NULL, NULL),
(3, 'Masculino', 1, 'A', 20, NULL, NULL),
(3, 'Masculino', 1, 'A', 21, NULL, NULL),
(3, 'Masculino', 1, 'A', 22, NULL, NULL),
(3, 'Masculino', 1, 'A', 23, NULL, NULL),
(3, 'Masculino', 1, 'A', 24, NULL, NULL),
(3, 'Masculino', 1, 'A', 25, NULL, NULL),
(3, 'Masculino', 1, 'A', 26, NULL, NULL),
(3, 'Masculino', 1, 'A', 27, NULL, NULL),
(3, 'Masculino', 1, 'A', 28, NULL, NULL);
--
-- Volcado de datos para la tabla `usuario`
--

INSERT INTO `usuario` (`Dni`, `Login`, `Password`, `Nombre`, `Apellidos`, `Sexo`, `Tipo`, `Telefono`) VALUES
('09291497A', 'davurin', '9de928ec1ef8601960385d3ef0e99940', 'David', 'Prieto Lopez', 'Hombre', 'Deportista', '443534545'),
('52349897X', 'avcid7', '0b036829dd268bbbc8d8de5687d8542d', 'Alejan', 'Vila Cid', 'Hombre', 'Deportista', '647864188'),
('52349898X', 'avcid8', '7fea9d45ba983d6ee1da12b16a8a5518', 'Alejand', 'Vila Cid', 'Hombre', 'Deportista', '647864189'),
('52349899X', 'avcid9', 'b0a8da92935e2618d7d2d1ba11b37379', 'Alejandr', 'Vila Cid', 'Hombre', 'Deportista', '647864187'),
('07971578P', 'c', '4a8a08f09d37b73795649038408b5f33', 'c', 'c', 'Hombre', 'Deportista', '999999999'),
('10880946Z', 'leile', '06d1641fd3eb1d0589a6e6c83d4992e6', 'leile', 'le lei', 'Mujer', 'Deportista', '114658797'),
('11970561G', 'f', '8fa14cdd754f91cc6554c9e71929cce7', 'f', 'f', 'Hombre', 'Deportista', '666666666'),
('23293294K', 'luilu', 'cccfea6bb17ed97626af780bd3ffa3cf', 'luilu', 'lu lui', 'Mujer', 'Deportista', '452168792'),
('44656257D', 'a', '0cc175b9c0f1b6a831c399e269772661', 'a', 'a', 'Hombre', 'Deportista', '999999999'),
('47048522K', 'e', 'e1671797c52e15f763380b45e841ec32', 'e', 'e', 'Hombre', 'Deportista', '999999999'),
('50890587M', 'mfdiaz', '54cd358904ef041d1e89b6c73cc264a2', 'Miguel', 'Ferreiro Diaz', 'Hombre', 'Deportista', '123456789'),
('52349890X', 'avcid0', '21422e4b4af71034c9231c1f92ec1cb1', 'Alejandroo', 'Vila Cid', 'Hombre', 'Deportista', '647864180'),
('52349891X', 'avcid1', '8d175e3061a0cd33408e84885fd10062', 'A', 'Vila Cid', 'Hombre', 'Deportista', '647864181'),
('52349892X', 'avcid2', 'ae0dc71cb2989e2340b3ccb6c21ed811', 'Al', 'Vila Cid', 'Hombre', 'Deportista', '647864182'),
('52349893X', 'avcid4', '392bb0835f63a7ae3b68162630db12c1', 'Ale', 'Vila Cid', 'Hombre', 'Deportista', '647864183'),
('52349894X', 'avcid5', 'abbbb5d72fc74cf61ef31a32fe85e87d', 'Alej', 'Vila Cid', 'Hombre', 'Deportista', '647864185'),
('52349895X', 'avcid6', 'da2f8e0d863644b52092f9167cccfc82', 'Aleja', 'Vila Cid', 'Hombre', 'Deportista', '647864186'),
('53042369E', 'admin', '21232f297a57a5a743894a0e4a801fc3', 'admin', 'admin', 'Hombre', 'Admin', '687654987'),
('72070206H', 'jaglez', '47747a3f07debbd856020e280fa2419e', 'Jacobo', 'Gonzalez Gonzalez', 'Hombre', 'Deportista', '765890434'),
('78490815A', 'd', '8277e0910d750195b448797616e091ad', 'd', 'd', 'Mujer', 'Deportista', '666666666'),
('78677468B', 'b', '92eb5ffee6ae2fec3ad71c777531578f', 'b', 'b', 'Mujer', 'Deportista', '999999999'),
('11111111A', 'usuario1', 'f8032d5cae3de20fcec887f395ec9a6a', 'usuario1', 'usu1 usu1', 'Hombre', 'Deportista', '654654654'),
('11111111B', 'usuario2', 'f8032d5cae3de20fcec887f395ec9a6a', 'usuario2', 'usu2 usu1', 'Hombre', 'Deportista', '654654654'),
('11111111C', 'usuario3', 'f8032d5cae3de20fcec887f395ec9a6a', 'usuario3', 'usu3 usu1', 'Hombre', 'Deportista', '654654654'),
('11111111D', 'usuario4', 'f8032d5cae3de20fcec887f395ec9a6a', 'usuario4', 'usu4 usu1', 'Hombre', 'Deportista', '654654654'),
('11111111E', 'usuario5', 'f8032d5cae3de20fcec887f395ec9a6a', 'usuario5', 'usu5 usu1', 'Hombre', 'Deportista', '654654654'),
('11111111F', 'usuario6', 'f8032d5cae3de20fcec887f395ec9a6a', 'usuario6', 'usu6 usu1', 'Hombre', 'Deportista', '654654654'),
('11111111G', 'usuario7', 'f8032d5cae3de20fcec887f395ec9a6a', 'usuario7', 'usu7 usu1', 'Hombre', 'Deportista', '654654654'),
('11111111H', 'usuario8', 'f8032d5cae3de20fcec887f395ec9a6a', 'usuario8', 'usu8 usu1', 'Hombre', 'Deportista', '654654654'),
('11111111I', 'usuario9', 'f8032d5cae3de20fcec887f395ec9a6a', 'usuario9', 'usu9 usu1', 'Hombre', 'Deportista', '654654654'),
('11111111J', 'usuario10', 'f8032d5cae3de20fcec887f395ec9a6a', 'usuario10', 'usu10 usu1', 'Hombre', 'Deportista', '654654654'),
('11111111K', 'usuario11', 'f8032d5cae3de20fcec887f395ec9a6a', 'usuario11', 'usu11 usu1', 'Hombre', 'Deportista', '654654654'),
('11111111L', 'usuario12', 'f8032d5cae3de20fcec887f395ec9a6a', 'usuario12', 'usu12 usu1', 'Hombre', 'Deportista', '654654654'),
('11111111M', 'usuario13', 'f8032d5cae3de20fcec887f395ec9a6a', 'usuario13', 'usu13 usu1', 'Hombre', 'Deportista', '654654654'),
('11111111N', 'usuario14', 'f8032d5cae3de20fcec887f395ec9a6a', 'usuario14', 'usu14 usu1', 'Hombre', 'Deportista', '654654654'),
('11111111O', 'usuario16', 'f8032d5cae3de20fcec887f395ec9a6a', 'usuario16', 'usu16 usu1', 'Hombre', 'Deportista', '654654654'),
('11111111P', 'usuario17', 'f8032d5cae3de20fcec887f395ec9a6a', 'usuario17', 'usu17 usu1', 'Hombre', 'Deportista', '654654654'),
('11111111Q', 'usuario18', 'f8032d5cae3de20fcec887f395ec9a6a', 'usuario18', 'usu18 usu1', 'Hombre', 'Deportista', '654654654'),
('11111111R', 'usuario19', 'f8032d5cae3de20fcec887f395ec9a6a', 'usuario19', 'usu19 usu1', 'Hombre', 'Deportista', '654654654'),
('11111111S', 'usuario20', 'f8032d5cae3de20fcec887f395ec9a6a', 'usuario20', 'usu20 usu1', 'Hombre', 'Deportista', '654654654'),
('11111111T', 'usuario21', 'f8032d5cae3de20fcec887f395ec9a6a', 'usuario21', 'usu21 usu1', 'Hombre', 'Deportista', '654654654'),
('11111111U', 'usuario22', 'f8032d5cae3de20fcec887f395ec9a6a', 'usuario22', 'usu22 usu1', 'Hombre', 'Deportista', '654654654'),
('11111111V', 'usuario23', 'f8032d5cae3de20fcec887f395ec9a6a', 'usuario23', 'usu23 usu1', 'Hombre', 'Deportista', '654654654'),
('11111111W', 'usuario24', 'f8032d5cae3de20fcec887f395ec9a6a', 'usuario24', 'usu24 usu1', 'Hombre', 'Deportista', '654654654'),
('11111111X', 'usuario25', 'f8032d5cae3de20fcec887f395ec9a6a', 'usuario25', 'usu25 usu1', 'Hombre', 'Deportista', '654654654'),
('11111111Y', 'usuario26', 'f8032d5cae3de20fcec887f395ec9a6a', 'usuario26', 'usu26 usu1', 'Hombre', 'Deportista', '654654654'),
('11111111Z', 'usuario27', 'f8032d5cae3de20fcec887f395ec9a6a', 'usuario27', 'usu27 usu1', 'Hombre', 'Deportista', '654654654'),

('22222222A', 'usuario28', 'f8032d5cae3de20fcec887f395ec9a6a', 'usuario28', 'usu28 usu1', 'Hombre', 'Deportista', '654654654'),
('22222222B', 'usuario29', 'f8032d5cae3de20fcec887f395ec9a6a', 'usuario29', 'usu28 usu1', 'Hombre', 'Deportista', '654654654'),
('22222222C', 'usuario30', 'f8032d5cae3de20fcec887f395ec9a6a', 'usuario30', 'usu28 usu1', 'Hombre', 'Deportista', '654654654'),
('22222222D', 'usuario31', 'f8032d5cae3de20fcec887f395ec9a6a', 'usuario31', 'usu28 usu1', 'Hombre', 'Deportista', '654654654'),
('22222222E', 'usuario32', 'f8032d5cae3de20fcec887f395ec9a6a', 'usuario32', 'usu28 usu1', 'Hombre', 'Deportista', '654654654'),
('22222222F', 'usuario33', 'f8032d5cae3de20fcec887f395ec9a6a', 'usuario33', 'usu28 usu1', 'Hombre', 'Deportista', '654654654'),
('22222222G', 'usuario34', 'f8032d5cae3de20fcec887f395ec9a6a', 'usuario34', 'usu28 usu1', 'Hombre', 'Deportista', '654654654'),
('22222222H', 'usuario35', 'f8032d5cae3de20fcec887f395ec9a6a', 'usuario35', 'usu28 usu1', 'Hombre', 'Deportista', '654654654'),
('22222222I', 'usuario36', 'f8032d5cae3de20fcec887f395ec9a6a', 'usuario36', 'usu28 usu1', 'Hombre', 'Deportista', '654654654'),
('22222222J', 'usuario37', 'f8032d5cae3de20fcec887f395ec9a6a', 'usuario37', 'usu28 usu1', 'Hombre', 'Deportista', '654654654'),
('22222222K', 'usuario38', 'f8032d5cae3de20fcec887f395ec9a6a', 'usuario38', 'usu28 usu1', 'Hombre', 'Deportista', '654654654'),
('22222222L', 'usuario39', 'f8032d5cae3de20fcec887f395ec9a6a', 'usuario39', 'usu28 usu1', 'Hombre', 'Deportista', '654654654'),
('22222222M', 'usuario40', 'f8032d5cae3de20fcec887f395ec9a6a', 'usuario40', 'usu28 usu1', 'Hombre', 'Deportista', '654654654'),
('22222222N', 'usuario41', 'f8032d5cae3de20fcec887f395ec9a6a', 'usuario41', 'usu28 usu1', 'Hombre', 'Deportista', '654654654'),
('22222222O', 'usuario43', 'f8032d5cae3de20fcec887f395ec9a6a', 'usuario43', 'usu28 usu1', 'Hombre', 'Deportista', '654654654'),
('22222222P', 'usuario44', 'f8032d5cae3de20fcec887f395ec9a6a', 'usuario44', 'usu28 usu1', 'Hombre', 'Deportista', '654654654'),
('22222222Q', 'usuario45', 'f8032d5cae3de20fcec887f395ec9a6a', 'usuario45', 'usu28 usu1', 'Hombre', 'Deportista', '654654654'),
('22222222R', 'usuario46', 'f8032d5cae3de20fcec887f395ec9a6a', 'usuario46', 'usu28 usu1', 'Hombre', 'Deportista', '654654654'),
('22222222S', 'usuario47', 'f8032d5cae3de20fcec887f395ec9a6a', 'usuario47', 'usu28 usu1', 'Hombre', 'Deportista', '654654654'),
('22222222T', 'usuario48', 'f8032d5cae3de20fcec887f395ec9a6a', 'usuario48', 'usu28 usu1', 'Hombre', 'Deportista', '654654654'),
('22222222U', 'usuario49', 'f8032d5cae3de20fcec887f395ec9a6a', 'usuario49', 'usu28 usu1', 'Hombre', 'Deportista', '654654654'),
('22222222V', 'usuario50', 'f8032d5cae3de20fcec887f395ec9a6a', 'usuario50', 'usu28 usu1', 'Hombre', 'Deportista', '654654654'),
('22222222W', 'usuario51', 'f8032d5cae3de20fcec887f395ec9a6a', 'usuario51', 'usu28 usu1', 'Hombre', 'Deportista', '654654654'),
('22222222X', 'usuario52', 'f8032d5cae3de20fcec887f395ec9a6a', 'usuario52', 'usu28 usu1', 'Hombre', 'Deportista', '654654654'),
('22222222Y', 'usuario53', 'f8032d5cae3de20fcec887f395ec9a6a', 'usuario53', 'usu28 usu1', 'Hombre', 'Deportista', '654654654'),
('22222222Z', 'usuario54', 'f8032d5cae3de20fcec887f395ec9a6a', 'usuario54', 'usu28 usu1', 'Hombre', 'Deportista', '654654654'),

('33333333A', 'usuario55', 'f8032d5cae3de20fcec887f395ec9a6a', 'usuario55', 'usu28 usu1', 'Hombre', 'Deportista', '654654654'),
('33333333B', 'usuario56', 'f8032d5cae3de20fcec887f395ec9a6a', 'usuario56', 'usu28 usu1', 'Hombre', 'Deportista', '654654654'),
('33333333C', 'usuario57', 'f8032d5cae3de20fcec887f395ec9a6a', 'usuario57', 'usu28 usu1', 'Hombre', 'Deportista', '654654654'),
('33333333D', 'usuario58', 'f8032d5cae3de20fcec887f395ec9a6a', 'usuario58', 'usu28 usu1', 'Hombre', 'Deportista', '654654654'),
('33333333E', 'usuario59', 'f8032d5cae3de20fcec887f395ec9a6a', 'usuario59', 'usu28 usu1', 'Hombre', 'Deportista', '654654654'),
('33333333F', 'usuario60', 'f8032d5cae3de20fcec887f395ec9a6a', 'usuario60', 'usu28 usu1', 'Hombre', 'Deportista', '654654654'),
('33333333G', 'usuario61', 'f8032d5cae3de20fcec887f395ec9a6a', 'usuario61', 'usu28 usu1', 'Hombre', 'Deportista', '654654654'),
('33333333H', 'usuario62', 'f8032d5cae3de20fcec887f395ec9a6a', 'usuario62', 'usu28 usu1', 'Hombre', 'Deportista', '654654654'),
('33333333I', 'usuario63', 'f8032d5cae3de20fcec887f395ec9a6a', 'usuario63', 'usu28 usu1', 'Hombre', 'Deportista', '654654654'),
('33333333J', 'usuario64', 'f8032d5cae3de20fcec887f395ec9a6a', 'usuario64', 'usu28 usu1', 'Hombre', 'Deportista', '654654654'),
('33333333K', 'usuario65', 'f8032d5cae3de20fcec887f395ec9a6a', 'usuario65', 'usu28 usu1', 'Hombre', 'Deportista', '654654654'),
('33333333L', 'usuario66', 'f8032d5cae3de20fcec887f395ec9a6a', 'usuario66', 'usu28 usu1', 'Hombre', 'Deportista', '654654654'),
('33333333M', 'usuario67', 'f8032d5cae3de20fcec887f395ec9a6a', 'usuario67', 'usu28 usu1', 'Hombre', 'Deportista', '654654654'),
('33333333N', 'usuario68', 'f8032d5cae3de20fcec887f395ec9a6a', 'usuario68', 'usu28 usu1', 'Hombre', 'Deportista', '654654654'),
('33333333O', 'usuario70', 'f8032d5cae3de20fcec887f395ec9a6a', 'usuario70', 'usu28 usu1', 'Hombre', 'Deportista', '654654654'),
('33333333P', 'usuario71', 'f8032d5cae3de20fcec887f395ec9a6a', 'usuario71', 'usu28 usu1', 'Hombre', 'Deportista', '654654654'),
('33333333Q', 'usuario72', 'f8032d5cae3de20fcec887f395ec9a6a', 'usuario72', 'usu28 usu1', 'Hombre', 'Deportista', '654654654'),
('33333333R', 'usuario73', 'f8032d5cae3de20fcec887f395ec9a6a', 'usuario73', 'usu28 usu1', 'Hombre', 'Deportista', '654654654'),
('33333333S', 'usuario74', 'f8032d5cae3de20fcec887f395ec9a6a', 'usuario74', 'usu28 usu1', 'Hombre', 'Deportista', '654654654'),
('33333333T', 'usuario75', 'f8032d5cae3de20fcec887f395ec9a6a', 'usuario75', 'usu28 usu1', 'Hombre', 'Deportista', '654654654'),
('33333333U', 'usuario76', 'f8032d5cae3de20fcec887f395ec9a6a', 'usuario76', 'usu28 usu1', 'Hombre', 'Deportista', '654654654'),
('33333333V', 'usuario77', 'f8032d5cae3de20fcec887f395ec9a6a', 'usuario77', 'usu28 usu1', 'Hombre', 'Deportista', '654654654'),
('33333333W', 'usuario78', 'f8032d5cae3de20fcec887f395ec9a6a', 'usuario78', 'usu28 usu1', 'Hombre', 'Deportista', '654654654'),
('33333333X', 'usuario79', 'f8032d5cae3de20fcec887f395ec9a6a', 'usuario79', 'usu28 usu1', 'Hombre', 'Deportista', '654654654'),
('33333333Y', 'usuario80', 'f8032d5cae3de20fcec887f395ec9a6a', 'usuario80', 'usu28 usu1', 'Hombre', 'Deportista', '654654654'),
('33333333Z', 'usuario81', 'f8032d5cae3de20fcec887f395ec9a6a', 'usuario81', 'usu28 usu1', 'Hombre', 'Deportista', '654654654'),

('44444444A', 'usuario82', 'f8032d5cae3de20fcec887f395ec9a6a', 'usuario82', 'usu28 usu1', 'Hombre', 'Deportista', '654654654'),
('44444444B', 'usuario83', 'f8032d5cae3de20fcec887f395ec9a6a', 'usuario83', 'usu28 usu1', 'Hombre', 'Deportista', '654654654'),
('44444444C', 'usuario84', 'f8032d5cae3de20fcec887f395ec9a6a', 'usuario84', 'usu28 usu1', 'Hombre', 'Deportista', '654654654'),
('44444444D', 'usuario85', 'f8032d5cae3de20fcec887f395ec9a6a', 'usuario85', 'usu28 usu1', 'Hombre', 'Deportista', '654654654'),
('44444444E', 'usuario86', 'f8032d5cae3de20fcec887f395ec9a6a', 'usuario86', 'usu28 usu1', 'Hombre', 'Deportista', '654654654'),
('44444444F', 'usuario87', 'f8032d5cae3de20fcec887f395ec9a6a', 'usuario87', 'usu28 usu1', 'Hombre', 'Deportista', '654654654'),
('44444444G', 'usuario88', 'f8032d5cae3de20fcec887f395ec9a6a', 'usuario88', 'usu28 usu1', 'Hombre', 'Deportista', '654654654'),
('44444444H', 'usuario89', 'f8032d5cae3de20fcec887f395ec9a6a', 'usuario89', 'usu28 usu1', 'Hombre', 'Deportista', '654654654'),
('44444444I', 'usuario90', 'f8032d5cae3de20fcec887f395ec9a6a', 'usuario90', 'usu28 usu1', 'Hombre', 'Deportista', '654654654'),
('44444444J', 'usuario91', 'f8032d5cae3de20fcec887f395ec9a6a', 'usuario91', 'usu28 usu1', 'Hombre', 'Deportista', '654654654'),
('44444444K', 'usuario92', 'f8032d5cae3de20fcec887f395ec9a6a', 'usuario92', 'usu28 usu1', 'Hombre', 'Deportista', '654654654'),
('44444444L', 'usuario93', 'f8032d5cae3de20fcec887f395ec9a6a', 'usuario93', 'usu28 usu1', 'Hombre', 'Deportista', '654654654'),
('44444444M', 'usuario94', 'f8032d5cae3de20fcec887f395ec9a6a', 'usuario94', 'usu28 usu1', 'Hombre', 'Deportista', '654654654'),
('44444444N', 'usuario95', 'f8032d5cae3de20fcec887f395ec9a6a', 'usuario95', 'usu28 usu1', 'Hombre', 'Deportista', '654654654'),
('44444444O', 'usuario97', 'f8032d5cae3de20fcec887f395ec9a6a', 'usuario97', 'usu28 usu1', 'Hombre', 'Deportista', '654654654'),
('44444444P', 'usuario98', 'f8032d5cae3de20fcec887f395ec9a6a', 'usuario98', 'usu28 usu1', 'Hombre', 'Deportista', '654654654'),
('44444444Q', 'usuario99', 'f8032d5cae3de20fcec887f395ec9a6a', 'usuario99', 'usu28 usu1', 'Hombre', 'Deportista', '654654654'),
('44444444R', 'usuario100', 'f8032d5cae3de20fcec887f395ec9a6a', 'usuario100', 'usu28 usu1', 'Hombre', 'Deportista', '654654654'),
('44444444S', 'usuario101', 'f8032d5cae3de20fcec887f395ec9a6a', 'usuario101', 'usu28 usu1', 'Hombre', 'Deportista', '654654654'),
('44444444T', 'usuario102', 'f8032d5cae3de20fcec887f395ec9a6a', 'usuario102', 'usu28 usu1', 'Hombre', 'Deportista', '654654654'),
('44444444U', 'usuario103', 'f8032d5cae3de20fcec887f395ec9a6a', 'usuario103', 'usu28 usu1', 'Hombre', 'Deportista', '654654654'),
('44444444V', 'usuario104', 'f8032d5cae3de20fcec887f395ec9a6a', 'usuario104', 'usu28 usu1', 'Hombre', 'Deportista', '654654654'),
('44444444W', 'usuario105', 'f8032d5cae3de20fcec887f395ec9a6a', 'usuario105', 'usu28 usu1', 'Hombre', 'Deportista', '654654654'),
('44444444X', 'usuario106', 'f8032d5cae3de20fcec887f395ec9a6a', 'usuario106', 'usu28 usu1', 'Hombre', 'Deportista', '654654654'),
('44444444Y', 'usuario107', 'f8032d5cae3de20fcec887f395ec9a6a', 'usuario107', 'usu28 usu1', 'Hombre', 'Deportista', '654654654'),
('44444444Z', 'usuario108', 'f8032d5cae3de20fcec887f395ec9a6a', 'usuario108', 'usu28 usu1', 'Hombre', 'Deportista', '654654654');


--
-- Volcado de datos para la tabla `usuarioparejas`
--

INSERT INTO `usuarioparejas` (`Usuario_Dni`, `Pareja_idCampeonato`, `Pareja_Tipo`, `Pareja_Nivel`, `Pareja_NumPareja`) VALUES
('07971578P', 3, 'Masculino', 1, 2),
('11970561G', 3, 'Masculino', 1, 3),
('44656257D', 3, 'Masculino', 1, 1),
('47048522K', 3, 'Masculino', 1, 3),
('50890587M', 3, 'Masculino', 1, 8),
('52349890X', 3, 'Masculino', 1, 4),
('52349891X', 3, 'Masculino', 1, 4),
('52349892X', 3, 'Masculino', 1, 5),
('52349893X', 3, 'Masculino', 1, 5),
('52349894X', 3, 'Masculino', 1, 6),
('52349895X', 3, 'Masculino', 1, 6),
('52349897X', 3, 'Masculino', 1, 7),
('52349898X', 3, 'Masculino', 1, 7),
('52349899X', 3, 'Masculino', 1, 8),
('78490815A', 3, 'Masculino', 1, 2),
('78677468B', 3, 'Masculino', 1, 1);

--
-- Volcado de datos para la tabla `campeonato`
--

INSERT INTO `campeonato` (`IdCampeonato`, `FechaIni`, `HoraIni`, `FechaFin`, `HoraFin`) VALUES
(1, '2018-10-23', '09:00:00', '2018-10-31', '23:00:00'),
(2, '2018-10-25', '10:00:00', '2018-10-27', '23:00:00'),
(3, '2018-10-29', '12:21:00', '2018-11-08', '12:21:00');

--
-- Volcado de datos para la tabla `inscripcionpromociones`
--

INSERT INTO `inscripcionpromociones` (`Usuario_Dni`, `Promociones_Fecha`, `Promociones_Hora`) VALUES
('72070206H', '2018-10-23', '16:00'),
('50890587M', '2018-10-23', '12:30');

--
-- Volcado de datos para la tabla `pista`
--

INSERT INTO `pista` (`idPista`, `Fecha`, `Hora`, `Disponibilidad`) VALUES
(1, '2018-10-23', '11:00', 1),
(1, '2018-10-23', '12:30', 1),
(1, '2018-10-23', '16:00', 1),
(1, '2018-10-23', '17:30', 1),
(1, '2018-10-23', '19:00', 1),
(1, '2018-10-23', '20:30', 1),
(1, '2018-10-23', '22:00', 1),
(1, '2018-10-24', '11:00', 1),
(1, '2018-10-24', '12:30', 1),
(1, '2018-10-24', '16:00', 1),
(1, '2018-10-24', '17:30', 1),
(1, '2018-10-24', '19:00', 1),
(1, '2018-10-24', '20:30', 1),
(1, '2018-10-24', '22:00', 1),
(1, '2018-10-25', '11:00', 1),
(1, '2018-10-25', '12:30', 1),
(1, '2018-10-25', '16:00', 1),
(1, '2018-10-25', '17:30', 1),
(1, '2018-10-25', '19:00', 1),
(1, '2018-10-25', '20:30', 1),
(1, '2018-10-25', '22:00', 1),
(1, '2018-10-26', '11:00', 1),
(1, '2018-10-26', '12:30', 1),
(1, '2018-10-26', '16:00', 1),
(1, '2018-10-26', '17:30', 1),
(1, '2018-10-26', '19:00', 1),
(1, '2018-10-26', '20:30', 1),
(1, '2018-10-26', '22:00', 1),
(1, '2018-10-27', '11:00', 1),
(1, '2018-10-27', '12:30', 1),
(1, '2018-10-27', '16:00', 1),
(1, '2018-10-27', '17:30', 1),
(1, '2018-10-27', '19:00', 1),
(1, '2018-10-27', '20:30', 1),
(1, '2018-10-27', '22:00', 1),
(1, '2018-10-28', '11:00', 1),
(1, '2018-10-28', '12:30', 1),
(1, '2018-10-28', '16:00', 1),
(1, '2018-10-28', '17:30', 1),
(1, '2018-10-28', '19:00', 1),
(1, '2018-10-28', '20:30', 1),
(1, '2018-10-28', '22:00', 1),
(1, '2018-10-29', '11:00', 1),
(1, '2018-10-29', '12:30', 1),
(1, '2018-10-29', '16:00', 1),
(1, '2018-10-29', '17:30', 1),
(1, '2018-10-29', '19:00', 1),
(1, '2018-10-29', '20:30', 1),
(1, '2018-10-29', '22:00', 1),
(2, '2018-10-23', '11:00', 1),
(2, '2018-10-23', '12:30', 1),
(2, '2018-10-23', '16:00', 1),
(2, '2018-10-23', '17:30', 1),
(2, '2018-10-23', '19:00', 1),
(2, '2018-10-23', '20:30', 1),
(2, '2018-10-23', '22:00', 1),
(2, '2018-10-24', '11:00', 1),
(2, '2018-10-24', '12:30', 1),
(2, '2018-10-24', '16:00', 1),
(2, '2018-10-24', '17:30', 1),
(2, '2018-10-24', '19:00', 1),
(2, '2018-10-24', '20:30', 1),
(2, '2018-10-24', '22:00', 1),
(2, '2018-10-25', '11:00', 1),
(2, '2018-10-25', '12:30', 1),
(2, '2018-10-25', '16:00', 1),
(2, '2018-10-25', '17:30', 1),
(2, '2018-10-25', '19:00', 1),
(2, '2018-10-25', '20:30', 1),
(2, '2018-10-25', '22:00', 1),
(2, '2018-10-26', '11:00', 1),
(2, '2018-10-26', '12:30', 1),
(2, '2018-10-26', '16:00', 1),
(2, '2018-10-26', '17:30', 1),
(2, '2018-10-26', '19:00', 1),
(2, '2018-10-26', '20:30', 1),
(2, '2018-10-26', '22:00', 1),
(2, '2018-10-27', '11:00', 1),
(2, '2018-10-27', '12:30', 1),
(2, '2018-10-27', '16:00', 1),
(2, '2018-10-27', '17:30', 1),
(2, '2018-10-27', '19:00', 1),
(2, '2018-10-27', '20:30', 1),
(2, '2018-10-27', '22:00', 1),
(2, '2018-10-28', '11:00', 1),
(2, '2018-10-28', '12:30', 1),
(2, '2018-10-28', '16:00', 1),
(2, '2018-10-28', '17:30', 1),
(2, '2018-10-28', '19:00', 1),
(2, '2018-10-28', '20:30', 1),
(2, '2018-10-28', '22:00', 1),
(2, '2018-10-29', '11:00', 1),
(2, '2018-10-29', '12:30', 1),
(2, '2018-10-29', '16:00', 1),
(2, '2018-10-29', '17:30', 1),
(2, '2018-10-29', '19:00', 1),
(2, '2018-10-29', '20:30', 1),
(2, '2018-10-29', '22:00', 1),
(3, '2018-10-23', '11:00', 1),
(3, '2018-10-23', '12:30', 1),
(3, '2018-10-23', '16:00', 1),
(3, '2018-10-23', '17:30', 1),
(3, '2018-10-23', '19:00', 1),
(3, '2018-10-23', '20:30', 1),
(3, '2018-10-23', '22:00', 1),
(3, '2018-10-24', '11:00', 1),
(3, '2018-10-24', '12:30', 1),
(3, '2018-10-24', '16:00', 1),
(3, '2018-10-24', '17:30', 1),
(3, '2018-10-24', '19:00', 1),
(3, '2018-10-24', '20:30', 1),
(3, '2018-10-24', '22:00', 1),
(3, '2018-10-25', '11:00', 1),
(3, '2018-10-25', '12:30', 1),
(3, '2018-10-25', '16:00', 1),
(3, '2018-10-25', '17:30', 1),
(3, '2018-10-25', '19:00', 1),
(3, '2018-10-25', '20:30', 1),
(3, '2018-10-25', '22:00', 1),
(3, '2018-10-26', '11:00', 1),
(3, '2018-10-26', '12:30', 1),
(3, '2018-10-26', '16:00', 1),
(3, '2018-10-26', '17:30', 1),
(3, '2018-10-26', '19:00', 1),
(3, '2018-10-26', '20:30', 1),
(3, '2018-10-26', '22:00', 1),
(3, '2018-10-27', '11:00', 1),
(3, '2018-10-27', '12:30', 1),
(3, '2018-10-27', '16:00', 1),
(3, '2018-10-27', '17:30', 1),
(3, '2018-10-27', '19:00', 1),
(3, '2018-10-27', '20:30', 1),
(3, '2018-10-27', '22:00', 1),
(3, '2018-10-28', '11:00', 1),
(3, '2018-10-28', '12:30', 1),
(3, '2018-10-28', '16:00', 1),
(3, '2018-10-28', '17:30', 1),
(3, '2018-10-28', '19:00', 1),
(3, '2018-10-28', '20:30', 1),
(3, '2018-10-28', '22:00', 1),
(3, '2018-10-29', '11:00', 1),
(3, '2018-10-29', '12:30', 1),
(3, '2018-10-29', '16:00', 1),
(3, '2018-10-29', '17:30', 1),
(3, '2018-10-29', '19:00', 1),
(3, '2018-10-29', '20:30', 1),
(3, '2018-10-29', '22:00', 1),
(4, '2018-10-23', '11:00', 1),
(4, '2018-10-23', '12:30', 1),
(4, '2018-10-23', '16:00', 1),
(4, '2018-10-23', '17:30', 1),
(4, '2018-10-23', '19:00', 1),
(4, '2018-10-23', '20:30', 1),
(4, '2018-10-23', '22:00', 1),
(4, '2018-10-24', '11:00', 1),
(4, '2018-10-24', '12:30', 1),
(4, '2018-10-24', '16:00', 1),
(4, '2018-10-24', '17:30', 1),
(4, '2018-10-24', '19:00', 1),
(4, '2018-10-24', '20:30', 1),
(4, '2018-10-24', '22:00', 1),
(4, '2018-10-25', '11:00', 1),
(4, '2018-10-25', '12:30', 1),
(4, '2018-10-25', '16:00', 1),
(4, '2018-10-25', '17:30', 1),
(4, '2018-10-25', '19:00', 1),
(4, '2018-10-25', '20:30', 1),
(4, '2018-10-25', '22:00', 1),
(4, '2018-10-26', '11:00', 1),
(4, '2018-10-26', '12:30', 1),
(4, '2018-10-26', '16:00', 1),
(4, '2018-10-26', '17:30', 1),
(4, '2018-10-26', '19:00', 1),
(4, '2018-10-26', '20:30', 1),
(4, '2018-10-26', '22:00', 1),
(4, '2018-10-27', '11:00', 1),
(4, '2018-10-27', '12:30', 1),
(4, '2018-10-27', '16:00', 1),
(4, '2018-10-27', '17:30', 1),
(4, '2018-10-27', '19:00', 1),
(4, '2018-10-27', '20:30', 1),
(4, '2018-10-27', '22:00', 1),
(4, '2018-10-28', '11:00', 1),
(4, '2018-10-28', '12:30', 1),
(4, '2018-10-28', '16:00', 1),
(4, '2018-10-28', '17:30', 1),
(4, '2018-10-28', '19:00', 1),
(4, '2018-10-28', '20:30', 1),
(4, '2018-10-28', '22:00', 1),
(4, '2018-10-29', '11:00', 1),
(4, '2018-10-29', '12:30', 1),
(4, '2018-10-29', '16:00', 1),
(4, '2018-10-29', '17:30', 1),
(4, '2018-10-29', '19:00', 1),
(4, '2018-10-29', '20:30', 1),
(4, '2018-10-29', '22:00', 1);

--
-- Volcado de datos para la tabla `promociones`
--

INSERT INTO `promociones` (`Fecha`, `Hora`) VALUES
('2018-10-23', '12:30'),
('2018-10-23', '16:00');

--
-- Volcado de datos para la tabla `reserva`
--

INSERT INTO `reserva` (`Usuario_Dni`, `Pista_idPista`, `Pista_Fecha`, `Pista_Hora`) VALUES
('52349896X', 1, '2018-10-23', '11:00'),
('50890587M', 1, '2018-10-23', '17:30');

INSERT INTO `enfrentamiento` (`IdCampeonato`, `Tipo`, `Nivel`, `Letra`, `NumEnfrentamiento`, `NumPareja`, `Resultado`,`EstadoPropuesta`) VALUES
(3, 'Masculino', 1, 'A', 1, 1, NULL,0),
(3, 'Masculino', 1, 'A', 1, 2, NULL,0),
(3, 'Masculino', 1, 'A', 2, 1, NULL,0),
(3, 'Masculino', 1, 'A', 2, 3, NULL,0),
(3, 'Masculino', 1, 'A', 3, 1, NULL,0),
(3, 'Masculino', 1, 'A', 3, 4, NULL,0),
(3, 'Masculino', 1, 'A', 4, 1, NULL,0),
(3, 'Masculino', 1, 'A', 4, 5, NULL,0),
(3, 'Masculino', 1, 'A', 5, 1, NULL,0),
(3, 'Masculino', 1, 'A', 5, 6, NULL,0),
(3, 'Masculino', 1, 'A', 6, 1, NULL,0),
(3, 'Masculino', 1, 'A', 6, 7, NULL,0),
(3, 'Masculino', 1, 'A', 7, 1, NULL,0),
(3, 'Masculino', 1, 'A', 7, 8, NULL,0),
(3, 'Masculino', 1, 'A', 8, 2, NULL,0),
(3, 'Masculino', 1, 'A', 8, 3, NULL,0),
(3, 'Masculino', 1, 'A', 9, 2, NULL,0),
(3, 'Masculino', 1, 'A', 9, 4, NULL,0),
(3, 'Masculino', 1, 'A', 10, 2, NULL,0),
(3, 'Masculino', 1, 'A', 10, 5, NULL,0),
(3, 'Masculino', 1, 'A', 11, 2, NULL,0),
(3, 'Masculino', 1, 'A', 11, 6, NULL,0),
(3, 'Masculino', 1, 'A', 12, 2, '12-33',0),
(3, 'Masculino', 1, 'A', 12, 7, '12-33',0),
(3, 'Masculino', 1, 'A', 13, 2, NULL,0),
(3, 'Masculino', 1, 'A', 13, 8, NULL,0),
(3, 'Masculino', 1, 'A', 14, 3, NULL,0),
(3, 'Masculino', 1, 'A', 14, 4, NULL,0),
(3, 'Masculino', 1, 'A', 15, 3, NULL,0),
(3, 'Masculino', 1, 'A', 15, 5, NULL,0),
(3, 'Masculino', 1, 'A', 16, 3, '23',0),
(3, 'Masculino', 1, 'A', 16, 6, '23',0),
(3, 'Masculino', 1, 'A', 17, 3, NULL,0),
(3, 'Masculino', 1, 'A', 17, 7, NULL,0),
(3, 'Masculino', 1, 'A', 18, 3, NULL,0),
(3, 'Masculino', 1, 'A', 18, 8, NULL,0),
(3, 'Masculino', 1, 'A', 19, 4, NULL,0),
(3, 'Masculino', 1, 'A', 19, 5, NULL,0),
(3, 'Masculino', 1, 'A', 20, 4, NULL,0),
(3, 'Masculino', 1, 'A', 20, 6, NULL,0),
(3, 'Masculino', 1, 'A', 21, 4, NULL,0),
(3, 'Masculino', 1, 'A', 21, 7, NULL,0),
(3, 'Masculino', 1, 'A', 22, 4, NULL,0),
(3, 'Masculino', 1, 'A', 22, 8, NULL,0),
(3, 'Masculino', 1, 'A', 23, 5, NULL,0),
(3, 'Masculino', 1, 'A', 23, 6, NULL,0),
(3, 'Masculino', 1, 'A', 24, 5, NULL,0),
(3, 'Masculino', 1, 'A', 24, 7, NULL,0),
(3, 'Masculino', 1, 'A', 25, 5, NULL,0),
(3, 'Masculino', 1, 'A', 25, 8, NULL,0),
(3, 'Masculino', 1, 'A', 26, 6, NULL,0),
(3, 'Masculino', 1, 'A', 26, 7, NULL,0),
(3, 'Masculino', 1, 'A', 27, 6, NULL,0),
(3, 'Masculino', 1, 'A', 27, 8, NULL,0),
(3, 'Masculino', 1, 'A', 28, 7, NULL,0),
(3, 'Masculino', 1, 'A', 28, 8, NULL,0);
 
 
SET SQL_MODE=@OLD_SQL_MODE;
SET FOREIGN_KEY_CHECKS=@OLD_FOREIGN_KEY_CHECKS;
SET UNIQUE_CHECKS=@OLD_UNIQUE_CHECKS;
