-- MySQL Script generated by MySQL Workbench
-- Tue Oct 23 18:10:16 2018
-- Model: New Model    Version: 1.0
-- MySQL Workbench Forward Engineering

SET @OLD_UNIQUE_CHECKS=@@UNIQUE_CHECKS, UNIQUE_CHECKS=0;
SET @OLD_FOREIGN_KEY_CHECKS=@@FOREIGN_KEY_CHECKS, FOREIGN_KEY_CHECKS=0;
SET @OLD_SQL_MODE=@@SQL_MODE, SQL_MODE='ONLY_FULL_GROUP_BY,STRICT_TRANS_TABLES,NO_ZERO_IN_DATE,NO_ZERO_DATE,ERROR_FOR_DIVISION_BY_ZERO,NO_ENGINE_SUBSTITUTION';

-- -----------------------------------------------------
-- Schema AbpBase
-- -----------------------------------------------------
DROP SCHEMA IF EXISTS `AbpBase` ;

-- -----------------------------------------------------
-- Schema AbpBase
-- -----------------------------------------------------
CREATE SCHEMA IF NOT EXISTS `AbpBase` DEFAULT CHARACTER SET utf8 ;
USE `AbpBase` ;

GRANT USAGE ON * . * TO `user`@`localhost`;
	DROP USER `user`@`localhost`;


CREATE USER IF NOT EXISTS `user`@`localhost` IDENTIFIED BY 'pass';
GRANT USAGE ON *.* TO `user`@`localhost` REQUIRE NONE WITH MAX_QUERIES_PER_HOUR 0 MAX_CONNECTIONS_PER_HOUR 0 MAX_UPDATES_PER_HOUR 0 MAX_USER_CONNECTIONS 0;
GRANT ALL PRIVILEGES ON `abpbase`.* TO `user`@`localhost` WITH GRANT OPTION;

-- -----------------------------------------------------
-- Table `AbpBase`.`Pista`
-- -----------------------------------------------------
DROP TABLE IF EXISTS `AbpBase`.`Pista` ;

CREATE TABLE IF NOT EXISTS `AbpBase`.`Pista` (
  `idPista` INT NOT NULL,
  `Fecha` DATE NOT NULL,
  `Hora` TIME NOT NULL,
  `Disponibilidad` TINYINT NOT NULL,
  PRIMARY KEY (`idPista`, `Fecha`, `Hora`))
ENGINE = InnoDB;


-- -----------------------------------------------------
-- Table `AbpBase`.`Usuario`
-- -----------------------------------------------------
DROP TABLE IF EXISTS `AbpBase`.`Usuario` ;

CREATE TABLE IF NOT EXISTS `AbpBase`.`Usuario` (
  `Dni` VARCHAR(9) NOT NULL,
  `Login` VARCHAR(25) NOT NULL,
  `Password` VARCHAR(128) NOT NULL,
  `Nombre` VARCHAR(30) NOT NULL,
  `Apellidos` VARCHAR(45) NOT NULL,
  `Sexo` VARCHAR(6) CHARACTER SET 'armscii8' NOT NULL,
  `Tipo` VARCHAR(12) NOT NULL,
  `Telefono` VARCHAR(14) NOT NULL,
  PRIMARY KEY (`Dni`),
  UNIQUE INDEX `Login_UNIQUE` (`Login` ASC) )
ENGINE = InnoDB;



-- -----------------------------------------------------
-- Table `AbpBase`.`Campeonato`
-- -----------------------------------------------------
DROP TABLE IF EXISTS `AbpBase`.`Campeonato` ;

CREATE TABLE IF NOT EXISTS `AbpBase`.`Campeonato` (
  `IdCampeonato` INT NOT NULL,
  `FechaIni` DATE NOT NULL,
  `HoraIni` TIME NOT NULL,
  `FechaFin` DATE NOT NULL,
  `HoraFin` TIME NOT NULL,
  PRIMARY KEY (`IdCampeonato`))
ENGINE = InnoDB;


-- -----------------------------------------------------
-- Table `AbpBase`.`Categoria`
-- -----------------------------------------------------
DROP TABLE IF EXISTS `AbpBase`.`Categoria` ;

CREATE TABLE IF NOT EXISTS `AbpBase`.`Categoria` (
  `IdCampeonato` INT NOT NULL,
  `Tipo` VARCHAR(10) NOT NULL,
  `Nivel` INT NOT NULL,
  PRIMARY KEY (`IdCampeonato`, `Tipo`, `Nivel`),
  INDEX `fk_Campeonato_has_Categoria_idx` (`IdCampeonato` ASC) ,
  CONSTRAINT `fk_Campeonato_has_Categoria_idx`
    FOREIGN KEY (`IdCampeonato`)
    REFERENCES `AbpBase`.`Campeonato` (`IdCampeonato`)
    ON DELETE NO ACTION
    ON UPDATE NO ACTION)
ENGINE = InnoDB;


-- -----------------------------------------------------
-- Table `AbpBase`.`Pareja`
-- -----------------------------------------------------
DROP TABLE IF EXISTS `AbpBase`.`Pareja` ;

CREATE TABLE IF NOT EXISTS `AbpBase`.`Pareja` (
  `idCampeonato` INT NOT NULL,
  `Tipo` VARCHAR(10) NOT NULL,
  `Nivel` INT NOT NULL,
  `NumPareja` INT NOT NULL,
  `Capitan` VARCHAR(12) NOT NULL,
  PRIMARY KEY (`idCampeonato`, `Tipo`, `Nivel`, `NumPareja`),
  CONSTRAINT `fk_par_cat`
    FOREIGN KEY (`idCampeonato` , `Tipo` , `Nivel`)
    REFERENCES `AbpBase`.`Categoria` (`IdCampeonato` , `Tipo` , `Nivel`)
    ON DELETE NO ACTION
    ON UPDATE NO ACTION)
ENGINE = InnoDB;


-- -----------------------------------------------------
-- Table `AbpBase`.`Grupo`
-- -----------------------------------------------------
DROP TABLE IF EXISTS `AbpBase`.`Grupo` ;

CREATE TABLE IF NOT EXISTS `AbpBase`.`Grupo` (
  `IdCampeonato` INT NOT NULL,
  `Tipo` VARCHAR(10) NOT NULL,
  `Nivel` INT NOT NULL,
  `Letra` CHAR NOT NULL,
  PRIMARY KEY (`IdCampeonato`, `Tipo`, `Nivel`, `Letra`),
  INDEX `fk_Categoria_has_Grupo_idx` (`IdCampeonato` ASC, `Tipo` ASC,`Nivel` ASC) ,
  CONSTRAINT `fk_Categoria_has_Grupo_idx`
    FOREIGN KEY (`IdCampeonato` , `Tipo` , `Nivel`)
    REFERENCES `AbpBase`.`Categoria` (`IdCampeonato` , `Tipo` , `Nivel`)
    ON DELETE NO ACTION
    ON UPDATE NO ACTION)
ENGINE = InnoDB;


-- -----------------------------------------------------
-- Table `AbpBase`.`Partido`
-- -----------------------------------------------------
DROP TABLE IF EXISTS `AbpBase`.`Partido` ;

CREATE TABLE IF NOT EXISTS `AbpBase`.`Partido` (
  `IdCampeonato` INT NOT NULL,
  `Tipo` VARCHAR(10) NOT NULL,
  `Nivel` INT NOT NULL,
  `Grupo_Letra` CHAR NOT NULL,
  `NumEnfrentamiento` INT NOT NULL,
  `Fecha` DATE NULL,
  `Hora` TIME NULL,
  `ParejaGanadora` INT NULL,
  `ParejaPerdedora`INT NULL,
  PRIMARY KEY (`IdCampeonato`, `Tipo`, `Nivel`, `Grupo_Letra`, `NumEnfrentamiento`),
    INDEX `fk_Grupo_has_Partido_idx` (`IdCampeonato` ASC, `Tipo` ASC,`Nivel` ASC,`Grupo_Letra` ASC) ,
  CONSTRAINT `fk_Grupo_has_Partido_idx`
    FOREIGN KEY (`IdCampeonato` , `Tipo` , `Nivel` , `Grupo_Letra`)
    REFERENCES `AbpBase`.`Grupo` (`IdCampeonato` , `Tipo` , `Nivel` , `Letra`)
    ON DELETE NO ACTION
    ON UPDATE NO ACTION)
ENGINE = InnoDB;


-- -----------------------------------------------------
-- Table `AbpBase`.`Promociones`
-- -----------------------------------------------------
DROP TABLE IF EXISTS `AbpBase`.`Promociones` ;

CREATE TABLE IF NOT EXISTS `AbpBase`.`Promociones` (
  `Fecha` DATE NOT NULL,
  `Hora` TIME NOT NULL,
  PRIMARY KEY (`Fecha`, `Hora`))
ENGINE = InnoDB;


-- -----------------------------------------------------
-- Table `AbpBase`.`InscripcionPromociones`
-- -----------------------------------------------------
DROP TABLE IF EXISTS `AbpBase`.`InscripcionPromociones` ;

CREATE TABLE IF NOT EXISTS `AbpBase`.`InscripcionPromociones` (
  `Usuario_Dni` VARCHAR(9) NOT NULL,
  `Promociones_Fecha` DATE NOT NULL,
  `Promociones_Hora` TIME NOT NULL,
  PRIMARY KEY (`Usuario_Dni`, `Promociones_Fecha`, `Promociones_Hora`),
  INDEX `fk_Usuario_has_Promociones_Promociones1_idx` (`Promociones_Fecha` ASC, `Promociones_Hora` ASC) ,
  INDEX `fk_Usuario_has_Promociones_Usuario1_idx` (`Usuario_Dni` ASC) ,
  CONSTRAINT `fk_Usuario_has_Promociones_Usuario1`
    FOREIGN KEY (`Usuario_Dni`)
    REFERENCES `AbpBase`.`Usuario` (`Dni`)
    ON DELETE NO ACTION
    ON UPDATE NO ACTION,
  CONSTRAINT `fk_Usuario_has_Promociones_Promociones1`
    FOREIGN KEY (`Promociones_Fecha` , `Promociones_Hora`)
    REFERENCES `AbpBase`.`Promociones` (`Fecha` , `Hora`)
    ON DELETE NO ACTION
    ON UPDATE NO ACTION)
ENGINE = InnoDB;


-- -----------------------------------------------------
-- Table `AbpBase`.`UsuarioParejas`
-- -----------------------------------------------------
DROP TABLE IF EXISTS `AbpBase`.`UsuarioParejas` ;

CREATE TABLE IF NOT EXISTS `AbpBase`.`UsuarioParejas` (
  `Usuario_Dni` VARCHAR(9) NOT NULL,
  `Pareja_idCampeonato` INT NOT NULL,
  `Pareja_Tipo` VARCHAR(10) NOT NULL,
  `Pareja_Nivel` INT NOT NULL,
  `Pareja_NumPareja` INT NOT NULL,
  PRIMARY KEY (`Usuario_Dni`, `Pareja_idCampeonato`, `Pareja_Tipo`, `Pareja_Nivel`, `Pareja_NumPareja`),
  INDEX `fk_Usuario_has_Pareja_Pareja1_idx` (`Pareja_idCampeonato` ASC, `Pareja_Tipo` ASC, `Pareja_Nivel` ASC, `Pareja_NumPareja` ASC) ,
  INDEX `fk_Usuario_has_Pareja_Usuario1_idx` (`Usuario_Dni` ASC) ,
  CONSTRAINT `fk_Usuario_has_Pareja_Usuario1`
    FOREIGN KEY (`Usuario_Dni`)
    REFERENCES `AbpBase`.`Usuario` (`Dni`)
    ON DELETE NO ACTION
    ON UPDATE NO ACTION,
  CONSTRAINT `fk_Usuario_has_Pareja_Pareja1`
    FOREIGN KEY (`Pareja_idCampeonato` , `Pareja_Tipo` , `Pareja_Nivel` , `Pareja_NumPareja`)
    REFERENCES `AbpBase`.`Pareja` (`idCampeonato` , `Tipo` , `Nivel` , `NumPareja`)
    ON DELETE NO ACTION
    ON UPDATE NO ACTION)
ENGINE = InnoDB;


-- -----------------------------------------------------
-- Table `AbpBase`.`Enfrentamiento`
-- -----------------------------------------------------
DROP TABLE IF EXISTS `AbpBase`.`Enfrentamiento` ;

CREATE TABLE IF NOT EXISTS `AbpBase`.`Enfrentamiento` (
  `IdCampeonato` INT NOT NULL,
  `Tipo` VARCHAR(10) NOT NULL,
  `Nivel` INT NOT NULL,
  `Letra` CHAR NOT NULL,
  `NumEnfrentamiento` INT NOT NULL,
  `NumPareja` INT NOT NULL,
  `ResultadoSet1` INT NULL,
  `ResultadoSet2` INT NULL,
  `ResultadoSet3` INT NULL,
  `EstadoPropuesta` INT NOT NULL,
  PRIMARY KEY (`IdCampeonato`, `Tipo`, `Nivel`, `Letra`, `NumEnfrentamiento`, `NumPareja`),
  INDEX `fk_Pareja_has_Partido_Pareja1_idx` (`IdCampeonato` ASC, `Tipo` ASC, `Nivel` ASC, `NumPareja` ASC) ,
  CONSTRAINT `fk_Pareja_has_Partido_Pareja1`
    FOREIGN KEY (`IdCampeonato` , `Tipo` , `Nivel` , `NumPareja`)
    REFERENCES `AbpBase`.`Pareja` (`idCampeonato` , `Tipo` , `Nivel` , `NumPareja`)
    ON DELETE NO ACTION
    ON UPDATE NO ACTION,
  CONSTRAINT `fk_Pareja_has_Partido_Partido1`
    FOREIGN KEY (`IdCampeonato` , `Tipo` , `Nivel` , `Letra` , `NumEnfrentamiento`)
    REFERENCES `AbpBase`.`Partido` (`IdCampeonato` , `Tipo` , `Nivel` , `Grupo_Letra` , `NumEnfrentamiento`)
    ON DELETE NO ACTION
    ON UPDATE NO ACTION)
ENGINE = InnoDB;


-- -----------------------------------------------------
-- Table `AbpBase`.`Reserva`
-- -----------------------------------------------------
DROP TABLE IF EXISTS `AbpBase`.`Reserva` ;

CREATE TABLE IF NOT EXISTS `AbpBase`.`Reserva` (
  `Usuario_Dni` VARCHAR(9) NOT NULL,
  `Pista_idPista` INT NOT NULL,
  `Pista_Fecha` DATE NOT NULL,
  `Pista_Hora` TIME NOT NULL,
  PRIMARY KEY (`Usuario_Dni`, `Pista_idPista`, `Pista_Fecha`, `Pista_Hora`),
  INDEX `fk_Usuario_has_Pista_Pista1_idx` (`Pista_idPista` ASC, `Pista_Fecha` ASC, `Pista_Hora` ASC) ,
  INDEX `fk_Usuario_has_Pista_Usuario1_idx` (`Usuario_Dni` ASC) ,
  CONSTRAINT `fk_Usuario_has_Pista_Usuario1`
    FOREIGN KEY (`Usuario_Dni`)
    REFERENCES `AbpBase`.`Usuario` (`Dni`)
    ON DELETE NO ACTION
    ON UPDATE NO ACTION,
  CONSTRAINT `fk_Usuario_has_Pista_Pista1`
    FOREIGN KEY (`Pista_idPista` , `Pista_Fecha` , `Pista_Hora`)
    REFERENCES `AbpBase`.`Pista` (`idPista` , `Fecha` , `Hora`)
    ON DELETE NO ACTION
    ON UPDATE NO ACTION)
ENGINE = InnoDB;

USE `AbpBase` ;

-- -----------------------------------------------------
-- Placeholder table for view `AbpBase`.`Clasificacion`
-- -----------------------------------------------------
CREATE TABLE IF NOT EXISTS `AbpBase`.`Clasificacion` (`IdCampeonato` INT, `Tipo` INT, `Nivel` INT, `Letra` INT, `Login` INT);

-- -----------------------------------------------------
-- View `AbpBase`.`Clasificacion`
-- -----------------------------------------------------
DROP TABLE IF EXISTS `AbpBase`.`Clasificacion`;
DROP VIEW IF EXISTS `AbpBase`.`Clasificacion` ;
USE `AbpBase`;
CREATE OR REPLACE VIEW `Clasificacion` AS select E.IdCampeonato,E.Tipo,E.Nivel,E.Letra,E.NumEnfrentamiento,E.NumPareja,U.Login 
from Enfrentamiento E, UsuarioParejas UP, Usuario U 
where UP.Pareja_idCampeonato = E.IdCampeonato AND UP.Pareja_Tipo=E.Tipo AND UP.Pareja_Nivel=E.Nivel AND UP.Pareja_NumPareja=E.NumPareja AND U.Dni=UP.Usuario_Dni;



--
-- Volcado de datos para la tabla `categoria`
--
INSERT INTO `categoria` (`IdCampeonato`, `Tipo`, `Nivel`) VALUES
(1, 'Femenino', 1),
(2, 'Femenino', 1),
(3, 'Masculino', 1);


--
-- Volcado de datos para la tabla `grupo`
--
/*
INSERT INTO `grupo` (`IdCampeonato`, `Tipo`, `Nivel`, `Letra`) VALUES
(3, 'Masculino', 1, 'A');
*/
--
-- Volcado de datos para la tabla `pareja`
--

INSERT INTO `pareja` (`idCampeonato`, `Tipo`, `Nivel`, `NumPareja`, `Capitan`) VALUES
(3, 'Masculino', 1, 1, 'a'),
(3, 'Masculino', 1, 2, 'c'),
(3, 'Masculino', 1, 3, 'e'),
(3, 'Masculino', 1, 4, 'avcid0'),
(3, 'Masculino', 1, 5, 'avcid2'),
(3, 'Masculino', 1, 6, 'avcid5'),
(3, 'Masculino', 1, 7, 'avcid7'),
(3, 'Masculino', 1, 8, 'avcid9'),
(3, 'Masculino', 1, 9, 'usuario1'),
(3, 'Masculino', 1, 10, 'usuario3'),
(3, 'Masculino', 1, 11, 'usuario5'),
(3, 'Masculino', 1, 12, 'usuario7'),
(3, 'Masculino', 1, 13, 'usuario9'),
(3, 'Masculino', 1, 14, 'usuario11'),
(3, 'Masculino', 1, 15, 'usuario13'),
(3, 'Masculino', 1, 16, 'usuario16'),
(3, 'Masculino', 1, 17, 'usuario18'),
(3, 'Masculino', 1, 18, 'usuario20'),
(3, 'Masculino', 1, 19, 'usuario22'),
(3, 'Masculino', 1, 20, 'usuario24'),
(3, 'Masculino', 1, 21, 'usuario26'),
(3, 'Masculino', 1, 22, 'usuario28'),
(3, 'Masculino', 1, 23, 'usuario30'),
(3, 'Masculino', 1, 24, 'usuario32'),
(3, 'Masculino', 1, 25, 'usuario34'),
(3, 'Masculino', 1, 26, 'usuario36'),
(3, 'Masculino', 1, 27, 'usuario38'),
(3, 'Masculino', 1, 28, 'usuario40'),
(3, 'Masculino', 1, 29, 'usuario43'),
(3, 'Masculino', 1, 30, 'usuario45'),
(3, 'Masculino', 1, 31, 'usuario47'),
(3, 'Masculino', 1, 32, 'usuario49'),
(3, 'Masculino', 1, 33, 'usuario51'),
(3, 'Masculino', 1, 34, 'usuario53'),
(3, 'Masculino', 1, 35, 'usuario55'),
(3, 'Masculino', 1, 36, 'usuario57'),
(3, 'Masculino', 1, 37, 'usuario59'),
(3, 'Masculino', 1, 38, 'usuario61'),
(3, 'Masculino', 1, 39, 'usuario63'),
(3, 'Masculino', 1, 40, 'usuario65'),
(3, 'Masculino', 1, 41, 'usuario67'),
(3, 'Masculino', 1, 42, 'usuario70'),
(3, 'Masculino', 1, 43, 'usuario72'),
(3, 'Masculino', 1, 44, 'usuario74'),
(3, 'Masculino', 1, 45, 'usuario76'),
(3, 'Masculino', 1, 46, 'usuario78'),
(3, 'Masculino', 1, 47, 'usuario80'),
(3, 'Masculino', 1, 48, 'usuario82'),
(3, 'Masculino', 1, 49, 'usuario84'),
(3, 'Masculino', 1, 50, 'usuario86'),
(3, 'Masculino', 1, 51, 'usuario88'),
(3, 'Masculino', 1, 52, 'usuario90'),
(3, 'Masculino', 1, 53, 'usuario92'),
(3, 'Masculino', 1, 54, 'usuario94'),
(3, 'Masculino', 1, 55, 'usuario97'),
(3, 'Masculino', 1, 56, 'usuario99'),
(3, 'Masculino', 1, 57, 'usuario101'),
(3, 'Masculino', 1, 58, 'usuario103'),
(3, 'Masculino', 1, 59, 'usuario105'),
(3, 'Masculino', 1, 60, 'usuario107'),
(3, 'Masculino', 1, 61, 'usuario109'),
(3, 'Masculino', 1, 62, 'usuario111'),
(3, 'Masculino', 1, 63, 'usuario113'),
(3, 'Masculino', 1, 64, 'usuario115'),
(3, 'Masculino', 1, 65, 'usuario117'),
(3, 'Masculino', 1, 66, 'usuario119'),
(3, 'Masculino', 1, 67, 'usuario121'),
(3, 'Masculino', 1, 68, 'usuario123'),
(3, 'Masculino', 1, 69, 'usuario125'),
(3, 'Masculino', 1, 70, 'usuario127'),
(3, 'Masculino', 1, 71, 'usuario129'),
(3, 'Masculino', 1, 72, 'usuario131'),
(3, 'Masculino', 1, 73, 'usuario133'),
(3, 'Masculino', 1, 74, 'usuario135'),
(3, 'Masculino', 1, 75, 'usuario137'),
(3, 'Masculino', 1, 76, 'usuario139'),
(3, 'Masculino', 1, 77, 'usuario141'),
(3, 'Masculino', 1, 78, 'usuario143'),
(3, 'Masculino', 1, 79, 'usuario145'),
(3, 'Masculino', 1, 80, 'usuario147'),
(3, 'Masculino', 1, 81, 'usuario149'),
(3, 'Masculino', 1, 82, 'usuario151'),
(3, 'Masculino', 1, 83, 'usuario153'),
(3, 'Masculino', 1, 84, 'usuario155'),
(3, 'Masculino', 1, 85, 'usuario157'),
(3, 'Masculino', 1, 86, 'usuario159'),
(3, 'Masculino', 1, 87, 'usuario161'),
(3, 'Masculino', 1, 88, 'usuario163'),
(3, 'Masculino', 1, 89, 'usuario165'),
(3, 'Masculino', 1, 90, 'usuario167'),
(3, 'Masculino', 1, 91, 'usuario169'),
(3, 'Masculino', 1, 92, 'usuario171'),
(3, 'Masculino', 1, 93, 'usuario173'),
(3, 'Masculino', 1, 94, 'usuario175'),
(3, 'Masculino', 1, 95, 'usuario177'),
(3, 'Masculino', 1, 96, 'usuario179');
/*,
(3, 'Masculino', 1, 97, 'usuario181'),
(3, 'Masculino', 1, 98, 'usuario183'),
(3, 'Masculino', 1, 99, 'usuario185'),
(3, 'Masculino', 1, 100, 'usuario187'),
(3, 'Masculino', 1, 101, 'usuario189'),
(3, 'Masculino', 1, 102, 'usuario191'),
(3, 'Masculino', 1, 103, 'usuario193'),
(3, 'Masculino', 1, 104, 'usuario195'),
(3, 'Masculino', 1, 105, 'usuario197'),
(3, 'Masculino', 1, 106, 'usuario199'),
(3, 'Masculino', 1, 107, 'usuario201'),
(3, 'Masculino', 1, 108, 'usuario203'),
(3, 'Masculino', 1, 109, 'usuario205'),
(3, 'Masculino', 1, 110, 'usuario207'),
(3, 'Masculino', 1, 111, 'usuario209'),
(3, 'Masculino', 1, 112, 'usuario211');
*/


--
-- Volcado de datos para la tabla `partido`
--
/*
INSERT INTO `partido` (`IdCampeonato`, `Tipo`, `Nivel`, `Grupo_Letra`, `NumEnfrentamiento`, `Fecha`, `Hora`) VALUES
;*/
--
-- Volcado de datos para la tabla `usuario`
--

INSERT INTO `usuario` (`Dni`, `Login`, `Password`, `Nombre`, `Apellidos`, `Sexo`, `Tipo`, `Telefono`) VALUES
('09291497A', 'davurin', '9de928ec1ef8601960385d3ef0e99940', 'David', 'Prieto Lopez', 'Hombre', 'Deportista', '443534545'),
('38912547C', 'avcid7', '0b036829dd268bbbc8d8de5687d8542d', 'Alejan', 'Vila Cid', 'Hombre', 'Deportista', '647864188'),
('44701498D', 'avcid8', '7fea9d45ba983d6ee1da12b16a8a5518', 'Alejand', 'Vila Cid', 'Hombre', 'Deportista', '647864189'),
('00359456N', 'avcid9', 'b0a8da92935e2618d7d2d1ba11b37379', 'Alejandr', 'Vila Cid', 'Hombre', 'Deportista', '647864187'),
('95777182F', 'c', '4a8a08f09d37b73795649038408b5f33', 'c', 'c', 'Hombre', 'Deportista', '999999999'),
('10880946Z', 'leile', '06d1641fd3eb1d0589a6e6c83d4992e6', 'leile', 'le lei', 'Mujer', 'Deportista', '114658797'),
('89851361K', 'f', '8fa14cdd754f91cc6554c9e71929cce7', 'f', 'f', 'Hombre', 'Deportista', '666666666'),
('23293294K', 'luilu', 'cccfea6bb17ed97626af780bd3ffa3cf', 'luilu', 'lu lui', 'Mujer', 'Deportista', '452168792'),
('80070728T', 'a', '0cc175b9c0f1b6a831c399e269772661', 'a', 'a', 'Hombre', 'Deportista', '999999999'),
('23938086P', 'e', 'e1671797c52e15f763380b45e841ec32', 'e', 'e', 'Hombre', 'Deportista', '999999999'),
('57804949S', 'mfdiaz', '54cd358904ef041d1e89b6c73cc264a2', 'Miguel', 'Ferreiro Diaz', 'Hombre', 'Deportista', '123456789'),
('52349890X', 'avcid0', '21422e4b4af71034c9231c1f92ec1cb1', 'Alejandroo', 'Vila Cid', 'Hombre', 'Deportista', '647864180'),
('52349891X', 'avcid1', '8d175e3061a0cd33408e84885fd10062', 'A', 'Vila Cid', 'Hombre', 'Deportista', '647864181'),
('52349892X', 'avcid2', 'ae0dc71cb2989e2340b3ccb6c21ed811', 'Al', 'Vila Cid', 'Hombre', 'Deportista', '647864182'),
('52349893X', 'avcid4', '392bb0835f63a7ae3b68162630db12c1', 'Ale', 'Vila Cid', 'Hombre', 'Deportista', '647864183'),
('52349894X', 'avcid5', 'abbbb5d72fc74cf61ef31a32fe85e87d', 'Alej', 'Vila Cid', 'Hombre', 'Deportista', '647864185'),
('52349895X', 'avcid6', 'da2f8e0d863644b52092f9167cccfc82', 'Aleja', 'Vila Cid', 'Hombre', 'Deportista', '647864186'),
('53042369E', 'admin', '21232f297a57a5a743894a0e4a801fc3', 'admin', 'admin', 'Hombre', 'Admin', '687654987'),
('72070206H', 'jaglez', '47747a3f07debbd856020e280fa2419e', 'Jacobo', 'Gonzalez Gonzalez', 'Hombre', 'Deportista', '765890434'),
('78490815A', 'd', '8277e0910d750195b448797616e091ad', 'd', 'd', 'Mujer', 'Deportista', '666666666'),
('78677468B', 'b', '92eb5ffee6ae2fec3ad71c777531578f', 'b', 'b', 'Mujer', 'Deportista', '999999999'),

('45469088C', 'usuario1', 'f8032d5cae3de20fcec887f395ec9a6a', 'usuario', 'usu usu', 'Hombre', 'Deportista', '654654654'),
('37570953Q', 'usuario2', 'f8032d5cae3de20fcec887f395ec9a6a', 'usuario', 'usu usu', 'Hombre', 'Deportista', '654654654'),
('74663639G', 'usuario3', 'f8032d5cae3de20fcec887f395ec9a6a', 'usuario', 'usu usu', 'Hombre', 'Deportista', '654654654'),
('82156546V', 'usuario4', 'f8032d5cae3de20fcec887f395ec9a6a', 'usuario', 'usu usu', 'Hombre', 'Deportista', '654654654'),
('56024330X', 'usuario5', 'f8032d5cae3de20fcec887f395ec9a6a', 'usuario', 'usu usu ', 'Hombre', 'Deportista', '654654654'),
('05898864P', 'usuario6', 'f8032d5cae3de20fcec887f395ec9a6a', 'usuario', 'usu usu ', 'Hombre', 'Deportista', '654654654'),
('40448300V', 'usuario7', 'f8032d5cae3de20fcec887f395ec9a6a', 'usuario', 'usu usu ', 'Hombre', 'Deportista', '654654654'),
('13445176C', 'usuario8', 'f8032d5cae3de20fcec887f395ec9a6a', 'usuario', 'usu usu ', 'Hombre', 'Deportista', '654654654'),
('44483091X', 'usuario9', 'f8032d5cae3de20fcec887f395ec9a6a', 'usuario', 'usu usu ', 'Hombre', 'Deportista', '654654654'),
('35834906D', 'usuario10', 'f8032d5cae3de20fcec887f395ec9a6a', 'usuario', 'usu usu ', 'Hombre', 'Deportista', '654654654'),
('50618236C', 'usuario11', 'f8032d5cae3de20fcec887f395ec9a6a', 'usuario', 'usu usu ', 'Hombre', 'Deportista', '654654654'),
('32786735M', 'usuario12', 'f8032d5cae3de20fcec887f395ec9a6a', 'usuario', 'usu usu ', 'Hombre', 'Deportista', '654654654'),
('32565019D', 'usuario13', 'f8032d5cae3de20fcec887f395ec9a6a', 'usuario', 'usu usu ', 'Hombre', 'Deportista', '654654654'),
('88251025W', 'usuario14', 'f8032d5cae3de20fcec887f395ec9a6a', 'usuario', 'usu usu ', 'Hombre', 'Deportista', '654654654'),
('81513809S', 'usuario16', 'f8032d5cae3de20fcec887f395ec9a6a', 'usuario', 'usu usu ', 'Hombre', 'Deportista', '654654654'),
('04561455A', 'usuario17', 'f8032d5cae3de20fcec887f395ec9a6a', 'usuario', 'usu usu ', 'Hombre', 'Deportista', '654654654'),
('29779050F', 'usuario18', 'f8032d5cae3de20fcec887f395ec9a6a', 'usuario', 'usu usu ', 'Hombre', 'Deportista', '654654654'),
('07077003H', 'usuario19', 'f8032d5cae3de20fcec887f395ec9a6a', 'usuario', 'usu usu ', 'Hombre', 'Deportista', '654654654'),
('25056499T', 'usuario20', 'f8032d5cae3de20fcec887f395ec9a6a', 'usuario', 'usu usu ', 'Hombre', 'Deportista', '654654654'),
('12607050Z', 'usuario21', 'f8032d5cae3de20fcec887f395ec9a6a', 'usuario', 'usu usu ', 'Hombre', 'Deportista', '654654654'),
('69874841J', 'usuario22', 'f8032d5cae3de20fcec887f395ec9a6a', 'usuario', 'usu usu ', 'Hombre', 'Deportista', '654654654'),
('50157177L', 'usuario23', 'f8032d5cae3de20fcec887f395ec9a6a', 'usuario', 'usu usu ', 'Hombre', 'Deportista', '654654654'),
('37932435F', 'usuario24', 'f8032d5cae3de20fcec887f395ec9a6a', 'usuario', 'usu usu ', 'Hombre', 'Deportista', '654654654'),
('35548048F', 'usuario25', 'f8032d5cae3de20fcec887f395ec9a6a', 'usuario', 'usu usu ', 'Hombre', 'Deportista', '654654654'),
('89777657D', 'usuario26', 'f8032d5cae3de20fcec887f395ec9a6a', 'usuario', 'usu usu ', 'Hombre', 'Deportista', '654654654'),
('57191504A', 'usuario27', 'f8032d5cae3de20fcec887f395ec9a6a', 'usuario', 'usu usu ', 'Hombre', 'Deportista', '654654654'),

('61233894M', 'usuario28', 'f8032d5cae3de20fcec887f395ec9a6a', 'usuario', 'usu usu ', 'Hombre', 'Deportista', '654654654'),
('91971188F', 'usuario29', 'f8032d5cae3de20fcec887f395ec9a6a', 'usuario', 'usu usu ', 'Hombre', 'Deportista', '654654654'),
('36426773V', 'usuario30', 'f8032d5cae3de20fcec887f395ec9a6a', 'usuario', 'usu usu ', 'Hombre', 'Deportista', '654654654'),
('54841896Y', 'usuario31', 'f8032d5cae3de20fcec887f395ec9a6a', 'usuario', 'usu usu ', 'Hombre', 'Deportista', '654654654'),
('42868137R', 'usuario32', 'f8032d5cae3de20fcec887f395ec9a6a', 'usuario', 'usu usu ', 'Hombre', 'Deportista', '654654654'),
('46578649S', 'usuario33', 'f8032d5cae3de20fcec887f395ec9a6a', 'usuario', 'usu usu ', 'Hombre', 'Deportista', '654654654'),
('11940678K', 'usuario34', 'f8032d5cae3de20fcec887f395ec9a6a', 'usuario', 'usu usu ', 'Hombre', 'Deportista', '654654654'),
('36571256Z', 'usuario35', 'f8032d5cae3de20fcec887f395ec9a6a', 'usuario', 'usu usu ', 'Hombre', 'Deportista', '654654654'),
('17685270H', 'usuario36', 'f8032d5cae3de20fcec887f395ec9a6a', 'usuario', 'usu usu ', 'Hombre', 'Deportista', '654654654'),
('38832081P', 'usuario37', 'f8032d5cae3de20fcec887f395ec9a6a', 'usuario', 'usu usu ', 'Hombre', 'Deportista', '654654654'),
('85632192H', 'usuario38', 'f8032d5cae3de20fcec887f395ec9a6a', 'usuario', 'usu usu ', 'Hombre', 'Deportista', '654654654'),
('92560718R', 'usuario39', 'f8032d5cae3de20fcec887f395ec9a6a', 'usuario', 'usu usu ', 'Hombre', 'Deportista', '654654654'),
('37823374N', 'usuario40', 'f8032d5cae3de20fcec887f395ec9a6a', 'usuario', 'usu usu ', 'Hombre', 'Deportista', '654654654'),
('18661815Y', 'usuario41', 'f8032d5cae3de20fcec887f395ec9a6a', 'usuario', 'usu usu ', 'Hombre', 'Deportista', '654654654'),
('25113967Z', 'usuario43', 'f8032d5cae3de20fcec887f395ec9a6a', 'usuario', 'usu usu ', 'Hombre', 'Deportista', '654654654'),
('88562214R', 'usuario44', 'f8032d5cae3de20fcec887f395ec9a6a', 'usuario', 'usu usu ', 'Hombre', 'Deportista', '654654654'),
('43537763M', 'usuario45', 'f8032d5cae3de20fcec887f395ec9a6a', 'usuario', 'usu usu ', 'Hombre', 'Deportista', '654654654'),
('82592431Y', 'usuario46', 'f8032d5cae3de20fcec887f395ec9a6a', 'usuario', 'usu usu ', 'Hombre', 'Deportista', '654654654'),
('85947364K', 'usuario47', 'f8032d5cae3de20fcec887f395ec9a6a', 'usuario', 'usu usu ', 'Hombre', 'Deportista', '654654654'),
('66676536L', 'usuario48', 'f8032d5cae3de20fcec887f395ec9a6a', 'usuario', 'usu usu ', 'Hombre', 'Deportista', '654654654'),
('92597063Y', 'usuario49', 'f8032d5cae3de20fcec887f395ec9a6a', 'usuario', 'usu usu ', 'Hombre', 'Deportista', '654654654'),
('27121905Y', 'usuario50', 'f8032d5cae3de20fcec887f395ec9a6a', 'usuario', 'usu usu ', 'Hombre', 'Deportista', '654654654'),
('80829720S', 'usuario51', 'f8032d5cae3de20fcec887f395ec9a6a', 'usuario', 'usu usu ', 'Hombre', 'Deportista', '654654654'),
('92393863B', 'usuario52', 'f8032d5cae3de20fcec887f395ec9a6a', 'usuario', 'usu usu ', 'Hombre', 'Deportista', '654654654'),
('23153718D', 'usuario53', 'f8032d5cae3de20fcec887f395ec9a6a', 'usuario', 'usu usu ', 'Hombre', 'Deportista', '654654654'),
('08169083N', 'usuario54', 'f8032d5cae3de20fcec887f395ec9a6a', 'usuario', 'usu usu ', 'Hombre', 'Deportista', '654654654'),

('66608158C', 'usuario55', 'f8032d5cae3de20fcec887f395ec9a6a', 'usuario', 'usu usu ', 'Hombre', 'Deportista', '654654654'),
('53644402F', 'usuario56', 'f8032d5cae3de20fcec887f395ec9a6a', 'usuario', 'usu usu ', 'Hombre', 'Deportista', '654654654'),
('75880878Z', 'usuario57', 'f8032d5cae3de20fcec887f395ec9a6a', 'usuario', 'usu usu ', 'Hombre', 'Deportista', '654654654'),
('22563967R', 'usuario58', 'f8032d5cae3de20fcec887f395ec9a6a', 'usuario', 'usu usu ', 'Hombre', 'Deportista', '654654654'),
('16116911Y', 'usuario59', 'f8032d5cae3de20fcec887f395ec9a6a', 'usuario', 'usu usu ', 'Hombre', 'Deportista', '654654654'),
('05958241E', 'usuario60', 'f8032d5cae3de20fcec887f395ec9a6a', 'usuario', 'usu usu ', 'Hombre', 'Deportista', '654654654'),
('27130795H', 'usuario61', 'f8032d5cae3de20fcec887f395ec9a6a', 'usuario', 'usu usu ', 'Hombre', 'Deportista', '654654654'),
('28655833H', 'usuario62', 'f8032d5cae3de20fcec887f395ec9a6a', 'usuario', 'usu usu ', 'Hombre', 'Deportista', '654654654'),
('62455018J', 'usuario63', 'f8032d5cae3de20fcec887f395ec9a6a', 'usuario', 'usu usu ', 'Hombre', 'Deportista', '654654654'),
('28995736G', 'usuario64', 'f8032d5cae3de20fcec887f395ec9a6a', 'usuario', 'usu usu ', 'Hombre', 'Deportista', '654654654'),
('99547522A', 'usuario65', 'f8032d5cae3de20fcec887f395ec9a6a', 'usuario', 'usu usu ', 'Hombre', 'Deportista', '654654654'),
('05217917E', 'usuario66', 'f8032d5cae3de20fcec887f395ec9a6a', 'usuario', 'usu usu ', 'Hombre', 'Deportista', '654654654'),
('84819624V', 'usuario67', 'f8032d5cae3de20fcec887f395ec9a6a', 'usuario', 'usu usu ', 'Hombre', 'Deportista', '654654654'),
('26958571H', 'usuario68', 'f8032d5cae3de20fcec887f395ec9a6a', 'usuario', 'usu usu ', 'Hombre', 'Deportista', '654654654'),
('30959193C', 'usuario70', 'f8032d5cae3de20fcec887f395ec9a6a', 'usuario', 'usu usu ', 'Hombre', 'Deportista', '654654654'),
('10337157Z', 'usuario71', 'f8032d5cae3de20fcec887f395ec9a6a', 'usuario', 'usu usu ', 'Hombre', 'Deportista', '654654654'),
('81716664X', 'usuario72', 'f8032d5cae3de20fcec887f395ec9a6a', 'usuario', 'usu usu ', 'Hombre', 'Deportista', '654654654'),
('75379046L', 'usuario73', 'f8032d5cae3de20fcec887f395ec9a6a', 'usuario', 'usu usu ', 'Hombre', 'Deportista', '654654654'),
('42792454B', 'usuario74', 'f8032d5cae3de20fcec887f395ec9a6a', 'usuario', 'usu usu ', 'Hombre', 'Deportista', '654654654'),
('78938819J', 'usuario75', 'f8032d5cae3de20fcec887f395ec9a6a', 'usuario', 'usu usu ', 'Hombre', 'Deportista', '654654654'),
('67472753E', 'usuario76', 'f8032d5cae3de20fcec887f395ec9a6a', 'usuario', 'usu usu ', 'Hombre', 'Deportista', '654654654'),
('76250341M', 'usuario77', 'f8032d5cae3de20fcec887f395ec9a6a', 'usuario', 'usu usu ', 'Hombre', 'Deportista', '654654654'),
('67876168V', 'usuario78', 'f8032d5cae3de20fcec887f395ec9a6a', 'usuario', 'usu usu ', 'Hombre', 'Deportista', '654654654'),
('98491991B', 'usuario79', 'f8032d5cae3de20fcec887f395ec9a6a', 'usuario', 'usu usu ', 'Hombre', 'Deportista', '654654654'),
('39972383Q', 'usuario80', 'f8032d5cae3de20fcec887f395ec9a6a', 'usuario', 'usu usu ', 'Hombre', 'Deportista', '654654654'),
('24758439C', 'usuario81', 'f8032d5cae3de20fcec887f395ec9a6a', 'usuario', 'usu usu ', 'Hombre', 'Deportista', '654654654'),

('73809123F', 'usuario82', 'f8032d5cae3de20fcec887f395ec9a6a', 'usuario', 'usu usu ', 'Hombre', 'Deportista', '654654654'),
('59039913V', 'usuario83', 'f8032d5cae3de20fcec887f395ec9a6a', 'usuario', 'usu usu ', 'Hombre', 'Deportista', '654654654'),
('23942097V', 'usuario84', 'f8032d5cae3de20fcec887f395ec9a6a', 'usuario', 'usu usu ', 'Hombre', 'Deportista', '654654654'),
('59847875N', 'usuario85', 'f8032d5cae3de20fcec887f395ec9a6a', 'usuario', 'usu usu ', 'Hombre', 'Deportista', '654654654'),
('70120643Z', 'usuario86', 'f8032d5cae3de20fcec887f395ec9a6a', 'usuario', 'usu usu ', 'Hombre', 'Deportista', '654654654'),
('31630463N', 'usuario87', 'f8032d5cae3de20fcec887f395ec9a6a', 'usuario', 'usu usu ', 'Hombre', 'Deportista', '654654654'),
('41429648R', 'usuario88', 'f8032d5cae3de20fcec887f395ec9a6a', 'usuario', 'usu usu ', 'Hombre', 'Deportista', '654654654'),
('66210896Z', 'usuario89', 'f8032d5cae3de20fcec887f395ec9a6a', 'usuario', 'usu usu ', 'Hombre', 'Deportista', '654654654'),
('14401740Z', 'usuario90', 'f8032d5cae3de20fcec887f395ec9a6a', 'usuario', 'usu usu ', 'Hombre', 'Deportista', '654654654'),
('95230766W', 'usuario91', 'f8032d5cae3de20fcec887f395ec9a6a', 'usuario', 'usu usu ', 'Hombre', 'Deportista', '654654654'),
('31825918J', 'usuario92', 'f8032d5cae3de20fcec887f395ec9a6a', 'usuario', 'usu usu ', 'Hombre', 'Deportista', '654654654'),
('53268521S', 'usuario93', 'f8032d5cae3de20fcec887f395ec9a6a', 'usuario', 'usu usu ', 'Hombre', 'Deportista', '654654654'),
('03503730W', 'usuario94', 'f8032d5cae3de20fcec887f395ec9a6a', 'usuario', 'usu usu ', 'Hombre', 'Deportista', '654654654'),
('62187339P', 'usuario95', 'f8032d5cae3de20fcec887f395ec9a6a', 'usuario', 'usu usu ', 'Hombre', 'Deportista', '654654654'),
('35289444S', 'usuario97', 'f8032d5cae3de20fcec887f395ec9a6a', 'usuario', 'usu usu ', 'Hombre', 'Deportista', '654654654'),
('72875498K', 'usuario98', 'f8032d5cae3de20fcec887f395ec9a6a', 'usuario', 'usu usu ', 'Hombre', 'Deportista', '654654654'),
('41922675T', 'usuario99', 'f8032d5cae3de20fcec887f395ec9a6a', 'usuario', 'usu usu ', 'Hombre', 'Deportista', '654654654'),
('03755562F', 'usuario100', 'f8032d5cae3de20fcec887f395ec9a6a', 'usuario', 'usu usu ', 'Hombre', 'Deportista', '654654654'),
('11981305F', 'usuario101', 'f8032d5cae3de20fcec887f395ec9a6a', 'usuario', 'usu usu ', 'Hombre', 'Deportista', '654654654'),
('51143419K', 'usuario102', 'f8032d5cae3de20fcec887f395ec9a6a', 'usuario', 'usu usu ', 'Hombre', 'Deportista', '654654654'),
('84742584G', 'usuario103', 'f8032d5cae3de20fcec887f395ec9a6a', 'usuario', 'usu usu ', 'Hombre', 'Deportista', '654654654'),
('59062371G', 'usuario104', 'f8032d5cae3de20fcec887f395ec9a6a', 'usuario', 'usu usu ', 'Hombre', 'Deportista', '654654654'),
('92758059W', 'usuario105', 'f8032d5cae3de20fcec887f395ec9a6a', 'usuario', 'usu usu ', 'Hombre', 'Deportista', '654654654'),
('95099262N', 'usuario106', 'f8032d5cae3de20fcec887f395ec9a6a', 'usuario', 'usu usu ', 'Hombre', 'Deportista', '654654654'),
('29758189F', 'usuario107', 'f8032d5cae3de20fcec887f395ec9a6a', 'usuario', 'usu usu ', 'Hombre', 'Deportista', '654654654'),
('80818456K', 'usuario108', 'f8032d5cae3de20fcec887f395ec9a6a', 'usuario', 'usu usu ', 'Hombre', 'Deportista', '654654654'),

('95759529H', 'usuario109', 'f8032d5cae3de20fcec887f395ec9a6a', 'usuario', 'usu usu ', 'Hombre', 'Deportista', '654654654'),
('70436827V', 'usuario110', 'f8032d5cae3de20fcec887f395ec9a6a', 'usuario', 'usu usu ', 'Hombre', 'Deportista', '654654654'),
('11658748W', 'usuario111', 'f8032d5cae3de20fcec887f395ec9a6a', 'usuario', 'usu usu ', 'Hombre', 'Deportista', '654654654'),
('37085102V', 'usuario112', 'f8032d5cae3de20fcec887f395ec9a6a', 'usuario', 'usu usu ', 'Hombre', 'Deportista', '654654654'),
('45360831R', 'usuario113', 'f8032d5cae3de20fcec887f395ec9a6a', 'usuario', 'usu usu ', 'Hombre', 'Deportista', '654654654'),
('06406676A', 'usuario114', 'f8032d5cae3de20fcec887f395ec9a6a', 'usuario', 'usu usu ', 'Hombre', 'Deportista', '654654654'),
('68512189L', 'usuario115', 'f8032d5cae3de20fcec887f395ec9a6a', 'usuario', 'usu usu ', 'Hombre', 'Deportista', '654654654'),
('68603269L', 'usuario116', 'f8032d5cae3de20fcec887f395ec9a6a', 'usuario', 'usu usu ', 'Hombre', 'Deportista', '654654654'),
('07499505X', 'usuario117', 'f8032d5cae3de20fcec887f395ec9a6a', 'usuario', 'usu usu ', 'Hombre', 'Deportista', '654654654'),
('73113683H', 'usuario118', 'f8032d5cae3de20fcec887f395ec9a6a', 'usuario', 'usu usu ', 'Hombre', 'Deportista', '654654654'),
('00058208H', 'usuario119', 'f8032d5cae3de20fcec887f395ec9a6a', 'usuario', 'usu usu ', 'Hombre', 'Deportista', '654654654'),
('40333777B', 'usuario120', 'f8032d5cae3de20fcec887f395ec9a6a', 'usuario', 'usu usu ', 'Hombre', 'Deportista', '654654654'),
('08825685X', 'usuario121', 'f8032d5cae3de20fcec887f395ec9a6a', 'usuario', 'usu usu ', 'Hombre', 'Deportista', '654654654'),
('01075915K', 'usuario122', 'f8032d5cae3de20fcec887f395ec9a6a', 'usuario', 'usu usu ', 'Hombre', 'Deportista', '654654654'),
('67587565H', 'usuario123', 'f8032d5cae3de20fcec887f395ec9a6a', 'usuario', 'usu usu ', 'Hombre', 'Deportista', '654654654'),
('98718831W', 'usuario124', 'f8032d5cae3de20fcec887f395ec9a6a', 'usuario', 'usu usu ', 'Hombre', 'Deportista', '654654654'),
('44122808E', 'usuario125', 'f8032d5cae3de20fcec887f395ec9a6a', 'usuario', 'usu usu ', 'Hombre', 'Deportista', '654654654'),
('73173591B', 'usuario126', 'f8032d5cae3de20fcec887f395ec9a6a', 'usuario', 'usu usu ', 'Hombre', 'Deportista', '654654654'),
('19247002G', 'usuario127', 'f8032d5cae3de20fcec887f395ec9a6a', 'usuario', 'usu usu ', 'Hombre', 'Deportista', '654654654'),
('66664596Q', 'usuario128', 'f8032d5cae3de20fcec887f395ec9a6a', 'usuario', 'usu usu ', 'Hombre', 'Deportista', '654654654'),
('20620577L', 'usuario129', 'f8032d5cae3de20fcec887f395ec9a6a', 'usuario', 'usu usu ', 'Hombre', 'Deportista', '654654654'),
('02499742X', 'usuario130', 'f8032d5cae3de20fcec887f395ec9a6a', 'usuario', 'usu usu ', 'Hombre', 'Deportista', '654654654'),
('86628976M', 'usuario131', 'f8032d5cae3de20fcec887f395ec9a6a', 'usuario', 'usu usu ', 'Hombre', 'Deportista', '654654654'),
('53126908J', 'usuario132', 'f8032d5cae3de20fcec887f395ec9a6a', 'usuario', 'usu usu ', 'Hombre', 'Deportista', '654654654'),
('43166687B', 'usuario133', 'f8032d5cae3de20fcec887f395ec9a6a', 'usuario', 'usu usu ', 'Hombre', 'Deportista', '654654654'),
('90572155H', 'usuario134', 'f8032d5cae3de20fcec887f395ec9a6a', 'usuario', 'usu usu ', 'Hombre', 'Deportista', '654654654'),

('05539519S', 'usuario135', 'f8032d5cae3de20fcec887f395ec9a6a', 'usuario', 'usu usu ', 'Hombre', 'Deportista', '654654654'),
('17232758P', 'usuario136', 'f8032d5cae3de20fcec887f395ec9a6a', 'usuario', 'usu usu ', 'Hombre', 'Deportista', '654654654'),
('59852611X', 'usuario137', 'f8032d5cae3de20fcec887f395ec9a6a', 'usuario', 'usu usu ', 'Hombre', 'Deportista', '654654654'),
('33244805F', 'usuario138', 'f8032d5cae3de20fcec887f395ec9a6a', 'usuario', 'usu usu ', 'Hombre', 'Deportista', '654654654'),
('56852207W', 'usuario139', 'f8032d5cae3de20fcec887f395ec9a6a', 'usuario', 'usu usu ', 'Hombre', 'Deportista', '654654654'),
('62431406E', 'usuario140', 'f8032d5cae3de20fcec887f395ec9a6a', 'usuario', 'usu usu ', 'Hombre', 'Deportista', '654654654'),
('53973802R', 'usuario141', 'f8032d5cae3de20fcec887f395ec9a6a', 'usuario', 'usu usu ', 'Hombre', 'Deportista', '654654654'),
('12550512X', 'usuario142', 'f8032d5cae3de20fcec887f395ec9a6a', 'usuario', 'usu usu ', 'Hombre', 'Deportista', '654654654'),
('34752423K', 'usuario143', 'f8032d5cae3de20fcec887f395ec9a6a', 'usuario', 'usu usu ', 'Hombre', 'Deportista', '654654654'),
('11027982B', 'usuario144', 'f8032d5cae3de20fcec887f395ec9a6a', 'usuario', 'usu usu ', 'Hombre', 'Deportista', '654654654'),
('03466420K', 'usuario145', 'f8032d5cae3de20fcec887f395ec9a6a', 'usuario', 'usu usu ', 'Hombre', 'Deportista', '654654654'),
('44892924Y', 'usuario146', 'f8032d5cae3de20fcec887f395ec9a6a', 'usuario', 'usu usu ', 'Hombre', 'Deportista', '654654654'),
('28353507G', 'usuario147', 'f8032d5cae3de20fcec887f395ec9a6a', 'usuario', 'usu usu ', 'Hombre', 'Deportista', '654654654'),
('57098671K', 'usuario148', 'f8032d5cae3de20fcec887f395ec9a6a', 'usuario', 'usu usu ', 'Hombre', 'Deportista', '654654654'),
('24290775S', 'usuario149', 'f8032d5cae3de20fcec887f395ec9a6a', 'usuario', 'usu usu ', 'Hombre', 'Deportista', '654654654'),
('82249826D', 'usuario150', 'f8032d5cae3de20fcec887f395ec9a6a', 'usuario', 'usu usu ', 'Hombre', 'Deportista', '654654654'),
('89038914A', 'usuario151', 'f8032d5cae3de20fcec887f395ec9a6a', 'usuario', 'usu usu ', 'Hombre', 'Deportista', '654654654'),
('27063292C', 'usuario152', 'f8032d5cae3de20fcec887f395ec9a6a', 'usuario', 'usu usu ', 'Hombre', 'Deportista', '654654654'),
('59529910E', 'usuario153', 'f8032d5cae3de20fcec887f395ec9a6a', 'usuario', 'usu usu ', 'Hombre', 'Deportista', '654654654'),
('89459595Z', 'usuario154', 'f8032d5cae3de20fcec887f395ec9a6a', 'usuario', 'usu usu ', 'Hombre', 'Deportista', '654654654'),
('49838129G', 'usuario155', 'f8032d5cae3de20fcec887f395ec9a6a', 'usuario', 'usu usu ', 'Hombre', 'Deportista', '654654654'),
('36937290A', 'usuario156', 'f8032d5cae3de20fcec887f395ec9a6a', 'usuario', 'usu usu ', 'Hombre', 'Deportista', '654654654'),
('74836435R', 'usuario157', 'f8032d5cae3de20fcec887f395ec9a6a', 'usuario', 'usu usu ', 'Hombre', 'Deportista', '654654654'),
('57607279F', 'usuario158', 'f8032d5cae3de20fcec887f395ec9a6a', 'usuario', 'usu usu ', 'Hombre', 'Deportista', '654654654'),
('97678836K', 'usuario159', 'f8032d5cae3de20fcec887f395ec9a6a', 'usuario', 'usu usu ', 'Hombre', 'Deportista', '654654654'),
('36945362W', 'usuario160', 'f8032d5cae3de20fcec887f395ec9a6a', 'usuario', 'usu usu ', 'Hombre', 'Deportista', '654654654'),

('37647319E', 'usuario161', 'f8032d5cae3de20fcec887f395ec9a6a', 'usuario', 'usu usu ', 'Hombre', 'Deportista', '654654654'),
('09379283K', 'usuario162', 'f8032d5cae3de20fcec887f395ec9a6a', 'usuario', 'usu usu ', 'Hombre', 'Deportista', '654654654'),
('88350161P', 'usuario163', 'f8032d5cae3de20fcec887f395ec9a6a', 'usuario', 'usu usu ', 'Hombre', 'Deportista', '654654654'),
('18803863Y', 'usuario164', 'f8032d5cae3de20fcec887f395ec9a6a', 'usuario', 'usu usu ', 'Hombre', 'Deportista', '654654654'),
('79687786P', 'usuario165', 'f8032d5cae3de20fcec887f395ec9a6a', 'usuario', 'usu usu ', 'Hombre', 'Deportista', '654654654'),
('09417494Y', 'usuario166', 'f8032d5cae3de20fcec887f395ec9a6a', 'usuario', 'usu usu ', 'Hombre', 'Deportista', '654654654'),
('86875636J', 'usuario167', 'f8032d5cae3de20fcec887f395ec9a6a', 'usuario', 'usu usu ', 'Hombre', 'Deportista', '654654654'),
('42138814P', 'usuario168', 'f8032d5cae3de20fcec887f395ec9a6a', 'usuario', 'usu usu ', 'Hombre', 'Deportista', '654654654'),
('18987868B', 'usuario169', 'f8032d5cae3de20fcec887f395ec9a6a', 'usuario', 'usu usu ', 'Hombre', 'Deportista', '654654654'),
('69856163B', 'usuario170', 'f8032d5cae3de20fcec887f395ec9a6a', 'usuario', 'usu usu ', 'Hombre', 'Deportista', '654654654'),
('51784493Q', 'usuario171', 'f8032d5cae3de20fcec887f395ec9a6a', 'usuario', 'usu usu ', 'Hombre', 'Deportista', '654654654'),
('67241827Q', 'usuario172', 'f8032d5cae3de20fcec887f395ec9a6a', 'usuario', 'usu usu ', 'Hombre', 'Deportista', '654654654'),
('54121367K', 'usuario173', 'f8032d5cae3de20fcec887f395ec9a6a', 'usuario', 'usu usu ', 'Hombre', 'Deportista', '654654654'),
('58499183V', 'usuario174', 'f8032d5cae3de20fcec887f395ec9a6a', 'usuario', 'usu usu ', 'Hombre', 'Deportista', '654654654'),
('34154369J', 'usuario175', 'f8032d5cae3de20fcec887f395ec9a6a', 'usuario', 'usu usu ', 'Hombre', 'Deportista', '654654654'),
('45434828F', 'usuario176', 'f8032d5cae3de20fcec887f395ec9a6a', 'usuario', 'usu usu ', 'Hombre', 'Deportista', '654654654'),
('46787159F', 'usuario177', 'f8032d5cae3de20fcec887f395ec9a6a', 'usuario', 'usu usu ', 'Hombre', 'Deportista', '654654654'),
('01789972C', 'usuario178', 'f8032d5cae3de20fcec887f395ec9a6a', 'usuario', 'usu usu ', 'Hombre', 'Deportista', '654654654'),
('43403750J', 'usuario179', 'f8032d5cae3de20fcec887f395ec9a6a', 'usuario', 'usu usu ', 'Hombre', 'Deportista', '654654654'),
('49620426L', 'usuario180', 'f8032d5cae3de20fcec887f395ec9a6a', 'usuario', 'usu usu ', 'Hombre', 'Deportista', '654654654'),
('00890506S', 'usuario181', 'f8032d5cae3de20fcec887f395ec9a6a', 'usuario', 'usu usu ', 'Hombre', 'Deportista', '654654654'),
('93484445W', 'usuario182', 'f8032d5cae3de20fcec887f395ec9a6a', 'usuario', 'usu usu ', 'Hombre', 'Deportista', '654654654'),
('12061688M', 'usuario183', 'f8032d5cae3de20fcec887f395ec9a6a', 'usuario', 'usu usu ', 'Hombre', 'Deportista', '654654654'),
('61329701V', 'usuario184', 'f8032d5cae3de20fcec887f395ec9a6a', 'usuario', 'usu usu ', 'Hombre', 'Deportista', '654654654'),
('25473317N', 'usuario185', 'f8032d5cae3de20fcec887f395ec9a6a', 'usuario', 'usu usu ', 'Hombre', 'Deportista', '654654654'),
('76446367W', 'usuario186', 'f8032d5cae3de20fcec887f395ec9a6a', 'usuario', 'usu usu ', 'Hombre', 'Deportista', '654654654'),

('37981503Q', 'usuario187', 'f8032d5cae3de20fcec887f395ec9a6a', 'usuario', 'usu usu ', 'Hombre', 'Deportista', '654654654'),
('51709392X', 'usuario188', 'f8032d5cae3de20fcec887f395ec9a6a', 'usuario', 'usu usu ', 'Hombre', 'Deportista', '654654654'),
('14041352J', 'usuario189', 'f8032d5cae3de20fcec887f395ec9a6a', 'usuario', 'usu usu ', 'Hombre', 'Deportista', '654654654'),
('00675948R', 'usuario190', 'f8032d5cae3de20fcec887f395ec9a6a', 'usuario', 'usu usu ', 'Hombre', 'Deportista', '654654654'),
('07409722L', 'usuario191', 'f8032d5cae3de20fcec887f395ec9a6a', 'usuario', 'usu usu ', 'Hombre', 'Deportista', '654654654'),
('05593241D', 'usuario192', 'f8032d5cae3de20fcec887f395ec9a6a', 'usuario', 'usu usu ', 'Hombre', 'Deportista', '654654654'),
('23641099C', 'usuario193', 'f8032d5cae3de20fcec887f395ec9a6a', 'usuario', 'usu usu ', 'Hombre', 'Deportista', '654654654'),
('04735950C', 'usuario194', 'f8032d5cae3de20fcec887f395ec9a6a', 'usuario', 'usu usu ', 'Hombre', 'Deportista', '654654654'),
('11906729C', 'usuario195', 'f8032d5cae3de20fcec887f395ec9a6a', 'usuario', 'usu usu ', 'Hombre', 'Deportista', '654654654'),
('61061960L', 'usuario196', 'f8032d5cae3de20fcec887f395ec9a6a', 'usuario', 'usu usu ', 'Hombre', 'Deportista', '654654654'),
('78305909V', 'usuario197', 'f8032d5cae3de20fcec887f395ec9a6a', 'usuario', 'usu usu ', 'Hombre', 'Deportista', '654654654'),
('97318743Q', 'usuario198', 'f8032d5cae3de20fcec887f395ec9a6a', 'usuario', 'usu usu ', 'Hombre', 'Deportista', '654654654'),
('70873828H', 'usuario199', 'f8032d5cae3de20fcec887f395ec9a6a', 'usuario', 'usu usu ', 'Hombre', 'Deportista', '654654654'),
('97237718C', 'usuario200', 'f8032d5cae3de20fcec887f395ec9a6a', 'usuario', 'usu usu ', 'Hombre', 'Deportista', '654654654'),
('08357122A', 'usuario201', 'f8032d5cae3de20fcec887f395ec9a6a', 'usuario', 'usu usu ', 'Hombre', 'Deportista', '654654654'),
('22951044B', 'usuario202', 'f8032d5cae3de20fcec887f395ec9a6a', 'usuario', 'usu usu ', 'Hombre', 'Deportista', '654654654'),
('89122695H', 'usuario203', 'f8032d5cae3de20fcec887f395ec9a6a', 'usuario', 'usu usu ', 'Hombre', 'Deportista', '654654654'),
('92810958R', 'usuario204', 'f8032d5cae3de20fcec887f395ec9a6a', 'usuario', 'usu usu ', 'Hombre', 'Deportista', '654654654'),
('84987297C', 'usuario205', 'f8032d5cae3de20fcec887f395ec9a6a', 'usuario', 'usu usu ', 'Hombre', 'Deportista', '654654654'),
('65128122B', 'usuario206', 'f8032d5cae3de20fcec887f395ec9a6a', 'usuario', 'usu usu ', 'Hombre', 'Deportista', '654654654'),
('64639618G', 'usuario207', 'f8032d5cae3de20fcec887f395ec9a6a', 'usuario', 'usu usu ', 'Hombre', 'Deportista', '654654654'),
('83758331J', 'usuario208', 'f8032d5cae3de20fcec887f395ec9a6a', 'usuario', 'usu usu ', 'Hombre', 'Deportista', '654654654'),
('49332241R', 'usuario209', 'f8032d5cae3de20fcec887f395ec9a6a', 'usuario', 'usu usu ', 'Hombre', 'Deportista', '654654654'),
('21549236F', 'usuario210', 'f8032d5cae3de20fcec887f395ec9a6a', 'usuario', 'usu usu ', 'Hombre', 'Deportista', '654654654'),
('38383345W', 'usuario211', 'f8032d5cae3de20fcec887f395ec9a6a', 'usuario', 'usu usu ', 'Hombre', 'Deportista', '654654654'),
('09789679M', 'usuario212', 'f8032d5cae3de20fcec887f395ec9a6a', 'usuario', 'usu usu ', 'Hombre', 'Deportista', '654654654'),

('50442636W', 'usuario213', 'f8032d5cae3de20fcec887f395ec9a6a', 'usuario', 'usu usu ', 'Mujer', 'Deportista', '654654654'),
('57077672K', 'usuario214', 'f8032d5cae3de20fcec887f395ec9a6a', 'usuario', 'usu usu ', 'Mujer', 'Deportista', '654654654'),
('22883598R', 'usuario215', 'f8032d5cae3de20fcec887f395ec9a6a', 'usuario', 'usu usu ', 'Mujer', 'Deportista', '654654654'),
('24780186D', 'usuario216', 'f8032d5cae3de20fcec887f395ec9a6a', 'usuario', 'usu usu ', 'Mujer', 'Deportista', '654654654'),
('36331073C', 'usuario217', 'f8032d5cae3de20fcec887f395ec9a6a', 'usuario', 'usu usu ', 'Mujer', 'Deportista', '654654654'),
('25627140B', 'usuario218', 'f8032d5cae3de20fcec887f395ec9a6a', 'usuario', 'usu usu ', 'Mujer', 'Deportista', '654654654'),
('22025120K', 'usuario219', 'f8032d5cae3de20fcec887f395ec9a6a', 'usuario', 'usu usu ', 'Mujer', 'Deportista', '654654654'),
('30667845J', 'usuario220', 'f8032d5cae3de20fcec887f395ec9a6a', 'usuario', 'usu usu ', 'Mujer', 'Deportista', '654654654'),

('47800377Y', 'usuario221', 'f8032d5cae3de20fcec887f395ec9a6a', 'usuario', 'usu usu ', 'Mujer', 'Deportista', '654654654'),
('03673507Q', 'usuario222', 'f8032d5cae3de20fcec887f395ec9a6a', 'usuario', 'usu usu ', 'Mujer', 'Deportista', '654654654'),
('99309193T', 'usuario223', 'f8032d5cae3de20fcec887f395ec9a6a', 'usuario', 'usu usu ', 'Mujer', 'Deportista', '654654654'),
('14938665G', 'usuario224', 'f8032d5cae3de20fcec887f395ec9a6a', 'usuario', 'usu usu ', 'Mujer', 'Deportista', '654654654'),
('90347486J', 'usuario225', 'f8032d5cae3de20fcec887f395ec9a6a', 'usuario', 'usu usu ', 'Mujer', 'Deportista', '654654654'),
('12551223P', 'usuario226', 'f8032d5cae3de20fcec887f395ec9a6a', 'usuario', 'usu usu ', 'Mujer', 'Deportista', '654654654'),
('10149961S', 'usuario227', 'f8032d5cae3de20fcec887f395ec9a6a', 'usuario', 'usu usu ', 'Mujer', 'Deportista', '654654654'),
('22863325Z', 'usuario228', 'f8032d5cae3de20fcec887f395ec9a6a', 'usuario', 'usu usu ', 'Mujer', 'Deportista', '654654654'),

('00459578S', 'usuario229', 'f8032d5cae3de20fcec887f395ec9a6a', 'usuario', 'usu usu ', 'Mujer', 'Deportista', '654654654'),
('76842991Z', 'usuario230', 'f8032d5cae3de20fcec887f395ec9a6a', 'usuario', 'usu usu ', 'Mujer', 'Deportista', '654654654'),
('42181673H', 'usuario231', 'f8032d5cae3de20fcec887f395ec9a6a', 'usuario', 'usu usu ', 'Mujer', 'Deportista', '654654654'),
('19824481E', 'usuario232', 'f8032d5cae3de20fcec887f395ec9a6a', 'usuario', 'usu usu ', 'Mujer', 'Deportista', '654654654'),
('20212825B', 'usuario233', 'f8032d5cae3de20fcec887f395ec9a6a', 'usuario', 'usu usu ', 'Mujer', 'Deportista', '654654654'),
('67363768B', 'usuario234', 'f8032d5cae3de20fcec887f395ec9a6a', 'usuario', 'usu usu ', 'Mujer', 'Deportista', '654654654'),
('24852152P', 'usuario235', 'f8032d5cae3de20fcec887f395ec9a6a', 'usuario', 'usu usu ', 'Mujer', 'Deportista', '654654654'),
('01596285Q', 'usuario236', 'f8032d5cae3de20fcec887f395ec9a6a', 'usuario', 'usu usu ', 'Mujer', 'Deportista', '654654654'),

('20347772V', 'usuario237', 'f8032d5cae3de20fcec887f395ec9a6a', 'usuario', 'usu usu ', 'Mujer', 'Deportista', '654654654'),
('98665986B', 'usuario238', 'f8032d5cae3de20fcec887f395ec9a6a', 'usuario', 'usu usu ', 'Mujer', 'Deportista', '654654654'),
('83395697C', 'usuario239', 'f8032d5cae3de20fcec887f395ec9a6a', 'usuario', 'usu usu ', 'Mujer', 'Deportista', '654654654'),
('08297973X', 'usuario240', 'f8032d5cae3de20fcec887f395ec9a6a', 'usuario', 'usu usu ', 'Mujer', 'Deportista', '654654654'),
('63558007Z', 'usuario241', 'f8032d5cae3de20fcec887f395ec9a6a', 'usuario', 'usu usu ', 'Mujer', 'Deportista', '654654654'),
('37466771R', 'usuario242', 'f8032d5cae3de20fcec887f395ec9a6a', 'usuario', 'usu usu ', 'Mujer', 'Deportista', '654654654'),
('89216397H', 'usuario243', 'f8032d5cae3de20fcec887f395ec9a6a', 'usuario', 'usu usu ', 'Mujer', 'Deportista', '654654654'),
('39994527B', 'usuario244', 'f8032d5cae3de20fcec887f395ec9a6a', 'usuario', 'usu usu ', 'Mujer', 'Deportista', '654654654'),

('24852079G', 'usuario245', 'f8032d5cae3de20fcec887f395ec9a6a', 'usuario', 'usu usu ', 'Mujer', 'Deportista', '654654654'),
('03210978V', 'usuario246', 'f8032d5cae3de20fcec887f395ec9a6a', 'usuario', 'usu usu ', 'Mujer', 'Deportista', '654654654'),
('21083791J', 'usuario247', 'f8032d5cae3de20fcec887f395ec9a6a', 'usuario', 'usu usu ', 'Mujer', 'Deportista', '654654654'),
('59058104S', 'usuario248', 'f8032d5cae3de20fcec887f395ec9a6a', 'usuario', 'usu usu ', 'Mujer', 'Deportista', '654654654'),
('56277565S', 'usuario249', 'f8032d5cae3de20fcec887f395ec9a6a', 'usuario', 'usu usu ', 'Mujer', 'Deportista', '654654654'),
('10835617H', 'usuario250', 'f8032d5cae3de20fcec887f395ec9a6a', 'usuario', 'usu usu ', 'Mujer', 'Deportista', '654654654'),
('60509545H', 'usuario251', 'f8032d5cae3de20fcec887f395ec9a6a', 'usuario', 'usu usu ', 'Mujer', 'Deportista', '654654654'),
('77124629V', 'usuario252', 'f8032d5cae3de20fcec887f395ec9a6a', 'usuario', 'usu usu ', 'Mujer', 'Deportista', '654654654'),

('67383786L', 'usuario253', 'f8032d5cae3de20fcec887f395ec9a6a', 'usuario', 'usu usu ', 'Mujer', 'Deportista', '654654654'),
('16482771M', 'usuario254', 'f8032d5cae3de20fcec887f395ec9a6a', 'usuario', 'usu usu ', 'Mujer', 'Deportista', '654654654'),
('27514418R', 'usuario255', 'f8032d5cae3de20fcec887f395ec9a6a', 'usuario', 'usu usu ', 'Mujer', 'Deportista', '654654654'),
('93670699W', 'usuario256', 'f8032d5cae3de20fcec887f395ec9a6a', 'usuario', 'usu usu ', 'Mujer', 'Deportista', '654654654'),
('34637780X', 'usuario257', 'f8032d5cae3de20fcec887f395ec9a6a', 'usuario', 'usu usu ', 'Mujer', 'Deportista', '654654654'),
('37972416Z', 'usuario258', 'f8032d5cae3de20fcec887f395ec9a6a', 'usuario', 'usu usu ', 'Mujer', 'Deportista', '654654654'),
('82059409D', 'usuario259', 'f8032d5cae3de20fcec887f395ec9a6a', 'usuario', 'usu usu ', 'Mujer', 'Deportista', '654654654'),
('04938708X', 'usuario260', 'f8032d5cae3de20fcec887f395ec9a6a', 'usuario', 'usu usu ', 'Mujer', 'Deportista', '654654654'),

('32045944K', 'usuario261', 'f8032d5cae3de20fcec887f395ec9a6a', 'usuario', 'usu usu ', 'Mujer', 'Deportista', '654654654'),
('51604675N', 'usuario262', 'f8032d5cae3de20fcec887f395ec9a6a', 'usuario', 'usu usu ', 'Mujer', 'Deportista', '654654654'),
('18605817J', 'usuario263', 'f8032d5cae3de20fcec887f395ec9a6a', 'usuario', 'usu usu ', 'Mujer', 'Deportista', '654654654'),
('43191772A', 'usuario264', 'f8032d5cae3de20fcec887f395ec9a6a', 'usuario', 'usu usu ', 'Mujer', 'Deportista', '654654654'),
('12362723Q', 'usuario265', 'f8032d5cae3de20fcec887f395ec9a6a', 'usuario', 'usu usu ', 'Mujer', 'Deportista', '654654654'),
('59302651A', 'usuario266', 'f8032d5cae3de20fcec887f395ec9a6a', 'usuario', 'usu usu ', 'Mujer', 'Deportista', '654654654'),
('59279091H', 'usuario267', 'f8032d5cae3de20fcec887f395ec9a6a', 'usuario', 'usu usu ', 'Mujer', 'Deportista', '654654654'),
('88731809V', 'usuario268', 'f8032d5cae3de20fcec887f395ec9a6a', 'usuario', 'usu usu ', 'Mujer', 'Deportista', '654654654'),

('83036202S', 'usuario269', 'f8032d5cae3de20fcec887f395ec9a6a', 'usuario', 'usu usu ', 'Mujer', 'Deportista', '654654654'),
('54039410J', 'usuario270', 'f8032d5cae3de20fcec887f395ec9a6a', 'usuario', 'usu usu ', 'Mujer', 'Deportista', '654654654'),
('30909162Z', 'usuario271', 'f8032d5cae3de20fcec887f395ec9a6a', 'usuario', 'usu usu ', 'Mujer', 'Deportista', '654654654'),
('19018512L', 'usuario272', 'f8032d5cae3de20fcec887f395ec9a6a', 'usuario', 'usu usu ', 'Mujer', 'Deportista', '654654654'),
('61915656R', 'usuario273', 'f8032d5cae3de20fcec887f395ec9a6a', 'usuario', 'usu usu ', 'Mujer', 'Deportista', '654654654'),
('71868854H', 'usuario274', 'f8032d5cae3de20fcec887f395ec9a6a', 'usuario', 'usu usu ', 'Mujer', 'Deportista', '654654654'),
('49570536Q', 'usuario275', 'f8032d5cae3de20fcec887f395ec9a6a', 'usuario', 'usu usu ', 'Mujer', 'Deportista', '654654654'),
('28894416E', 'usuario276', 'f8032d5cae3de20fcec887f395ec9a6a', 'usuario', 'usu usu ', 'Mujer', 'Deportista', '654654654'),

('42510216Y', 'usuario277', 'f8032d5cae3de20fcec887f395ec9a6a', 'usuario', 'usu usu ', 'Mujer', 'Deportista', '654654654'),
('78333548X', 'usuario278', 'f8032d5cae3de20fcec887f395ec9a6a', 'usuario', 'usu usu ', 'Mujer', 'Deportista', '654654654'),
('12177683B', 'usuario279', 'f8032d5cae3de20fcec887f395ec9a6a', 'usuario', 'usu usu ', 'Mujer', 'Deportista', '654654654'),
('41631836L', 'usuario280', 'f8032d5cae3de20fcec887f395ec9a6a', 'usuario', 'usu usu ', 'Mujer', 'Deportista', '654654654'),
('84820401N', 'usuario281', 'f8032d5cae3de20fcec887f395ec9a6a', 'usuario', 'usu usu ', 'Mujer', 'Deportista', '654654654'),
('61585602C', 'usuario282', 'f8032d5cae3de20fcec887f395ec9a6a', 'usuario', 'usu usu ', 'Mujer', 'Deportista', '654654654'),
('70710591N', 'usuario283', 'f8032d5cae3de20fcec887f395ec9a6a', 'usuario', 'usu usu ', 'Mujer', 'Deportista', '654654654'),
('02207427W', 'usuario284', 'f8032d5cae3de20fcec887f395ec9a6a', 'usuario', 'usu usu ', 'Mujer', 'Deportista', '654654654'),

('39141464H', 'usuario285', 'f8032d5cae3de20fcec887f395ec9a6a', 'usuario', 'usu usu ', 'Mujer', 'Deportista', '654654654'),
('99229789S', 'usuario286', 'f8032d5cae3de20fcec887f395ec9a6a', 'usuario', 'usu usu ', 'Mujer', 'Deportista', '654654654'),
('38203637Q', 'usuario287', 'f8032d5cae3de20fcec887f395ec9a6a', 'usuario', 'usu usu ', 'Mujer', 'Deportista', '654654654'),
('93524214G', 'usuario288', 'f8032d5cae3de20fcec887f395ec9a6a', 'usuario', 'usu usu ', 'Mujer', 'Deportista', '654654654'),
('57183097Z', 'usuario289', 'f8032d5cae3de20fcec887f395ec9a6a', 'usuario', 'usu usu ', 'Mujer', 'Deportista', '654654654'),
('05704368T', 'usuario290', 'f8032d5cae3de20fcec887f395ec9a6a', 'usuario', 'usu usu ', 'Mujer', 'Deportista', '654654654'),
('93660423F', 'usuario291', 'f8032d5cae3de20fcec887f395ec9a6a', 'usuario', 'usu usu ', 'Mujer', 'Deportista', '654654654'),
('24218280Q', 'usuario292', 'f8032d5cae3de20fcec887f395ec9a6a', 'usuario', 'usu usu ', 'Mujer', 'Deportista', '654654654'),

('10652659W', 'usuario293', 'f8032d5cae3de20fcec887f395ec9a6a', 'usuario', 'usu usu ', 'Mujer', 'Deportista', '654654654'),
('72304863Q', 'usuario294', 'f8032d5cae3de20fcec887f395ec9a6a', 'usuario', 'usu usu ', 'Mujer', 'Deportista', '654654654'),
('61907178X', 'usuario295', 'f8032d5cae3de20fcec887f395ec9a6a', 'usuario', 'usu usu ', 'Mujer', 'Deportista', '654654654'),
('89235728Y', 'usuario296', 'f8032d5cae3de20fcec887f395ec9a6a', 'usuario', 'usu usu ', 'Mujer', 'Deportista', '654654654'),
('75840956C', 'usuario297', 'f8032d5cae3de20fcec887f395ec9a6a', 'usuario', 'usu usu ', 'Mujer', 'Deportista', '654654654'),
('67727725Q', 'usuario298', 'f8032d5cae3de20fcec887f395ec9a6a', 'usuario', 'usu usu ', 'Mujer', 'Deportista', '654654654'),
('38986942X', 'usuario299', 'f8032d5cae3de20fcec887f395ec9a6a', 'usuario', 'usu usu ', 'Mujer', 'Deportista', '654654654'),
('71127136G', 'usuario300', 'f8032d5cae3de20fcec887f395ec9a6a', 'usuario', 'usu usu ', 'Mujer', 'Deportista', '654654654'),

('08685798D', 'usuario301', 'f8032d5cae3de20fcec887f395ec9a6a', 'usuario', 'usu usu ', 'Mujer', 'Deportista', '654654654'),
('20365838M', 'usuario302', 'f8032d5cae3de20fcec887f395ec9a6a', 'usuario', 'usu usu ', 'Mujer', 'Deportista', '654654654'),
('62904252B', 'usuario303', 'f8032d5cae3de20fcec887f395ec9a6a', 'usuario', 'usu usu ', 'Mujer', 'Deportista', '654654654'),
('36185415K', 'usuario304', 'f8032d5cae3de20fcec887f395ec9a6a', 'usuario', 'usu usu ', 'Mujer', 'Deportista', '654654654'),
('28526539F', 'usuario305', 'f8032d5cae3de20fcec887f395ec9a6a', 'usuario', 'usu usu ', 'Mujer', 'Deportista', '654654654'),
('49609276R', 'usuario306', 'f8032d5cae3de20fcec887f395ec9a6a', 'usuario', 'usu usu ', 'Mujer', 'Deportista', '654654654'),
('80546177Q', 'usuario307', 'f8032d5cae3de20fcec887f395ec9a6a', 'usuario', 'usu usu ', 'Mujer', 'Deportista', '654654654'),
('47700112K', 'usuario308', 'f8032d5cae3de20fcec887f395ec9a6a', 'usuario', 'usu usu ', 'Mujer', 'Deportista', '654654654'),

('18808333Z', 'usuario309', 'f8032d5cae3de20fcec887f395ec9a6a', 'usuario', 'usu usu ', 'Mujer', 'Deportista', '654654654'),
('52864176X', 'usuario310', 'f8032d5cae3de20fcec887f395ec9a6a', 'usuario', 'usu usu ', 'Mujer', 'Deportista', '654654654'),
('32682181D', 'usuario311', 'f8032d5cae3de20fcec887f395ec9a6a', 'usuario', 'usu usu ', 'Mujer', 'Deportista', '654654654'),
('97425586R', 'usuario312', 'f8032d5cae3de20fcec887f395ec9a6a', 'usuario', 'usu usu ', 'Mujer', 'Deportista', '654654654'),
('36857519L', 'usuario313', 'f8032d5cae3de20fcec887f395ec9a6a', 'usuario', 'usu usu ', 'Mujer', 'Deportista', '654654654'),
('38376173Y', 'usuario314', 'f8032d5cae3de20fcec887f395ec9a6a', 'usuario', 'usu usu ', 'Mujer', 'Deportista', '654654654'),
('44153019B', 'usuario315', 'f8032d5cae3de20fcec887f395ec9a6a', 'usuario', 'usu usu ', 'Mujer', 'Deportista', '654654654'),
('74969564Y', 'usuario316', 'f8032d5cae3de20fcec887f395ec9a6a', 'usuario', 'usu usu ', 'Mujer', 'Deportista', '654654654'),

('56498830C', 'usuario317', 'f8032d5cae3de20fcec887f395ec9a6a', 'usuario', 'usu usu ', 'Mujer', 'Deportista', '654654654'),
('77886793F', 'usuario318', 'f8032d5cae3de20fcec887f395ec9a6a', 'usuario', 'usu usu ', 'Mujer', 'Deportista', '654654654'),
('48130739L', 'usuario319', 'f8032d5cae3de20fcec887f395ec9a6a', 'usuario', 'usu usu ', 'Mujer', 'Deportista', '654654654'),
('47747452G', 'usuario320', 'f8032d5cae3de20fcec887f395ec9a6a', 'usuario', 'usu usu ', 'Mujer', 'Deportista', '654654654'),
('27499952W', 'usuario321', 'f8032d5cae3de20fcec887f395ec9a6a', 'usuario', 'usu usu ', 'Mujer', 'Deportista', '654654654'),
('15592666T', 'usuario322', 'f8032d5cae3de20fcec887f395ec9a6a', 'usuario', 'usu usu ', 'Mujer', 'Deportista', '654654654'),
('31168659W', 'usuario323', 'f8032d5cae3de20fcec887f395ec9a6a', 'usuario', 'usu usu ', 'Mujer', 'Deportista', '654654654'),
('90355704C', 'usuario324', 'f8032d5cae3de20fcec887f395ec9a6a', 'usuario', 'usu usu ', 'Mujer', 'Deportista', '654654654'),

('24014720Y', 'usuario325', 'f8032d5cae3de20fcec887f395ec9a6a', 'usuario', 'usu usu ', 'Mujer', 'Deportista', '654654654'),
('81760615P', 'usuario326', 'f8032d5cae3de20fcec887f395ec9a6a', 'usuario', 'usu usu ', 'Mujer', 'Deportista', '654654654'),
('02514048X', 'usuario327', 'f8032d5cae3de20fcec887f395ec9a6a', 'usuario', 'usu usu ', 'Mujer', 'Deportista', '654654654'),
('92985698X', 'usuario328', 'f8032d5cae3de20fcec887f395ec9a6a', 'usuario', 'usu usu ', 'Mujer', 'Deportista', '654654654'),
('63413175J', 'usuario329', 'f8032d5cae3de20fcec887f395ec9a6a', 'usuario', 'usu usu ', 'Mujer', 'Deportista', '654654654'),
('97117340R', 'usuario330', 'f8032d5cae3de20fcec887f395ec9a6a', 'usuario', 'usu usu ', 'Mujer', 'Deportista', '654654654'),
('26733302B', 'usuario331', 'f8032d5cae3de20fcec887f395ec9a6a', 'usuario', 'usu usu ', 'Mujer', 'Deportista', '654654654'),
('12630971S', 'usuario332', 'f8032d5cae3de20fcec887f395ec9a6a', 'usuario', 'usu usu ', 'Mujer', 'Deportista', '654654654'),

('30755029G', 'usuario333', 'f8032d5cae3de20fcec887f395ec9a6a', 'usuario', 'usu usu ', 'Mujer', 'Deportista', '654654654'),
('36393877B', 'usuario334', 'f8032d5cae3de20fcec887f395ec9a6a', 'usuario', 'usu usu ', 'Mujer', 'Deportista', '654654654'),
('99780638Z', 'usuario335', 'f8032d5cae3de20fcec887f395ec9a6a', 'usuario', 'usu usu ', 'Mujer', 'Deportista', '654654654'),
('27578185N', 'usuario336', 'f8032d5cae3de20fcec887f395ec9a6a', 'usuario', 'usu usu ', 'Mujer', 'Deportista', '654654654'),
('82179623W', 'usuario337', 'f8032d5cae3de20fcec887f395ec9a6a', 'usuario', 'usu usu ', 'Mujer', 'Deportista', '654654654'),
('96746840P', 'usuario338', 'f8032d5cae3de20fcec887f395ec9a6a', 'usuario', 'usu usu ', 'Mujer', 'Deportista', '654654654'),
('32628996T', 'usuario339', 'f8032d5cae3de20fcec887f395ec9a6a', 'usuario', 'usu usu ', 'Mujer', 'Deportista', '654654654'),
('01251769V', 'usuario340', 'f8032d5cae3de20fcec887f395ec9a6a', 'usuario', 'usu usu ', 'Mujer', 'Deportista', '654654654');


--
-- Volcado de datos para la tabla `usuarioparejas`
--

INSERT INTO `usuarioparejas` (`Usuario_Dni`, `Pareja_idCampeonato`, `Pareja_Tipo`, `Pareja_Nivel`, `Pareja_NumPareja`) VALUES
('80070728T', 3, 'Masculino', 1, 1),
('78677468B', 3, 'Masculino', 1, 1),
('95777182F', 3, 'Masculino', 1, 2),
('78490815A', 3, 'Masculino', 1, 2),
('89851361K', 3, 'Masculino', 1, 3),
('23938086P', 3, 'Masculino', 1, 3),
('52349890X', 3, 'Masculino', 1, 4),
('52349891X', 3, 'Masculino', 1, 4),
('52349892X', 3, 'Masculino', 1, 5),
('52349893X', 3, 'Masculino', 1, 5),
('52349894X', 3, 'Masculino', 1, 6),
('52349895X', 3, 'Masculino', 1, 6),
('38912547C', 3, 'Masculino', 1, 7),
('44701498D', 3, 'Masculino', 1, 7),
('57804949S', 3, 'Masculino', 1, 8),
('00359456N', 3, 'Masculino', 1, 8),

('45469088C', 3, 'Masculino', 1, 9),
('37570953Q', 3, 'Masculino', 1, 9),
('74663639G', 3, 'Masculino', 1, 10),
('82156546V', 3, 'Masculino', 1, 10),
('56024330X', 3, 'Masculino', 1, 11),
('05898864P', 3, 'Masculino', 1, 11),
('40448300V', 3, 'Masculino', 1, 12),
('13445176C', 3, 'Masculino', 1, 12),
('44483091X', 3, 'Masculino', 1, 13),
('35834906D', 3, 'Masculino', 1, 13),
('50618236C', 3, 'Masculino', 1, 14),
('32786735M', 3, 'Masculino', 1, 14),
('32565019D', 3, 'Masculino', 1, 15),
('88251025W', 3, 'Masculino', 1, 15),
('81513809S', 3, 'Masculino', 1, 16),
('04561455A', 3, 'Masculino', 1, 16),
('29779050F', 3, 'Masculino', 1, 17),
('07077003H', 3, 'Masculino', 1, 17),
('25056499T', 3, 'Masculino', 1, 18),
('12607050Z', 3, 'Masculino', 1, 18),
('69874841J', 3, 'Masculino', 1, 19),
('50157177L', 3, 'Masculino', 1, 19),
('37932435F', 3, 'Masculino', 1, 20),
('35548048F', 3, 'Masculino', 1, 20),
('89777657D', 3, 'Masculino', 1, 21),
('57191504A', 3, 'Masculino', 1, 21),

('61233894M', 3, 'Masculino', 1, 22),
('91971188F', 3, 'Masculino', 1, 22),
('36426773V', 3, 'Masculino', 1, 23),
('54841896Y', 3, 'Masculino', 1, 23),
('42868137R', 3, 'Masculino', 1, 24),
('46578649S', 3, 'Masculino', 1, 24),
('11940678K', 3, 'Masculino', 1, 25),
('36571256Z', 3, 'Masculino', 1, 25),
('17685270H', 3, 'Masculino', 1, 26),
('38832081P', 3, 'Masculino', 1, 26),
('85632192H', 3, 'Masculino', 1, 27),
('92560718R', 3, 'Masculino', 1, 27),
('37823374N', 3, 'Masculino', 1, 28),
('18661815Y', 3, 'Masculino', 1, 28),
('25113967Z', 3, 'Masculino', 1, 29),
('88562214R', 3, 'Masculino', 1, 29),
('43537763M', 3, 'Masculino', 1, 30),
('82592431Y', 3, 'Masculino', 1, 30),
('85947364K', 3, 'Masculino', 1, 31),
('66676536L', 3, 'Masculino', 1, 31),
('92597063Y', 3, 'Masculino', 1, 32),
('27121905Y', 3, 'Masculino', 1, 32),
('80829720S', 3, 'Masculino', 1, 33),
('92393863B', 3, 'Masculino', 1, 33),
('23153718D', 3, 'Masculino', 1, 34),
('08169083N', 3, 'Masculino', 1, 34),

('66608158C', 3, 'Masculino', 1, 35),
('53644402F', 3, 'Masculino', 1, 35),
('75880878Z', 3, 'Masculino', 1, 36),
('22563967R', 3, 'Masculino', 1, 36),
('16116911Y', 3, 'Masculino', 1, 37),
('05958241E', 3, 'Masculino', 1, 37),
('27130795H', 3, 'Masculino', 1, 38),
('28655833H', 3, 'Masculino', 1, 38),
('62455018J', 3, 'Masculino', 1, 39),
('28995736G', 3, 'Masculino', 1, 39),
('99547522A', 3, 'Masculino', 1, 40),
('05217917E', 3, 'Masculino', 1, 40),
('84819624V', 3, 'Masculino', 1, 41),
('26958571H', 3, 'Masculino', 1, 41),
('30959193C', 3, 'Masculino', 1, 42),
('10337157Z', 3, 'Masculino', 1, 42),
('81716664X', 3, 'Masculino', 1, 43),
('75379046L', 3, 'Masculino', 1, 43),
('42792454B', 3, 'Masculino', 1, 44),
('78938819J', 3, 'Masculino', 1, 44),
('67472753E', 3, 'Masculino', 1, 45),
('76250341M', 3, 'Masculino', 1, 45),
('67876168V', 3, 'Masculino', 1, 46),
('98491991B', 3, 'Masculino', 1, 46),
('39972383Q', 3, 'Masculino', 1, 47),
('24758439C', 3, 'Masculino', 1, 47),

('73809123F', 3, 'Masculino', 1, 48),
('59039913V', 3, 'Masculino', 1, 48),
('23942097V', 3, 'Masculino', 1, 49),
('59847875N', 3, 'Masculino', 1, 49),
('70120643Z', 3, 'Masculino', 1, 50),
('31630463N', 3, 'Masculino', 1, 50),
('41429648R', 3, 'Masculino', 1, 51),
('66210896Z', 3, 'Masculino', 1, 51),
('14401740Z', 3, 'Masculino', 1, 52),
('95230766W', 3, 'Masculino', 1, 52),
('31825918J', 3, 'Masculino', 1, 53),
('53268521S', 3, 'Masculino', 1, 53),
('03503730W', 3, 'Masculino', 1, 54),
('62187339P', 3, 'Masculino', 1, 54),
('35289444S', 3, 'Masculino', 1, 55),
('72875498K', 3, 'Masculino', 1, 55),
('41922675T', 3, 'Masculino', 1, 56),
('03755562F', 3, 'Masculino', 1, 56),
('11981305F', 3, 'Masculino', 1, 57),
('51143419K', 3, 'Masculino', 1, 57),
('84742584G', 3, 'Masculino', 1, 58),
('59062371G', 3, 'Masculino', 1, 58),
('92758059W', 3, 'Masculino', 1, 59),
('95099262N', 3, 'Masculino', 1, 59),
('29758189F', 3, 'Masculino', 1, 60),
('80818456K', 3, 'Masculino', 1, 60),

('95759529H', 3, 'Masculino', 1, 61),
('70436827V', 3, 'Masculino', 1, 61),
('11658748W', 3, 'Masculino', 1, 62),
('37085102V', 3, 'Masculino', 1, 62),
('45360831R', 3, 'Masculino', 1, 63),
('06406676A', 3, 'Masculino', 1, 63),
('68512189L', 3, 'Masculino', 1, 64),
('68603269L', 3, 'Masculino', 1, 64),
('07499505X', 3, 'Masculino', 1, 65),
('73113683H', 3, 'Masculino', 1, 65),
('00058208H', 3, 'Masculino', 1, 66),
('40333777B', 3, 'Masculino', 1, 66),
('08825685X', 3, 'Masculino', 1, 67),
('01075915K', 3, 'Masculino', 1, 67),
('67587565H', 3, 'Masculino', 1, 68),
('98718831W', 3, 'Masculino', 1, 68),
('44122808E', 3, 'Masculino', 1, 69),
('73173591B', 3, 'Masculino', 1, 69),
('19247002G', 3, 'Masculino', 1, 70),
('66664596Q', 3, 'Masculino', 1, 70),
('20620577L', 3, 'Masculino', 1, 71),
('02499742X', 3, 'Masculino', 1, 71),
('86628976M', 3, 'Masculino', 1, 72),
('53126908J', 3, 'Masculino', 1, 72),
('43166687B', 3, 'Masculino', 1, 73),
('90572155H', 3, 'Masculino', 1, 73),

('05539519S', 3, 'Masculino', 1, 74),
('17232758P', 3, 'Masculino', 1, 74),
('59852611X', 3, 'Masculino', 1, 75),
('33244805F', 3, 'Masculino', 1, 75),
('56852207W', 3, 'Masculino', 1, 76),
('62431406E', 3, 'Masculino', 1, 76),
('53973802R', 3, 'Masculino', 1, 77),
('12550512X', 3, 'Masculino', 1, 77),
('34752423K', 3, 'Masculino', 1, 78),
('11027982B', 3, 'Masculino', 1, 78),
('03466420K', 3, 'Masculino', 1, 79),
('44892924Y', 3, 'Masculino', 1, 79),
('28353507G', 3, 'Masculino', 1, 80),
('57098671K', 3, 'Masculino', 1, 80),
('24290775S', 3, 'Masculino', 1, 81),
('82249826D', 3, 'Masculino', 1, 81),
('89038914A', 3, 'Masculino', 1, 82),
('27063292C', 3, 'Masculino', 1, 82),
('59529910E', 3, 'Masculino', 1, 83),
('89459595Z', 3, 'Masculino', 1, 83),
('49838129G', 3, 'Masculino', 1, 84),
('36937290A', 3, 'Masculino', 1, 84),
('74836435R', 3, 'Masculino', 1, 85),
('57607279F', 3, 'Masculino', 1, 85),
('97678836K', 3, 'Masculino', 1, 86),
('36945362W', 3, 'Masculino', 1, 86),

('37647319E', 3, 'Masculino', 1, 87),
('09379283K', 3, 'Masculino', 1, 87),
('88350161P', 3, 'Masculino', 1, 88),
('18803863Y', 3, 'Masculino', 1, 88),
('79687786P', 3, 'Masculino', 1, 89),
('09417494Y', 3, 'Masculino', 1, 89),
('86875636J', 3, 'Masculino', 1, 90),
('42138814P', 3, 'Masculino', 1, 90),
('18987868B', 3, 'Masculino', 1, 91),
('69856163B', 3, 'Masculino', 1, 91),
('51784493Q', 3, 'Masculino', 1, 92),
('67241827Q', 3, 'Masculino', 1, 92),
('54121367K', 3, 'Masculino', 1, 93),
('58499183V', 3, 'Masculino', 1, 93),
('34154369J', 3, 'Masculino', 1, 94),
('45434828F', 3, 'Masculino', 1, 94),
('46787159F', 3, 'Masculino', 1, 95),
('01789972C', 3, 'Masculino', 1, 95),
('43403750J', 3, 'Masculino', 1, 96),
('49620426L', 3, 'Masculino', 1, 96);
/*
('00890506S', 3, 'Masculino', 1, 97),
('93484445W', 3, 'Masculino', 1, 97),
('12061688M', 3, 'Masculino', 1, 98),
('61329701V', 3, 'Masculino', 1, 98),
('25473317N', 3, 'Masculino', 1, 99),
('76446367W', 3, 'Masculino', 1, 99),

('37981503Q', 3, 'Masculino', 1, 100),
('51709392X', 3, 'Masculino', 1, 100),
('14041352J', 3, 'Masculino', 1, 101),
('00675948R', 3, 'Masculino', 1, 101),
('07409722L', 3, 'Masculino', 1, 102),
('05593241D', 3, 'Masculino', 1, 102),
('23641099C', 3, 'Masculino', 1, 103),
('04735950C', 3, 'Masculino', 1, 103),
('11906729C', 3, 'Masculino', 1, 104),
('61061960L', 3, 'Masculino', 1, 104),
('78305909V', 3, 'Masculino', 1, 105),
('97318743Q', 3, 'Masculino', 1, 105),
('70873828H', 3, 'Masculino', 1, 106),
('97237718C', 3, 'Masculino', 1, 106),
('08357122A', 3, 'Masculino', 1, 107),
('22951044B', 3, 'Masculino', 1, 107),
('89122695H', 3, 'Masculino', 1, 108),
('92810958R', 3, 'Masculino', 1, 108),
('84987297C', 3, 'Masculino', 1, 109),
('65128122B', 3, 'Masculino', 1, 109),
('64639618G', 3, 'Masculino', 1, 110),
('83758331J', 3, 'Masculino', 1, 110),
('49332241R', 3, 'Masculino', 1, 111),
('21549236F', 3, 'Masculino', 1, 111),
('38383345W', 3, 'Masculino', 1, 112),
('09789679M', 3, 'Masculino', 1, 112);*/


--
-- Volcado de datos para la tabla `campeonato`
--

INSERT INTO `campeonato` (`IdCampeonato`, `FechaIni`, `HoraIni`, `FechaFin`, `HoraFin`) VALUES
(1, '2018-10-23', '09:00:00', '2018-10-31', '23:00:00'),
(2, '2018-10-25', '10:00:00', '2018-10-27', '23:00:00'),
(3, '2018-10-29', '12:21:00', '2018-11-08', '12:21:00');

--
-- Volcado de datos para la tabla `inscripcionpromociones`
--

INSERT INTO `inscripcionpromociones` (`Usuario_Dni`, `Promociones_Fecha`, `Promociones_Hora`) VALUES
('72070206H', '2018-10-23', '16:00'),
('50890587M', '2018-10-23', '12:30');

--
-- Volcado de datos para la tabla `pista`
--

INSERT INTO `pista` (`idPista`, `Fecha`, `Hora`, `Disponibilidad`) VALUES
(1, '2018-10-23', '11:00', 1),
(1, '2018-10-23', '12:30', 1),
(1, '2018-10-23', '16:00', 1),
(1, '2018-10-23', '17:30', 1),
(1, '2018-10-23', '19:00', 1),
(1, '2018-10-23', '20:30', 1),
(1, '2018-10-23', '22:00', 1),
(1, '2018-10-24', '11:00', 1),
(1, '2018-10-24', '12:30', 1),
(1, '2018-10-24', '16:00', 1),
(1, '2018-10-24', '17:30', 1),
(1, '2018-10-24', '19:00', 1),
(1, '2018-10-24', '20:30', 1),
(1, '2018-10-24', '22:00', 1),
(1, '2018-10-25', '11:00', 1),
(1, '2018-10-25', '12:30', 1),
(1, '2018-10-25', '16:00', 1),
(1, '2018-10-25', '17:30', 1),
(1, '2018-10-25', '19:00', 1),
(1, '2018-10-25', '20:30', 1),
(1, '2018-10-25', '22:00', 1),
(1, '2018-10-26', '11:00', 1),
(1, '2018-10-26', '12:30', 1),
(1, '2018-10-26', '16:00', 1),
(1, '2018-10-26', '17:30', 1),
(1, '2018-10-26', '19:00', 1),
(1, '2018-10-26', '20:30', 1),
(1, '2018-10-26', '22:00', 1),
(1, '2018-10-27', '11:00', 1),
(1, '2018-10-27', '12:30', 1),
(1, '2018-10-27', '16:00', 1),
(1, '2018-10-27', '17:30', 1),
(1, '2018-10-27', '19:00', 1),
(1, '2018-10-27', '20:30', 1),
(1, '2018-10-27', '22:00', 1),
(1, '2018-10-28', '11:00', 1),
(1, '2018-10-28', '12:30', 1),
(1, '2018-10-28', '16:00', 1),
(1, '2018-10-28', '17:30', 1),
(1, '2018-10-28', '19:00', 1),
(1, '2018-10-28', '20:30', 1),
(1, '2018-10-28', '22:00', 1),
(1, '2018-10-29', '11:00', 1),
(1, '2018-10-29', '12:30', 1),
(1, '2018-10-29', '16:00', 1),
(1, '2018-10-29', '17:30', 1),
(1, '2018-10-29', '19:00', 1),
(1, '2018-10-29', '20:30', 1),
(1, '2018-10-29', '22:00', 1),
(2, '2018-10-23', '11:00', 1),
(2, '2018-10-23', '12:30', 1),
(2, '2018-10-23', '16:00', 1),
(2, '2018-10-23', '17:30', 1),
(2, '2018-10-23', '19:00', 1),
(2, '2018-10-23', '20:30', 1),
(2, '2018-10-23', '22:00', 1),
(2, '2018-10-24', '11:00', 1),
(2, '2018-10-24', '12:30', 1),
(2, '2018-10-24', '16:00', 1),
(2, '2018-10-24', '17:30', 1),
(2, '2018-10-24', '19:00', 1),
(2, '2018-10-24', '20:30', 1),
(2, '2018-10-24', '22:00', 1),
(2, '2018-10-25', '11:00', 1),
(2, '2018-10-25', '12:30', 1),
(2, '2018-10-25', '16:00', 1),
(2, '2018-10-25', '17:30', 1),
(2, '2018-10-25', '19:00', 1),
(2, '2018-10-25', '20:30', 1),
(2, '2018-10-25', '22:00', 1),
(2, '2018-10-26', '11:00', 1),
(2, '2018-10-26', '12:30', 1),
(2, '2018-10-26', '16:00', 1),
(2, '2018-10-26', '17:30', 1),
(2, '2018-10-26', '19:00', 1),
(2, '2018-10-26', '20:30', 1),
(2, '2018-10-26', '22:00', 1),
(2, '2018-10-27', '11:00', 1),
(2, '2018-10-27', '12:30', 1),
(2, '2018-10-27', '16:00', 1),
(2, '2018-10-27', '17:30', 1),
(2, '2018-10-27', '19:00', 1),
(2, '2018-10-27', '20:30', 1),
(2, '2018-10-27', '22:00', 1),
(2, '2018-10-28', '11:00', 1),
(2, '2018-10-28', '12:30', 1),
(2, '2018-10-28', '16:00', 1),
(2, '2018-10-28', '17:30', 1),
(2, '2018-10-28', '19:00', 1),
(2, '2018-10-28', '20:30', 1),
(2, '2018-10-28', '22:00', 1),
(2, '2018-10-29', '11:00', 1),
(2, '2018-10-29', '12:30', 1),
(2, '2018-10-29', '16:00', 1),
(2, '2018-10-29', '17:30', 1),
(2, '2018-10-29', '19:00', 1),
(2, '2018-10-29', '20:30', 1),
(2, '2018-10-29', '22:00', 1),
(3, '2018-10-23', '11:00', 1),
(3, '2018-10-23', '12:30', 1),
(3, '2018-10-23', '16:00', 1),
(3, '2018-10-23', '17:30', 1),
(3, '2018-10-23', '19:00', 1),
(3, '2018-10-23', '20:30', 1),
(3, '2018-10-23', '22:00', 1),
(3, '2018-10-24', '11:00', 1),
(3, '2018-10-24', '12:30', 1),
(3, '2018-10-24', '16:00', 1),
(3, '2018-10-24', '17:30', 1),
(3, '2018-10-24', '19:00', 1),
(3, '2018-10-24', '20:30', 1),
(3, '2018-10-24', '22:00', 1),
(3, '2018-10-25', '11:00', 1),
(3, '2018-10-25', '12:30', 1),
(3, '2018-10-25', '16:00', 1),
(3, '2018-10-25', '17:30', 1),
(3, '2018-10-25', '19:00', 1),
(3, '2018-10-25', '20:30', 1),
(3, '2018-10-25', '22:00', 1),
(3, '2018-10-26', '11:00', 1),
(3, '2018-10-26', '12:30', 1),
(3, '2018-10-26', '16:00', 1),
(3, '2018-10-26', '17:30', 1),
(3, '2018-10-26', '19:00', 1),
(3, '2018-10-26', '20:30', 1),
(3, '2018-10-26', '22:00', 1),
(3, '2018-10-27', '11:00', 1),
(3, '2018-10-27', '12:30', 1),
(3, '2018-10-27', '16:00', 1),
(3, '2018-10-27', '17:30', 1),
(3, '2018-10-27', '19:00', 1),
(3, '2018-10-27', '20:30', 1),
(3, '2018-10-27', '22:00', 1),
(3, '2018-10-28', '11:00', 1),
(3, '2018-10-28', '12:30', 1),
(3, '2018-10-28', '16:00', 1),
(3, '2018-10-28', '17:30', 1),
(3, '2018-10-28', '19:00', 1),
(3, '2018-10-28', '20:30', 1),
(3, '2018-10-28', '22:00', 1),
(3, '2018-10-29', '11:00', 1),
(3, '2018-10-29', '12:30', 1),
(3, '2018-10-29', '16:00', 1),
(3, '2018-10-29', '17:30', 1),
(3, '2018-10-29', '19:00', 1),
(3, '2018-10-29', '20:30', 1),
(3, '2018-10-29', '22:00', 1),
(4, '2018-10-23', '11:00', 1),
(4, '2018-10-23', '12:30', 1),
(4, '2018-10-23', '16:00', 1),
(4, '2018-10-23', '17:30', 1),
(4, '2018-10-23', '19:00', 1),
(4, '2018-10-23', '20:30', 1),
(4, '2018-10-23', '22:00', 1),
(4, '2018-10-24', '11:00', 1),
(4, '2018-10-24', '12:30', 1),
(4, '2018-10-24', '16:00', 1),
(4, '2018-10-24', '17:30', 1),
(4, '2018-10-24', '19:00', 1),
(4, '2018-10-24', '20:30', 1),
(4, '2018-10-24', '22:00', 1),
(4, '2018-10-25', '11:00', 1),
(4, '2018-10-25', '12:30', 1),
(4, '2018-10-25', '16:00', 1),
(4, '2018-10-25', '17:30', 1),
(4, '2018-10-25', '19:00', 1),
(4, '2018-10-25', '20:30', 1),
(4, '2018-10-25', '22:00', 1),
(4, '2018-10-26', '11:00', 1),
(4, '2018-10-26', '12:30', 1),
(4, '2018-10-26', '16:00', 1),
(4, '2018-10-26', '17:30', 1),
(4, '2018-10-26', '19:00', 1),
(4, '2018-10-26', '20:30', 1),
(4, '2018-10-26', '22:00', 1),
(4, '2018-10-27', '11:00', 1),
(4, '2018-10-27', '12:30', 1),
(4, '2018-10-27', '16:00', 1),
(4, '2018-10-27', '17:30', 1),
(4, '2018-10-27', '19:00', 1),
(4, '2018-10-27', '20:30', 1),
(4, '2018-10-27', '22:00', 1),
(4, '2018-10-28', '11:00', 1),
(4, '2018-10-28', '12:30', 1),
(4, '2018-10-28', '16:00', 1),
(4, '2018-10-28', '17:30', 1),
(4, '2018-10-28', '19:00', 1),
(4, '2018-10-28', '20:30', 1),
(4, '2018-10-28', '22:00', 1),
(4, '2018-10-29', '11:00', 1),
(4, '2018-10-29', '12:30', 1),
(4, '2018-10-29', '16:00', 1),
(4, '2018-10-29', '17:30', 1),
(4, '2018-10-29', '19:00', 1),
(4, '2018-10-29', '20:30', 1),
(4, '2018-10-29', '22:00', 1);

--
-- Volcado de datos para la tabla `promociones`
--

INSERT INTO `promociones` (`Fecha`, `Hora`) VALUES
('2018-10-23', '12:30'),
('2018-10-23', '16:00');

--
-- Volcado de datos para la tabla `reserva`
--

INSERT INTO `reserva` (`Usuario_Dni`, `Pista_idPista`, `Pista_Fecha`, `Pista_Hora`) VALUES
('52349896X', 1, '2018-10-23', '11:00'),
('50890587M', 1, '2018-10-23', '17:30');
/*
INSERT INTO `enfrentamiento` (`IdCampeonato`, `Tipo`, `Nivel`, `Letra`, `NumEnfrentamiento`, `NumPareja`, `Resultado`,`EstadoPropuesta`) VALUES
;
 */
 
SET SQL_MODE=@OLD_SQL_MODE;
SET FOREIGN_KEY_CHECKS=@OLD_FOREIGN_KEY_CHECKS;
SET UNIQUE_CHECKS=@OLD_UNIQUE_CHECKS;
